image_name,label,noisy_label
1801019306_1542533000.jpg,13,13
1850927850_668152000.jpg,3,1
2026196786_3947897000.jpg,0,5
2271882818_3909842000.jpg,7,7
2327570466_3027662000.jpg,3,3
2420463905_4137161000.jpg,3,0
3285676668_3203442000.jpg,12,13
3343073138_2816619000.jpg,6,6
3384774047_3838778000.jpg,3,3
358037283_1079407000.jpg,3,3
4125262432_4178871000.jpg,9,9
4274494980_307965000.jpg,0,0
621752951_3673337000.jpg,1,1
74385214_683650000.jpg,11,11
861944912_2651560000.jpg,4,0
995191372_897162000.jpg,8,8
1097039839_2321179001.jpg,13,13
1224970287_2190540001.jpg,6,6
1454713050_3442024001.jpg,5,5
1623039443_1117607001.jpg,13,13
1730293651_492750001.jpg,10,10
1947665313_2672021001.jpg,8,8
209502610_1341998001.jpg,12,11
2231769714_406456001.jpg,5,2
2308708349_2318974001.jpg,9,9
2367588194_4194263001.jpg,10,10
2456489158_3555828001.jpg,11,11
2474920696_2261529001.jpg,11,2
2742347022_3332233001.jpg,8,12
2810427867_2510544001.jpg,9,6
3016355575_1385145001.jpg,5,12
3143502912_670343001.jpg,5,12
3255742779_2450798001.jpg,4,4
3286019634_326678001.jpg,8,6
3319948967_180024001.jpg,10,10
3693940275_923440001.jpg,0,0
385109155_3880591001.jpg,1,1
3868483345_3623143001.jpg,8,8
4116425668_1439547001.jpg,10,10
4122821628_623109001.jpg,4,11
494437449_4269956001.jpg,13,13
643344873_1278316001.jpg,13,13
724742546_4137814001.jpg,12,11
778413864_3245096001.jpg,13,13
1356022067_2937002.jpg,7,7
1378818752_1269141002.jpg,11,11
1543636288_1726778002.jpg,10,2
1629502668_1844795002.jpg,8,8
1638684155_978408002.jpg,8,7
2039099360_3395291002.jpg,0,5
2244869268_3902963002.jpg,12,11
23108239_1777422002.jpg,10,10
236373_522834002.jpg,1,1
2806622771_3020135002.jpg,10,10
2920028779_2638699002.jpg,12,12
3006028225_2027354002.jpg,9,6
3019077828_2579862002.jpg,5,5
3343673554_740157002.jpg,8,8
3361151257_2264667002.jpg,10,10
3443030304_2157577002.jpg,1,1
3640174378_2574218002.jpg,9,9
37961580_2787637002.jpg,9,9
3868000434_2077364002.jpg,1,1
3985447969_845835002.jpg,9,5
4065787164_2058602002.jpg,4,2
421767647_1693810002.jpg,9,9
66461094_446980002.jpg,6,8
777216276_3338314002.jpg,8,8
956543218_3027199002.jpg,3,3
1084191078_1716677003.jpg,13,13
1274630938_2011585003.jpg,11,3
1288260309_1457002003.jpg,9,9
1362363_3910309003.jpg,9,9
1527472913_411328003.jpg,10,10
1592979827_2695592003.jpg,11,2
169166554_1888341003.jpg,12,11
1824447322_3583845003.jpg,13,13
1828012724_2375856003.jpg,8,8
2155189314_140963003.jpg,13,13
2359960615_2405464003.jpg,10,10
2384615193_2580901003.jpg,4,1
2797267684_2215230003.jpg,3,1
3209051918_43856003.jpg,11,3
3351923448_3546255003.jpg,1,1
3438383298_4090025003.jpg,4,4
3821522863_4076819003.jpg,4,2
4078135321_2671413003.jpg,6,9
537982257_830717003.jpg,3,0
548226944_1878756003.jpg,0,0
558128437_2276691003.jpg,7,6
670898073_2317983003.jpg,13,13
715070416_746405003.jpg,10,10
992812165_1641715003.jpg,12,13
1294590691_1533227004.jpg,10,10
1349039165_2617893004.jpg,3,3
1389026815_2156181004.jpg,11,11
147521077_3637828004.jpg,11,11
2004225987_3849941004.jpg,4,2
2007250392_2122762004.jpg,8,5
2008104504_2868954004.jpg,9,9
2048251678_514982004.jpg,3,1
2071982207_1319108004.jpg,11,11
2216105158_1524659004.jpg,0,0
2224633198_1863333004.jpg,10,10
2303634708_178687004.jpg,9,0
2313673161_1746876004.jpg,8,8
2448639386_3597308004.jpg,5,1
2565931815_2549844004.jpg,10,10
2642884342_2114583004.jpg,4,0
2717968196_3140302004.jpg,5,5
2894847959_3400282004.jpg,11,11
295283790_1091830004.jpg,3,11
324208704_3091383004.jpg,13,1
3448210536_4092249004.jpg,10,3
3448903589_2081101004.jpg,10,10
3535646949_2566869004.jpg,10,10
3572186125_3762677004.jpg,12,0
3618146163_831378004.jpg,11,2
3848383933_3667476004.jpg,9,6
3899295199_65893004.jpg,0,4
39234599_3027257004.jpg,2,4
545924067_728509004.jpg,13,12
634771630_2514517004.jpg,8,13
106742655_4016800005.jpg,1,1
1144533863_2456891005.jpg,9,9
133913273_1777055005.jpg,0,5
134012507_4137764005.jpg,10,10
1398721448_2847757005.jpg,10,2
1411497748_2196351005.jpg,13,5
1448651223_2378726005.jpg,3,1
2088604239_3776237005.jpg,1,1
2277738276_1721747005.jpg,13,13
2737469384_3561378005.jpg,13,13
2754036129_1683951005.jpg,9,9
2885355061_2588530005.jpg,4,11
2993344693_1363522005.jpg,13,13
30104564_4213109005.jpg,1,1
3271141254_1722484005.jpg,2,11
3611718320_3563980005.jpg,2,2
3675063118_668487005.jpg,13,13
3691266000_3532778005.jpg,13,13
3709075451_713410005.jpg,2,0
3825616141_3022173005.jpg,10,10
3849679620_3385610005.jpg,3,3
4037199631_1860496005.jpg,13,13
4289729_1383249005.jpg,3,1
576674411_3157358005.jpg,13,0
685527225_816157005.jpg,4,2
967762900_1906171005.jpg,0,0
1349156381_3320750006.jpg,13,13
1561587124_989911006.jpg,1,0
1586351242_951889006.jpg,9,7
1666922980_3020919006.jpg,1,1
2303516284_3387945006.jpg,8,8
2407534735_3556257006.jpg,3,3
2450820331_1284815006.jpg,5,2
2571387188_2345856006.jpg,5,5
2593666628_2768319006.jpg,9,9
2616704959_1882277006.jpg,13,13
2652352856_223454006.jpg,1,1
3054196285_1147695006.jpg,2,2
3085869337_2090615006.jpg,13,11
3336148096_1127683006.jpg,7,7
3344672084_1171834006.jpg,5,5
3398315896_3516787006.jpg,6,6
34352213_3269092006.jpg,7,6
3657700841_2477399006.jpg,12,12
1079744565_2385649007.jpg,8,8
1127512390_1809592007.jpg,13,13
1269650370_3272836007.jpg,0,4
1338820007_1601378007.jpg,9,6
139777556_2275734007.jpg,4,2
1485301636_1757232007.jpg,9,9
1597697510_1371870007.jpg,1,1
2247701022_1796870007.jpg,11,11
2367308179_3569480007.jpg,5,5
2425613945_1494487007.jpg,12,13
2447321162_2301562007.jpg,8,8
2542817376_2112633007.jpg,0,0
2555148628_1109168007.jpg,9,9
288641574_3011688007.jpg,4,2
2939960358_1980998007.jpg,3,1
3167414032_457357007.jpg,5,5
3491732340_1073486007.jpg,9,9
3617039321_1590341007.jpg,1,1
3622999718_1938767007.jpg,6,7
3874539726_2087902007.jpg,12,12
3899186188_234573007.jpg,3,1
4141508322_1259260007.jpg,6,7
593743961_227607007.jpg,0,11
1347970940_1690597008.jpg,8,6
13563003_2437455008.jpg,9,9
1373487822_4264030008.jpg,8,8
1527096481_1034735008.jpg,5,6
1793204601_2476230008.jpg,10,10
2039230333_296034008.jpg,3,3
2056426779_3103251008.jpg,13,12
2104860400_3336812008.jpg,6,6
2111870394_257667008.jpg,13,13
2134721756_1345353008.jpg,11,11
2146293098_2346770008.jpg,1,7
2256537210_3425774008.jpg,9,9
2364167486_2702577008.jpg,9,7
256823199_1177242008.jpg,8,7
2622962031_2439274008.jpg,12,12
2684850755_1981826008.jpg,10,10
2752434726_2971535008.jpg,9,6
3136636231_1499254008.jpg,1,1
3416716070_796552008.jpg,4,2
3438236693_3331199008.jpg,12,11
3583241148_87388008.jpg,13,13
3757901479_3263031008.jpg,5,5
3878389225_2146511008.jpg,13,13
3927826690_2082786008.jpg,9,9
3941241321_2550316008.jpg,12,11
3974283929_85691008.jpg,11,11
484181672_2354756008.jpg,1,11
796362044_1557259008.jpg,1,1
806446102_3041995008.jpg,13,13
851981919_271590008.jpg,9,9
968647928_2352301008.jpg,5,5
1127957309_1241525009.jpg,5,5
1373823803_3880177009.jpg,11,11
1746000375_2481559009.jpg,4,2
1786097233_3995664009.jpg,0,2
1939669803_1324444009.jpg,9,9
2073387054_1810163009.jpg,0,0
2649116083_4126650009.jpg,9,9
2699876395_3574126009.jpg,6,6
30105528_2190999009.jpg,2,4
3094415881_3370137009.jpg,5,1
3423643188_2037099009.jpg,12,12
3678983349_754006009.jpg,3,0
3805747191_2453336009.jpg,0,0
3822934443_3329879009.jpg,4,2
3829713475_3181151009.jpg,9,9
4026181527_671761009.jpg,4,2
4244147373_3309899009.jpg,13,0
76973719_2851176009.jpg,9,9
1064650561_457546010.jpg,3,3
1147540667_2626537010.jpg,13,13
1165438681_3673345010.jpg,12,12
1600201294_2875178010.jpg,0,0
1745457913_135430010.jpg,13,13
1813918984_3972195010.jpg,4,0
1868928075_1628816010.jpg,7,7
1972820813_2924932010.jpg,9,9
2195522244_2793373010.jpg,12,11
2390853492_3286085010.jpg,3,12
2509403975_1442714010.jpg,3,3
2717356953_822010010.jpg,6,6
325298869_1544533010.jpg,6,8
3286611782_2670982010.jpg,11,6
3368172523_110533010.jpg,12,12
3685280941_2484709010.jpg,8,8
3801850607_218300010.jpg,3,11
3979104154_3697380010.jpg,13,12
4045195407_3568625010.jpg,13,13
4116821697_3004147010.jpg,3,3
4195395673_3185077010.jpg,13,13
4259210683_3239320010.jpg,4,2
852142111_3665144010.jpg,3,3
1078523641_686779011.jpg,5,5
1244737490_547297011.jpg,9,9
1528650802_702581011.jpg,8,8
1727997694_883985011.jpg,12,11
2073122272_79872011.jpg,6,6
2284770839_446927011.jpg,5,5
2487473327_2512476011.jpg,6,8
2740647368_333691011.jpg,8,8
2831108955_148011.jpg,8,12
2952653744_2576269011.jpg,5,5
3186165846_1850031011.jpg,13,6
3702758229_1396279011.jpg,0,0
3848675887_3766300011.jpg,3,3
4174236997_1581065011.jpg,9,7
4275284607_1109332011.jpg,9,11
450995164_3460856011.jpg,5,5
538949989_3904530011.jpg,12,11
551816024_2405364011.jpg,12,12
813437696_869672011.jpg,8,6
896401708_2777229011.jpg,5,2
1230463251_4258348012.jpg,9,9
1265791746_3519723012.jpg,12,3
1369262182_2135379012.jpg,11,11
1466785061_2109044012.jpg,0,3
1513096974_3029433012.jpg,1,1
2240189585_1963920012.jpg,7,1
2331936285_2289605012.jpg,10,10
2339544486_335074012.jpg,3,1
2609407652_3970147012.jpg,2,2
2710217264_4090971012.jpg,3,11
3448030833_2491183012.jpg,7,7
3483308966_599553012.jpg,9,11
359105274_1031209012.jpg,12,13
3670852365_3049046012.jpg,1,1
3728003_321409012.jpg,10,10
390712337_3462221012.jpg,9,9
4051042956_1015481012.jpg,3,3
4130885426_4153579012.jpg,13,13
4260024756_1410110012.jpg,3,1
504379846_734041012.jpg,10,10
1136396278_1798454013.jpg,0,0
1159387839_3720766013.jpg,8,8
1270166967_3037368013.jpg,1,1
1314412781_501991013.jpg,5,5
1318968043_2316346013.jpg,9,9
1580062668_2852944013.jpg,6,6
1596947004_3887890013.jpg,9,9
1783912067_1574838013.jpg,3,3
1858887988_3422877013.jpg,6,9
190239352_346921013.jpg,3,0
2071961361_2659607013.jpg,8,8
2212998136_2152369013.jpg,4,11
2325957837_4011438013.jpg,7,7
2330960714_1554529013.jpg,4,2
237610263_3454977013.jpg,8,6
2514022914_4233642013.jpg,0,0
2536007124_2163089013.jpg,1,1
2755821816_2381842013.jpg,12,0
2871991553_2070380013.jpg,13,12
3166545220_3666184013.jpg,1,1
515087295_629403013.jpg,4,2
579150235_2292087013.jpg,3,1
965207215_3468540013.jpg,1,1
1041475470_2825080014.jpg,11,11
1389925664_4060770014.jpg,3,3
1570242222_267460014.jpg,4,0
1782278660_976317014.jpg,5,5
2073224721_3594318014.jpg,11,0
2314972798_3926234014.jpg,4,2
2686177772_3212462014.jpg,9,9
3130877350_2506887014.jpg,8,7
3204734991_2607065014.jpg,0,2
3470503984_3369717014.jpg,9,7
3647362641_753462014.jpg,11,11
376334535_165012014.jpg,9,9
3936617297_2123137014.jpg,10,10
3952925285_4159846014.jpg,10,10
398335430_3496829014.jpg,8,6
561576913_670811014.jpg,2,0
741062984_3907201014.jpg,0,0
1071073103_2836819015.jpg,0,0
1141660258_526921015.jpg,11,11
1417669988_3399284015.jpg,11,11
1458478689_294801015.jpg,0,2
1677629119_3444793015.jpg,12,11
1828777494_4091170015.jpg,8,7
2007535994_3365694015.jpg,7,6
2029538553_3345645015.jpg,6,8
2030588353_69228015.jpg,10,10
2153859240_2766805015.jpg,5,5
2242457748_3343023015.jpg,1,11
2249626997_3850975015.jpg,13,13
2298767937_2605656015.jpg,5,5
2526652906_101414015.jpg,11,11
2606650693_1288032015.jpg,13,13
268804809_1397961015.jpg,3,11
2728425970_1510588015.jpg,12,11
2878000351_1281611015.jpg,1,1
3099789516_4205342015.jpg,13,13
3238794059_1000371015.jpg,2,2
3242737790_3667203015.jpg,5,6
3557140557_1960730015.jpg,9,9
3916804449_1713684015.jpg,0,0
397405870_4006911015.jpg,11,11
4100195718_1070377015.jpg,13,13
4216586431_3678835015.jpg,1,3
45735829_867964015.jpg,11,11
564496612_462364015.jpg,4,2
570235622_541367015.jpg,5,5
574524678_4087906015.jpg,1,1
576153606_4262376015.jpg,0,0
628922198_3910076015.jpg,1,1
1091982070_3897314016.jpg,10,10
1132652154_1588077016.jpg,3,11
1136635091_2750468016.jpg,13,13
1170632437_4232367016.jpg,9,9
1801292129_2613752016.jpg,3,3
2043602936_2549886016.jpg,0,0
2065253783_1591387016.jpg,8,8
2110910530_710851016.jpg,9,9
217903363_1457809016.jpg,3,11
2235840969_3350040016.jpg,0,0
2390448736_2790322016.jpg,4,5
2467354476_1642687016.jpg,11,11
2530017202_3736481016.jpg,0,11
285656224_1045984016.jpg,1,11
2894552141_4280600016.jpg,13,13
327831209_41678016.jpg,1,1
3463379472_2581933016.jpg,10,10
3873627447_4052031016.jpg,2,2
3924681238_3864069016.jpg,3,2
425515071_1433617016.jpg,0,0
4263267063_3427906016.jpg,11,11
64281767_595263016.jpg,8,7
798335815_487535016.jpg,11,11
83338573_3965186016.jpg,11,11
962394346_2859286016.jpg,13,2
1635798272_636185017.jpg,2,0
1647453967_3464210017.jpg,5,5
1664359741_1849200017.jpg,6,6
1719378950_799854017.jpg,12,11
1829500700_3270445017.jpg,1,3
1831163197_443174017.jpg,0,0
2069248544_3919804017.jpg,9,9
2245831168_2839626017.jpg,9,9
2250310977_997375017.jpg,10,10
2552949101_3673837017.jpg,7,6
257778952_1267599017.jpg,0,0
2807575039_3024627017.jpg,10,10
2827437561_3578504017.jpg,13,13
2921160621_3816582017.jpg,1,1
2965785229_4130039017.jpg,13,13
3079782945_31448017.jpg,2,11
3127309475_472168017.jpg,8,8
3360546452_2031845017.jpg,7,6
360493984_1435668017.jpg,8,8
3648495868_2348875017.jpg,4,2
3818395729_1063642017.jpg,7,1
4283633473_2902860017.jpg,6,9
463975355_959017.jpg,3,1
534945452_1441795017.jpg,5,5
939816126_2056256017.jpg,1,7
1263690342_1992864018.jpg,7,11
1339527803_2248891018.jpg,4,2
1437214430_212124018.jpg,3,3
150475125_2348463018.jpg,4,2
1531006215_2712839018.jpg,12,11
20422777_1039336018.jpg,0,0
2073277450_232484018.jpg,8,7
2109717177_253057018.jpg,5,0
2115411590_62529018.jpg,9,9
2216390630_2398418018.jpg,1,11
2307873299_3071843018.jpg,4,2
2513038822_899845018.jpg,5,7
2765663416_3188770018.jpg,8,12
2824751653_1999193018.jpg,12,12
2926294494_4041567018.jpg,5,12
3175856984_3223115018.jpg,13,13
3408164331_2872015018.jpg,9,9
3451736343_2082710018.jpg,1,1
3617419857_3582171018.jpg,10,10
3967565541_2563951018.jpg,6,6
4034647919_2360388018.jpg,0,0
422857962_3959624018.jpg,0,7
498806362_4185112018.jpg,8,8
673986165_3887002018.jpg,8,8
89811667_3929125018.jpg,13,13
1085164758_1785008019.jpg,11,11
1226219981_1751690019.jpg,5,6
1445499770_3009272019.jpg,10,10
1578136108_3122066019.jpg,10,10
1622128244_2998658019.jpg,6,7
166018925_1828459019.jpg,13,12
1932407271_1031102019.jpg,13,13
2057260086_3204700019.jpg,5,5
2072348131_2224413019.jpg,4,2
2341099338_642176019.jpg,4,4
2756767009_3552135019.jpg,10,10
2898462104_2134099019.jpg,11,11
2966701753_2696368019.jpg,13,13
2994643003_3427042019.jpg,10,10
3190377892_2220283019.jpg,4,0
3339724380_4285708019.jpg,12,2
3674772554_1142959019.jpg,13,0
3727300447_819584019.jpg,9,9
3872816549_990297019.jpg,12,0
4030529881_3147125019.jpg,1,1
62048317_645297019.jpg,0,0
635778759_3450771019.jpg,5,9
720568128_2756597019.jpg,3,11
1092229000_2290075020.jpg,5,5
1170683873_2751289020.jpg,10,10
1184863183_2775471020.jpg,12,11
151448913_1012636020.jpg,13,12
1519097782_2568318020.jpg,13,13
1661288759_2288745020.jpg,1,2
1732230238_3050336020.jpg,1,1
1796565212_2919908020.jpg,3,3
1874184654_1719299020.jpg,10,10
18849167_771318020.jpg,1,1
2206673335_1032480020.jpg,3,3
2241150758_3801445020.jpg,0,7
2523619722_1914320020.jpg,5,5
268476241_1384741020.jpg,2,4
2890621527_1378605020.jpg,11,11
2946165351_3215941020.jpg,13,13
3050075018_3236236020.jpg,6,8
3117377446_1553275020.jpg,13,13
3126434620_2367726020.jpg,6,6
3341460947_2852829020.jpg,11,11
3386171328_1181582020.jpg,11,11
3558700051_1733817020.jpg,9,9
3648842674_920516020.jpg,10,10
3668661339_3914343020.jpg,3,3
3699662825_3357312020.jpg,2,0
3912837610_449925020.jpg,9,9
4026681029_1673938020.jpg,0,11
4068640999_1645592020.jpg,2,4
4076515139_428162020.jpg,3,5
533686575_3120250020.jpg,7,1
726436198_1029424020.jpg,8,8
887266825_1226819020.jpg,13,13
977740876_114530020.jpg,9,9
1086363697_3779595021.jpg,9,9
1091422440_2887669021.jpg,13,13
1153484908_2195341021.jpg,9,9
1378317695_997641021.jpg,7,8
1486301680_2374379021.jpg,13,13
1500220677_2450682021.jpg,2,5
1685590994_651235021.jpg,13,13
2145500414_4198497021.jpg,8,12
2463318070_3323929021.jpg,12,12
2766019028_2551448021.jpg,4,2
2809911642_3396087021.jpg,4,2
2822362874_1313267021.jpg,10,6
288936623_1203677021.jpg,13,13
2911190354_4121296021.jpg,9,9
3041959987_2396691021.jpg,11,11
3228951491_1745261021.jpg,9,9
3280551660_2486530021.jpg,10,10
3460105997_3279342021.jpg,8,8
3654755965_1337526021.jpg,5,5
374709376_2723213021.jpg,3,1
3781705516_2947628021.jpg,6,8
3807274694_874746021.jpg,3,3
4010416099_627163021.jpg,2,2
4223426456_2632200021.jpg,4,2
4227978070_2776366021.jpg,5,7
683832074_1528353021.jpg,11,13
986532187_3788455021.jpg,5,5
999267086_2984609021.jpg,1,1
1454421562_3553946022.jpg,5,5
1599726366_3429102022.jpg,12,11
1771242803_441693022.jpg,1,1
1834583447_2437186022.jpg,4,2
1876607165_2240546022.jpg,5,6
2255315131_3404053022.jpg,12,11
2324451813_3996987022.jpg,10,10
2325928619_1510178022.jpg,5,3
2548424553_3332894022.jpg,3,3
2824700362_718625022.jpg,4,2
2831104799_3794228022.jpg,11,11
3133597194_234083022.jpg,1,1
3666860999_3498041022.jpg,1,1
367168488_1167673022.jpg,0,0
3743276118_3084934022.jpg,10,10
383527290_2281035022.jpg,1,1
4014509708_1393823022.jpg,7,8
617576708_1432917022.jpg,7,7
67489521_3696497022.jpg,5,5
848364694_1607614022.jpg,13,13
1059986896_1893890023.jpg,2,2
112439617_756023.jpg,3,3
1126491892_3772948023.jpg,9,9
1145680447_861704023.jpg,1,1
1214571811_4167017023.jpg,0,0
1716216690_4043682023.jpg,2,2
1863402623_3565483023.jpg,8,9
2012734720_3748359023.jpg,3,1
2702263487_174535023.jpg,6,6
2774088045_17747023.jpg,4,0
28375813_3660993023.jpg,0,2
2858564652_3601736023.jpg,11,11
3225497517_2353630023.jpg,4,0
3733060329_1935697023.jpg,12,0
3936467593_2396349023.jpg,3,3
3965350_3130832023.jpg,13,13
4126768359_2278038023.jpg,8,8
561361421_114798023.jpg,0,0
563353987_550536023.jpg,13,13
741351571_2306563023.jpg,7,7
967720813_3325860023.jpg,1,1
1189509298_3475537024.jpg,8,8
1350113709_1528848024.jpg,9,9
1641175232_42061024.jpg,2,2
1730739463_865375024.jpg,3,1
1752850890_759602024.jpg,11,0
1935285563_636762024.jpg,9,9
2286841680_1356230024.jpg,1,1
2460124102_4176732024.jpg,0,0
2581457046_1138888024.jpg,11,11
2624807448_3678134024.jpg,6,6
2825314683_2365276024.jpg,3,11
2850728553_1550719024.jpg,3,11
2897139525_2600722024.jpg,4,2
3033882849_3075471024.jpg,4,2
3282992794_161505024.jpg,12,11
4031176397_544377024.jpg,9,9
4093373614_3624709024.jpg,1,1
4181765417_3363980024.jpg,12,2
437968391_2016200024.jpg,13,13
465345827_2542098024.jpg,5,6
551897866_921960024.jpg,12,0
1048753880_1010123025.jpg,11,11
110060821_1103743025.jpg,5,5
1149188011_3522385025.jpg,13,13
1438236115_1831570025.jpg,0,0
163794524_1756237025.jpg,5,5
1704244136_3217142025.jpg,9,9
1969159043_3569165025.jpg,9,9
2258535949_2734715025.jpg,11,12
2280398331_4243051025.jpg,4,2
2836986435_3002769025.jpg,1,1
2918599007_3766014025.jpg,13,13
2937708672_230578025.jpg,5,5
2954180085_327122025.jpg,11,11
3154102839_834691025.jpg,10,10
3209803330_3645325025.jpg,9,9
3255257773_949837025.jpg,12,12
3309964569_3387621025.jpg,0,0
3998520424_3617821025.jpg,3,3
4063829143_4294508025.jpg,13,13
4219772939_1232479025.jpg,9,9
4251027789_1090423025.jpg,5,0
4270842211_631213025.jpg,1,11
466055577_3046916025.jpg,3,0
551233008_488674025.jpg,12,3
571692887_3993943025.jpg,1,0
742511204_3757433025.jpg,6,7
773190673_1491021025.jpg,9,9
116914499_909225026.jpg,3,3
1403999479_2305678026.jpg,8,6
1534875939_2561082026.jpg,10,10
1723148098_2722952026.jpg,8,6
1922376529_4016985026.jpg,11,12
1983016740_2960522026.jpg,1,1
2165146339_665983026.jpg,8,7
2292206148_1625731026.jpg,5,5
2416362511_3935745026.jpg,3,3
2526087609_1410678026.jpg,8,8
2616740354_2390143026.jpg,8,8
2658911484_3932277026.jpg,3,1
2766340371_1881703026.jpg,9,9
2873633819_3131554026.jpg,2,11
2984450592_632801026.jpg,3,0
3399506069_1033255026.jpg,0,0
3428904070_1658127026.jpg,3,1
3711340904_2692182026.jpg,12,12
3773915609_4073646026.jpg,2,2
4068026797_4144727026.jpg,4,2
4104988262_582137026.jpg,13,13
4142415873_827582026.jpg,0,0
690528742_18039026.jpg,9,9
771726100_2429089026.jpg,4,2
833327965_4252172026.jpg,10,10
875642489_1540910026.jpg,12,11
881351289_82623026.jpg,3,3
104739425_439631027.jpg,9,9
1425202190_845752027.jpg,8,8
1476062979_1270722027.jpg,11,11
1539648179_2072861027.jpg,4,2
1708549215_252322027.jpg,0,2
2033043512_716636027.jpg,10,10
2298977283_2422681027.jpg,11,11
2370441056_4001791027.jpg,10,10
2416785444_4044156027.jpg,2,2
2634746327_603753027.jpg,0,0
2727479216_2694824027.jpg,12,12
2748236133_3472790027.jpg,10,12
2871092809_1059536027.jpg,10,10
2876027112_284395027.jpg,0,5
3240056906_1325020027.jpg,6,7
3454248022_2716586027.jpg,2,5
3537631300_1610223027.jpg,11,11
3837505541_2932965027.jpg,6,7
395479722_2099680027.jpg,13,13
4123760_2909275027.jpg,7,6
4141473713_563291027.jpg,6,8
4205209401_916727027.jpg,13,13
504248286_2237480027.jpg,3,11
556569730_1563759027.jpg,1,1
810861102_4175550027.jpg,2,4
831049807_1701658027.jpg,13,13
1178598773_3122771028.jpg,8,12
130064262_3211690028.jpg,11,11
1356592280_3054430028.jpg,8,6
1428953110_2692502028.jpg,8,10
2102314805_2316120028.jpg,8,8
2163926162_3460323028.jpg,4,0
2405551036_2621215028.jpg,0,0
2669171975_678049028.jpg,0,0
2773075665_3547945028.jpg,10,10
3123369356_3725328028.jpg,13,13
3242778212_3705688028.jpg,9,5
3293513899_1302518028.jpg,5,5
3399423849_4077653028.jpg,6,8
3422130538_2143513028.jpg,5,9
3610642782_1683301028.jpg,10,10
364781628_1266328028.jpg,13,13
3783613386_1363274028.jpg,8,6
3952472955_436228028.jpg,10,10
4110287285_3288224028.jpg,0,0
4188031260_1385399028.jpg,3,11
463942211_1621895028.jpg,9,9
655365396_3431977028.jpg,6,6
66498343_3089226028.jpg,5,5
915016267_305447028.jpg,7,6
967460241_2349562028.jpg,0,0
1174875831_791403029.jpg,0,7
1552773477_1341961029.jpg,9,9
1723538159_2486704029.jpg,3,3
2086905070_4181973029.jpg,4,0
2139605321_3919745029.jpg,9,9
2269465750_4229254029.jpg,3,3
2302768183_4176191029.jpg,6,8
2842648585_4238771029.jpg,0,0
2869994909_1252044029.jpg,6,6
2895726121_2333649029.jpg,1,1
327066444_2352746029.jpg,10,10
3404132559_1539512029.jpg,1,1
3693084228_2661196029.jpg,5,7
3836622067_4069195029.jpg,5,5
4070430093_3788258029.jpg,9,9
4079939455_1312784029.jpg,3,11
4264744738_3577255029.jpg,9,9
504885272_3619571029.jpg,4,2
678264005_22069029.jpg,9,9
696245362_1077467029.jpg,1,1
1043057847_1813907030.jpg,6,8
1066935515_4234873030.jpg,10,10
2296131904_142846030.jpg,1,0
2772775851_3068542030.jpg,8,7
2785086234_3677771030.jpg,4,2
3206052837_3276228030.jpg,11,11
3248968553_2243816030.jpg,6,8
3345161208_4012047030.jpg,12,11
3479984023_3131781030.jpg,8,8
3822587827_2112784030.jpg,12,11
3964953269_3531655030.jpg,3,2
4011112391_818784030.jpg,11,11
4055418726_932134030.jpg,4,12
463534936_1064030.jpg,9,9
466546_2440381030.jpg,13,13
745722348_1212461030.jpg,11,11
931199965_788576030.jpg,0,0
93213925_784200030.jpg,11,11
1530980200_3832637031.jpg,13,13
1733842820_171857031.jpg,13,13
1940954259_2185160031.jpg,0,0
2178245587_2021236031.jpg,4,2
2242557078_2366369031.jpg,4,2
2275382099_2468532031.jpg,1,9
2283267244_2251371031.jpg,7,7
2541020176_3788720031.jpg,1,3
2687865015_3502668031.jpg,10,10
272073337_2559454031.jpg,12,12
2759288436_1703189031.jpg,10,10
2764334849_4111404031.jpg,6,8
3171222481_831439031.jpg,8,6
3246200831_213631031.jpg,13,13
3543180259_1823051031.jpg,8,8
3662776631_2708627031.jpg,12,12
3693791211_3457329031.jpg,4,2
4075383059_2563835031.jpg,7,7
4113729031_2979241031.jpg,3,3
567472530_3406172031.jpg,11,2
634086129_3957884031.jpg,2,4
836326395_1626949031.jpg,8,8
948828279_694839031.jpg,10,10
950696232_344160031.jpg,8,6
1036878354_3258557032.jpg,3,1
1209082956_472825032.jpg,10,10
1244775379_1756061032.jpg,10,10
1402543944_2782337032.jpg,4,2
1541418412_1332367032.jpg,1,1
1733900662_3699168032.jpg,9,9
190153353_2679533032.jpg,12,11
1969878365_986383032.jpg,5,2
215266283_2892658032.jpg,4,2
2216192459_3132592032.jpg,1,1
2506747280_3340164032.jpg,10,10
2514916235_1674130032.jpg,3,3
2649000107_1035987032.jpg,12,13
2691718095_1960174032.jpg,12,12
2769431494_879574032.jpg,4,2
3270763788_2810746032.jpg,11,11
3422438479_3978429032.jpg,8,8
3520785391_3824090032.jpg,2,4
3523497724_1750681032.jpg,13,13
3833440413_2239877032.jpg,0,0
3927540666_1258237032.jpg,10,12
608778046_3212747032.jpg,12,11
639631919_1121012032.jpg,9,6
1009282143_197255033.jpg,12,1
1339608246_3804130033.jpg,9,9
1732497395_4289267033.jpg,10,10
1904565258_2010370033.jpg,10,10
1961219853_1379088033.jpg,2,11
2058732212_3881757033.jpg,11,11
217132480_2249555033.jpg,12,1
2182446461_3736173033.jpg,8,8
2399887731_282328033.jpg,1,1
251484111_1316628033.jpg,4,5
2543479464_1212663033.jpg,9,9
265200247_1490578033.jpg,9,11
2704103117_132322033.jpg,0,0
3197852105_1700415033.jpg,8,8
3261632116_3304692033.jpg,9,9
3344397832_423085033.jpg,2,2
3506334344_3062974033.jpg,0,0
3616127187_1194470033.jpg,4,0
3890334719_154966033.jpg,12,12
4054866885_2501407033.jpg,13,12
4060851432_1172362033.jpg,7,6
413933005_4038389033.jpg,9,9
4233847548_3888591033.jpg,5,5
750756757_2907593033.jpg,6,6
79746985_2757012033.jpg,7,7
801142181_2833517033.jpg,4,11
849360670_3885123033.jpg,13,4
850308761_687256033.jpg,9,9
100519079_1057167034.jpg,13,13
1119706001_1069977034.jpg,12,12
128986561_380398034.jpg,3,0
139986027_1684009034.jpg,1,0
1520602130_1867628034.jpg,1,1
156325006_3002758034.jpg,4,0
1656886544_2990453034.jpg,10,10
1739983068_3467174034.jpg,13,13
1893939696_3274121034.jpg,0,7
2150452575_1068226034.jpg,10,10
2169563867_3653201034.jpg,4,13
2208330888_2261073034.jpg,0,0
2665634271_4000056034.jpg,8,12
2667571918_1205615034.jpg,7,7
2803161204_2497606034.jpg,1,1
2930388896_2836897034.jpg,9,7
307985529_2629422034.jpg,7,7
3103100312_3800888034.jpg,9,9
3532978750_658569034.jpg,0,0
3754094198_305883034.jpg,3,1
3790089868_3069291034.jpg,1,1
4038680234_1612828034.jpg,11,0
468112631_3752069034.jpg,6,6
728896152_4156530034.jpg,5,2
934597366_2452711034.jpg,3,3
1156189489_3988888035.jpg,5,5
1349898187_4261612035.jpg,8,8
1389297449_1450966035.jpg,9,11
1455316507_1917461035.jpg,10,10
154105841_784414035.jpg,1,0
1647905421_428239035.jpg,12,0
167752623_4052882035.jpg,12,0
1791152790_562502035.jpg,13,13
207565908_2769441035.jpg,13,12
2188254521_3832958035.jpg,6,8
2279847402_200709035.jpg,8,7
2446409528_4130311035.jpg,6,6
262465435_3791703035.jpg,13,13
2676833694_189838035.jpg,4,2
2708153190_882109035.jpg,3,3
2820238346_59908035.jpg,11,2
2986137378_885373035.jpg,5,5
3060301173_3245154035.jpg,2,2
3072890854_1344242035.jpg,2,4
3096178997_3242379035.jpg,13,5
3147655242_592196035.jpg,0,2
3163942338_887952035.jpg,12,11
3202423434_1400828035.jpg,9,6
3248033973_4207186035.jpg,1,4
3702823779_4206703035.jpg,9,9
3981187824_1851113035.jpg,10,10
4198123003_299627035.jpg,1,1
562907215_3438924035.jpg,12,2
646714568_3808917035.jpg,3,1
878522151_972972035.jpg,3,11
1104697041_2474646036.jpg,4,4
1143301385_56698036.jpg,0,1
1158839668_757170036.jpg,3,3
1566179811_2307090036.jpg,2,4
1603077724_3104285036.jpg,1,1
1774944255_510716036.jpg,13,13
1786523516_2487314036.jpg,13,0
2036196580_1700107036.jpg,13,0
2057178894_3353175036.jpg,2,2
2136026888_22222036.jpg,8,8
2141517385_1604811036.jpg,13,13
2156141882_1432267036.jpg,0,13
2342613355_2974825036.jpg,8,8
2441466248_24998036.jpg,8,8
2574880913_1674271036.jpg,9,9
2729973962_1708276036.jpg,3,11
2760858776_765060036.jpg,4,0
2816658538_2097940036.jpg,4,2
324116834_1208226036.jpg,6,8
3463469849_3668343036.jpg,11,2
3477163179_1438624036.jpg,1,1
3731590835_313820036.jpg,1,1
417819607_1209427036.jpg,4,11
4193151697_65482036.jpg,5,8
982834477_1297060036.jpg,2,11
1575356351_3566890037.jpg,2,4
1656626816_1494707037.jpg,10,10
1789855722_2839542037.jpg,6,6
1839585844_3713624037.jpg,12,11
184909957_1306604037.jpg,6,8
1849495526_3240442037.jpg,12,0
199420702_3108582037.jpg,12,12
2003994206_4154053037.jpg,10,10
2040897503_1761973037.jpg,9,9
2047389107_899163037.jpg,5,5
2257729714_993398037.jpg,13,13
2807053389_2125871037.jpg,3,1
3010940908_2008180037.jpg,10,10
3011531537_3276078037.jpg,1,3
3657177134_3521460037.jpg,10,10
3847357824_2281920037.jpg,11,11
3849185056_3973821037.jpg,13,13
3849408865_3341353037.jpg,1,1
3865763112_706612037.jpg,7,6
3880403594_1326732037.jpg,13,13
3924572113_2086080037.jpg,11,11
396636697_2707053037.jpg,3,11
4032141009_3195487037.jpg,5,5
4196858417_2897387037.jpg,11,12
4200193171_4284913037.jpg,11,11
616726217_2813324037.jpg,10,10
647641263_3613644037.jpg,3,1
749895008_3645553037.jpg,11,11
900574041_3748430037.jpg,11,2
991669802_1088178037.jpg,0,5
1090177662_745046038.jpg,0,1
147062180_1692915038.jpg,13,0
1626616927_2461733038.jpg,1,1
1781853721_686772038.jpg,8,6
1799598489_1477601038.jpg,12,11
189647244_2664403038.jpg,9,9
1944748843_3351124038.jpg,11,11
2013474350_3065669038.jpg,3,3
2278549346_346817038.jpg,6,11
2284742218_667212038.jpg,6,6
2337538276_3008490038.jpg,4,2
2483410137_2321245038.jpg,6,6
2592208702_986316038.jpg,13,13
2752601939_1252558038.jpg,1,0
2902374790_2950335038.jpg,0,5
2987480108_2830565038.jpg,4,2
3003911591_4147676038.jpg,5,7
3058927130_2816612038.jpg,9,9
3733022793_1491303038.jpg,0,0
3903634128_1553440038.jpg,2,2
4053596447_24185038.jpg,13,13
425840126_3588431038.jpg,6,11
486336834_1264724038.jpg,5,7
522856838_2676579038.jpg,2,4
534795450_4027890038.jpg,11,11
699647886_1315322038.jpg,12,0
1201010464_1040287039.jpg,0,0
1329734217_1367045039.jpg,1,1
1488470177_3022238039.jpg,7,6
1493688821_3913202039.jpg,6,6
1598796585_1830750039.jpg,11,0
1858770610_3286716039.jpg,9,6
1918846605_3314505039.jpg,6,6
2647370212_6433039.jpg,5,5
2654421176_768159039.jpg,3,1
2933365457_2812546039.jpg,2,4
3429880301_630558039.jpg,10,10
3514636133_564994039.jpg,5,5
3740010047_2237069039.jpg,6,6
3855832244_671151039.jpg,0,13
3873098786_299710039.jpg,11,11
395378080_1398837039.jpg,5,5
4242472846_1107015039.jpg,10,10
512750151_768366039.jpg,10,10
565924431_3608175039.jpg,11,11
869562450_3189580039.jpg,3,3
914369215_1031790039.jpg,13,13
921291723_3360258039.jpg,10,6
943637484_477387039.jpg,10,10
1060964242_589913040.jpg,5,6
124175908_1960297040.jpg,13,13
1996552702_906093040.jpg,1,1
2146806928_1003189040.jpg,0,0
2264879016_3682872040.jpg,9,9
3024780481_1680224040.jpg,11,11
3072987273_3566524040.jpg,1,1
3254031777_979068040.jpg,4,2
3417360941_1025131040.jpg,13,13
3463025677_2773442040.jpg,1,1
3847306734_1609944040.jpg,5,2
3897708150_2575512040.jpg,12,12
633792419_1149606040.jpg,8,6
791368944_3304836040.jpg,1,1
854540903_3325281040.jpg,8,7
1157093111_341435041.jpg,10,10
1222361224_3172703041.jpg,3,3
125114773_2888939041.jpg,10,10
1358964869_1025744041.jpg,11,11
1431599819_1694054041.jpg,10,10
1997956869_1646006041.jpg,11,11
2238296917_109333041.jpg,11,11
2274113513_931765041.jpg,2,2
2297871777_126778041.jpg,12,1
2351535910_1010181041.jpg,6,6
2515839389_10174041.jpg,12,12
2740312628_4279743041.jpg,13,13
3079673509_274893041.jpg,9,9
3114976742_1086367041.jpg,6,8
3155593783_2898676041.jpg,11,11
3265994359_675565041.jpg,13,13
3291331273_3315536041.jpg,4,2
3332100785_738962041.jpg,5,5
3801225470_2819834041.jpg,13,13
3840658603_3654465041.jpg,3,11
3911867521_707404041.jpg,6,9
4168387332_1141432041.jpg,4,4
706931049_269378041.jpg,1,1
975980268_2521868041.jpg,3,11
1425963632_795731042.jpg,5,5
1792884759_1208379042.jpg,8,12
2139903635_2788861042.jpg,3,1
220253932_2977243042.jpg,10,10
2393572140_3044664042.jpg,11,11
2420569239_4244021042.jpg,8,6
2422403065_348345042.jpg,13,13
2509479819_13992042.jpg,3,3
2516063370_3375161042.jpg,5,5
2524554669_519136042.jpg,12,11
2557926619_1005583042.jpg,10,10
265234357_1265704042.jpg,6,9
2763065136_282705042.jpg,9,7
2872981806_1000773042.jpg,9,9
2992226155_1786611042.jpg,6,9
3185473440_1099486042.jpg,6,8
3256006982_1389804042.jpg,0,2
3345291834_2727219042.jpg,12,0
346227947_3243247042.jpg,10,10
3470072204_474976042.jpg,0,0
3597203218_3831039042.jpg,11,11
372008109_2338727042.jpg,13,13
3897793917_2898474042.jpg,8,12
3969965094_1344130042.jpg,1,1
4031104576_2564906042.jpg,1,1
4179585768_1824690042.jpg,9,6
4250833994_1714454042.jpg,7,11
597227484_3701133042.jpg,3,0
650582174_3926254042.jpg,12,11
761450080_2388220042.jpg,9,7
772099894_1575639042.jpg,5,7
1066141494_1746021043.jpg,12,11
1143601931_1587222043.jpg,13,13
1166117672_1509987043.jpg,3,1
1266774906_1668356043.jpg,1,1
131189888_2673791043.jpg,9,9
1383798963_255451043.jpg,5,7
1896885008_1778260043.jpg,1,3
1928365198_4186860043.jpg,11,11
202455186_2468495043.jpg,2,4
2054598268_2446203043.jpg,8,8
2085774972_1522620043.jpg,1,1
2526401225_3462525043.jpg,5,5
2575026741_2964168043.jpg,9,9
2639899327_3987997043.jpg,11,2
3076392514_846559043.jpg,0,0
314155001_1264386043.jpg,2,5
3274015391_1139182043.jpg,1,1
3438414726_1932089043.jpg,7,7
370462457_300182043.jpg,13,13
3754812271_2659454043.jpg,5,5
3827363380_3399297043.jpg,1,1
478541122_3598350043.jpg,13,13
580338393_4149721043.jpg,13,13
976675593_1465994043.jpg,9,9
105854018_4150749044.jpg,13,13
1086816731_1693161044.jpg,12,12
1233246884_2320669044.jpg,13,0
1273312785_1875173044.jpg,5,5
1274218161_2269335044.jpg,13,13
1295517701_134014044.jpg,0,0
1350313310_153347044.jpg,8,8
1420266156_3566522044.jpg,4,2
1564984642_1580068044.jpg,0,0
1795720536_2020866044.jpg,5,5
1838632548_481825044.jpg,8,6
2281560607_4128960044.jpg,9,9
3025245721_4215067044.jpg,2,2
3298687717_2023793044.jpg,9,9
3496539504_3875375044.jpg,3,1
3581922600_3389720044.jpg,5,7
3708036085_214549044.jpg,3,3
3733428946_4064805044.jpg,9,9
3802992064_3606390044.jpg,13,13
3898116125_2537705044.jpg,10,10
4103294916_1789692044.jpg,12,11
4218648915_1869171044.jpg,10,10
618952659_3499392044.jpg,5,6
980446517_4081526044.jpg,1,1
1270978114_2120969045.jpg,4,2
1340364541_2677065045.jpg,5,1
154123076_1695795045.jpg,7,6
1673074566_3916302045.jpg,12,0
1700452957_3177570045.jpg,12,12
1842673866_3988061045.jpg,8,8
1858484588_540187045.jpg,0,0
1905863035_3886534045.jpg,9,9
1914009279_3577186045.jpg,3,3
2023909214_2080319045.jpg,12,12
2035156834_4140033045.jpg,4,2
2138594251_27784045.jpg,8,7
2152982884_2278857045.jpg,13,13
2317225363_1947574045.jpg,8,8
2465833088_2982615045.jpg,1,1
2681425484_2951574045.jpg,1,1
2737782257_1751002045.jpg,6,6
2956624137_3616446045.jpg,3,1
4132417128_2611344045.jpg,1,1
4141903385_2377698045.jpg,6,6
494498406_296728045.jpg,5,6
656772301_2939047045.jpg,9,9
727011065_3440191045.jpg,1,1
1110935112_683014046.jpg,3,1
1777806223_848153046.jpg,1,1
1838376631_2262488046.jpg,13,13
1869533996_4128419046.jpg,10,10
2139688346_495992046.jpg,2,2
2524519911_772566046.jpg,11,6
267508731_1842337046.jpg,5,9
2716241428_2492604046.jpg,4,2
285820390_2585169046.jpg,8,8
2925854135_1778308046.jpg,6,6
3033594430_2796179046.jpg,1,1
324180470_4145518046.jpg,3,3
3317240128_2014156046.jpg,13,13
3319043116_3849651046.jpg,5,2
3357664277_1740344046.jpg,5,5
3438758488_1446430046.jpg,12,12
3495482175_3154830046.jpg,11,11
3776546082_814560046.jpg,12,12
3944051885_616676046.jpg,4,2
4080478721_1913433046.jpg,9,9
524927878_2614108046.jpg,13,5
633934334_1714035046.jpg,13,12
671123576_376672046.jpg,8,8
801645152_2995797046.jpg,3,3
835236189_2498983046.jpg,3,2
83735784_931755046.jpg,9,9
911599424_3916693046.jpg,8,8
1272744525_3487221047.jpg,5,5
1413089637_2381537047.jpg,2,11
1723316699_3492673047.jpg,9,9
200590605_84536047.jpg,11,11
2122036435_360441047.jpg,0,0
2471797879_2452854047.jpg,4,5
2588208180_3079094047.jpg,5,2
2636093709_1170095047.jpg,9,9
2725569582_2979276047.jpg,3,0
2888435190_2056791047.jpg,5,5
3056334557_1668860047.jpg,0,2
3126327573_1791921047.jpg,1,1
3307640954_1927418047.jpg,13,13
3730006343_2323471047.jpg,10,10
4088224082_3248797047.jpg,1,0
4090557093_180026047.jpg,9,9
4146858310_896011047.jpg,13,12
562804540_3085780047.jpg,8,12
587477962_289539047.jpg,11,11
648972877_3488884047.jpg,5,5
1187893056_2039407048.jpg,12,11
119038915_3575334048.jpg,6,6
1547064587_3963329048.jpg,6,8
1823813550_3078737048.jpg,13,13
1898486222_2417518048.jpg,3,1
2053966813_552677048.jpg,12,12
207116188_3081899048.jpg,1,11
2306279854_2800659048.jpg,8,8
306593247_3198878048.jpg,1,1
3559636579_3134188048.jpg,12,11
3682755512_3757176048.jpg,2,2
3722965774_1865755048.jpg,1,0
3737035626_1964290048.jpg,12,12
4229162493_3505789048.jpg,13,12
4264794461_2575233048.jpg,1,1
549542865_4091885048.jpg,2,2
637293827_4175827048.jpg,2,2
866087634_1767057048.jpg,6,6
1059159746_2755343049.jpg,3,3
1271164159_1024923049.jpg,1,1
1341529170_42398049.jpg,7,7
1469613519_3446688049.jpg,5,5
1511212030_3911874049.jpg,8,12
1667914372_1196731049.jpg,8,8
1847943290_1407056049.jpg,11,11
2280548836_2869145049.jpg,12,11
2825775002_27266049.jpg,0,5
2838680165_1632786049.jpg,5,5
3142377455_1010352049.jpg,4,2
3212853788_2785205049.jpg,12,11
3408289646_2648915049.jpg,3,3
3799051685_3318721049.jpg,13,13
3915462968_2762712049.jpg,8,6
3948534787_2280367049.jpg,11,2
4254283032_3816939049.jpg,0,2
511940725_2206408049.jpg,5,5
611750488_3505901049.jpg,5,8
689256573_1278469049.jpg,0,0
823579378_1131363049.jpg,3,1
1013212381_2825409050.jpg,13,12
1397531854_2472892050.jpg,5,5
1417457846_2192712050.jpg,4,0
1456373023_1464437050.jpg,9,9
1633584948_3173651050.jpg,2,9
1711746387_2938444050.jpg,0,7
1832027509_1698957050.jpg,13,13
1913373629_272856050.jpg,2,0
2040209706_3527352050.jpg,6,9
2166384223_302803050.jpg,13,13
2354575504_3148774050.jpg,5,5
2523697880_1744251050.jpg,7,6
2630156532_3948426050.jpg,5,5
2897599893_2118570050.jpg,5,5
2924058155_2149780050.jpg,9,9
35724196_2906569050.jpg,1,1
4233861976_3432485050.jpg,13,13
472590572_3120205050.jpg,10,10
54454649_1736316050.jpg,3,1
834134670_4281870050.jpg,10,10
1056683122_2984300051.jpg,9,9
132540205_1057300051.jpg,3,3
1329556537_1597341051.jpg,13,13
1479075423_3510246051.jpg,11,11
1651641874_2703944051.jpg,3,3
1772840235_1632869051.jpg,5,5
1861527284_308109051.jpg,11,11
1866833912_4246231051.jpg,3,3
1942553658_3404809051.jpg,0,0
2007979593_455778051.jpg,12,12
2060304050_327770051.jpg,9,9
2099993667_1762190051.jpg,12,12
2155044916_1191533051.jpg,0,0
2234671368_359680051.jpg,12,12
2364112094_3782154051.jpg,3,1
2374035431_1000624051.jpg,13,13
2483503493_1162107051.jpg,8,8
2621610795_744614051.jpg,1,1
2852487464_3212423051.jpg,10,10
2855609585_949068051.jpg,1,1
3373274127_2003645051.jpg,5,5
3398188022_1326737051.jpg,1,11
344046910_3501166051.jpg,9,9
3442919138_2917865051.jpg,9,9
3509490793_360675051.jpg,12,12
3822118297_3680125051.jpg,10,10
3992380057_4137026051.jpg,1,1
400840513_2967201051.jpg,4,0
439267770_2263177051.jpg,12,12
1167179050_4253675052.jpg,13,13
1302595230_1079933052.jpg,1,1
134029103_440113052.jpg,6,6
1778533724_4093264052.jpg,4,2
1807585239_2296633052.jpg,5,5
2268304902_4251006052.jpg,9,9
2466302843_1985886052.jpg,2,4
2539800303_3924327052.jpg,10,10
2616896551_277914052.jpg,10,10
3165272009_282291052.jpg,9,9
3681967139_3569014052.jpg,1,1
3746766657_4213394052.jpg,4,2
4075671417_743272052.jpg,6,6
457553243_3899261052.jpg,0,0
575117284_2438445052.jpg,7,7
716684474_1971438052.jpg,13,12
909612534_3318517052.jpg,0,7
961216255_1419276052.jpg,13,13
1037406693_654243053.jpg,12,12
1088929876_3778930053.jpg,13,13
120179445_2188353053.jpg,13,13
1295427483_3684881053.jpg,12,12
1363547280_2581720053.jpg,5,5
1639954016_3851445053.jpg,3,11
177309775_4047221053.jpg,10,10
1890764561_394116053.jpg,3,3
205170189_1102097053.jpg,0,0
2258441200_4243028053.jpg,5,5
2633558911_487782053.jpg,5,5
2871165304_2024577053.jpg,2,4
3019104698_387770053.jpg,0,0
3110004965_4291667053.jpg,6,8
3155307630_3114737053.jpg,5,7
3210280653_1652201053.jpg,11,11
3361102535_2203476053.jpg,13,11
3472578443_4141381053.jpg,9,9
4064777812_3808537053.jpg,13,13
4230798355_3879813053.jpg,12,12
450761969_3172708053.jpg,12,1
520900595_1791711053.jpg,0,2
552997479_1832612053.jpg,8,8
1009390596_1176195054.jpg,11,11
1064957716_3581225054.jpg,2,4
1230731923_1157316054.jpg,0,3
1322286408_118240054.jpg,8,6
1344818373_283964054.jpg,6,7
1349103745_1006840054.jpg,1,0
1387698081_2867461054.jpg,13,13
1852649903_1775010054.jpg,0,0
1959098889_2783578054.jpg,11,11
21239289_252443054.jpg,3,3
2141093315_3619413054.jpg,9,9
2247004618_2102614054.jpg,9,9
2566252192_816777054.jpg,13,13
2717625513_3067422054.jpg,9,9
2919991835_3907332054.jpg,0,0
3153293925_4054388054.jpg,2,12
347443829_1173996054.jpg,2,4
3583792378_4119344054.jpg,1,1
3599599497_4264909054.jpg,11,11
442237708_1662316054.jpg,11,11
596457362_2000159054.jpg,12,12
893470089_2735590054.jpg,0,2
1054481975_442507055.jpg,13,13
1149806478_2112630055.jpg,3,3
1153342002_3420830055.jpg,6,6
1257151759_3389233055.jpg,12,12
1553573570_1102897055.jpg,5,5
2112146182_1418711055.jpg,8,8
2264839354_1623584055.jpg,11,0
242374702_1321309055.jpg,1,0
3004966895_621472055.jpg,8,7
3152375048_1441689055.jpg,10,10
3223188866_4080797055.jpg,5,2
3308311919_217147055.jpg,1,1
3382396026_31624055.jpg,2,12
3386177557_2124308055.jpg,5,2
3628115353_3211072055.jpg,13,13
3841667288_1569474055.jpg,11,1
3878756562_1275545055.jpg,9,9
3925122808_2538625055.jpg,7,7
426451952_653862055.jpg,7,6
447414094_2322402055.jpg,10,10
577739581_938904055.jpg,10,10
707630018_128638055.jpg,10,10
984118587_4157857055.jpg,12,11
1131740131_173457056.jpg,3,3
1177704523_3408367056.jpg,12,12
1206533977_2332263056.jpg,5,7
1442501407_2463902056.jpg,9,9
1617927670_3169493056.jpg,12,12
1758961465_4275736056.jpg,8,7
1773576262_602664056.jpg,1,1
1776566719_2562044056.jpg,0,0
1898189218_3015233056.jpg,6,6
2300534437_1597936056.jpg,11,11
2343111512_999244056.jpg,4,4
2383031261_1289218056.jpg,0,0
2414420847_3859235056.jpg,2,2
2513495653_3089002056.jpg,10,10
285403415_3418072056.jpg,13,13
2998720296_861934056.jpg,5,7
3009570683_3959561056.jpg,1,1
3082602156_1418478056.jpg,8,8
3223559100_671891056.jpg,9,9
3389178221_3295783056.jpg,9,9
3734984867_672829056.jpg,4,2
389406673_1178759056.jpg,6,6
4017182035_1011193056.jpg,4,0
4020766596_2886138056.jpg,1,1
4066802866_1762161056.jpg,13,11
4279090216_3898044056.jpg,0,10
503686154_1681121056.jpg,12,12
510451857_1059696056.jpg,10,10
563610838_2503078056.jpg,9,9
603710455_2366364056.jpg,0,3
603892340_4038084056.jpg,8,8
997059978_3547829056.jpg,2,2
1158787433_1614985057.jpg,12,11
1453343773_2790358057.jpg,6,11
1453743422_3022528057.jpg,3,0
1625333074_3285028057.jpg,4,2
1716481574_3006351057.jpg,8,12
2543139285_3171306057.jpg,6,6
259660137_1192648057.jpg,3,0
2674908954_4063907057.jpg,11,11
2948753599_1709181057.jpg,3,3
338258978_2280826057.jpg,2,4
3987372835_3039138057.jpg,11,1
3994532890_537373057.jpg,5,13
580506794_1270465057.jpg,1,3
624201278_2798918057.jpg,3,3
665088970_1583690057.jpg,3,3
726184570_3997222057.jpg,5,5
860544286_3123058057.jpg,7,7
1031626636_1204579058.jpg,6,6
1539126386_1350321058.jpg,0,0
1628728585_1469067058.jpg,12,11
1638426344_3380018058.jpg,8,7
1714415138_3154959058.jpg,13,13
1777931885_234266058.jpg,4,2
196292542_2786559058.jpg,13,12
2237856154_1365212058.jpg,8,8
2335504167_2693958058.jpg,11,11
262592771_2106407058.jpg,4,2
2913413091_2298632058.jpg,8,8
319735801_136102058.jpg,3,11
3321455642_2553413058.jpg,11,12
342477312_559773058.jpg,4,2
3577685419_1871033058.jpg,2,11
3616675110_2507003058.jpg,1,1
3624816317_1932515058.jpg,6,6
3690993997_1470922058.jpg,9,1
3862941871_1521439058.jpg,4,2
4224872981_2394485058.jpg,12,12
496143826_2916045058.jpg,0,13
870383292_2462591058.jpg,13,13
1175095906_3287234059.jpg,3,0
1385358088_1998213059.jpg,8,6
1617579133_3414995059.jpg,3,1
1637906753_200208059.jpg,10,10
1695065294_1547780059.jpg,1,1
1900316410_1737372059.jpg,4,0
2764332309_987521059.jpg,0,0
3131703653_65956059.jpg,3,1
3323105297_737631059.jpg,0,0
3507833071_2595765059.jpg,5,13
3554130930_1662515059.jpg,4,2
3842420429_3830918059.jpg,6,7
3860886069_155058059.jpg,8,6
116579114_3970772060.jpg,1,3
1374521597_387351060.jpg,1,1
1482538971_4171169060.jpg,8,8
1497223110_4141996060.jpg,8,8
1963145355_1437790060.jpg,12,0
2094350654_1179607060.jpg,7,5
2221190274_3853079060.jpg,12,11
2313230188_166087060.jpg,12,12
2363876496_3938464060.jpg,7,7
2511370912_1570618060.jpg,13,13
2562525376_1909169060.jpg,1,11
2835250030_429345060.jpg,3,3
2981422229_858189060.jpg,8,12
3116070821_1006467060.jpg,5,7
3291489808_718712060.jpg,8,6
3362688684_2754088060.jpg,12,12
3422798502_3132635060.jpg,0,0
3585329905_585483060.jpg,3,3
3764710516_3038651060.jpg,7,1
3813435464_982678060.jpg,9,9
382766761_3639550060.jpg,13,13
4067315960_1716407060.jpg,4,2
585159783_3988007060.jpg,6,6
599729045_2153542060.jpg,8,7
6803237_971762060.jpg,5,5
946483376_1838811060.jpg,0,0
992898184_4208824060.jpg,2,11
993330454_4059516060.jpg,5,5
1107902572_1055710061.jpg,0,7
125868567_765101061.jpg,2,2
1277164232_1747654061.jpg,13,12
1361011591_1446143061.jpg,13,13
149579487_1432598061.jpg,10,10
1549881326_3113512061.jpg,6,6
1664267878_1381162061.jpg,10,10
1732306851_1982731061.jpg,3,1
1798190055_1502510061.jpg,3,3
1915604767_2536086061.jpg,13,13
1943274334_1751832061.jpg,4,2
207399545_3959439061.jpg,3,3
2186443052_1402501061.jpg,13,13
2313413146_2242900061.jpg,13,13
2762217029_1307122061.jpg,1,1
2836886349_97449061.jpg,11,11
3226235230_2239245061.jpg,3,0
3239326601_1992746061.jpg,11,0
3369287893_1420406061.jpg,9,7
3742933912_2932412061.jpg,11,11
391493915_4162452061.jpg,3,3
4057122651_354509061.jpg,12,12
4097841171_2679129061.jpg,3,1
4293511252_194951061.jpg,13,13
636143387_1173271061.jpg,11,11
705540262_192297061.jpg,3,1
751939719_2599804061.jpg,8,6
976124055_1402820061.jpg,9,9
1072832944_3531969062.jpg,3,11
1080634163_120850062.jpg,8,8
109827279_1657730062.jpg,11,11
1143964591_3905468062.jpg,3,0
1268117384_993974062.jpg,7,7
1423870367_429472062.jpg,3,0
1717695508_2992671062.jpg,13,13
1778938900_2587538062.jpg,4,2
1976964382_3611963062.jpg,7,11
2100074223_1574928062.jpg,1,1
2118080620_1622400062.jpg,2,2
2233397882_3593291062.jpg,12,12
2342007899_3171704062.jpg,10,10
2434048591_3599573062.jpg,9,9
277821105_651666062.jpg,10,10
2854477607_311454062.jpg,8,8
2879654374_581469062.jpg,1,1
2892000475_94408062.jpg,1,1
3117603715_66836062.jpg,3,11
3165048846_2485735062.jpg,11,11
3270090014_3868157062.jpg,1,9
3323211423_459634062.jpg,10,10
3490577652_1385911062.jpg,12,12
3498222982_4042567062.jpg,5,8
3709880040_2345884062.jpg,9,9
3738449921_918870062.jpg,12,11
388176233_2882632062.jpg,8,8
4260315790_2889633062.jpg,9,9
4264606799_4056984062.jpg,5,5
4271320109_2002329062.jpg,13,11
57837409_4124726062.jpg,12,12
600610459_1504140062.jpg,6,6
638785347_1354131062.jpg,0,0
674848607_1943016062.jpg,9,9
1263983345_970340063.jpg,12,0
1336130983_3170819063.jpg,0,0
1421304281_990024063.jpg,0,0
162456331_402584063.jpg,9,9
2137317216_30130063.jpg,9,9
219160629_1257874063.jpg,11,11
2856231701_2979492063.jpg,12,12
2880605974_2521175063.jpg,2,4
2892792560_1576338063.jpg,4,12
2917042231_615453063.jpg,8,6
3324998950_1019924063.jpg,12,11
3855707466_3484906063.jpg,4,0
52344367_2152869063.jpg,9,6
600055697_3229001063.jpg,9,6
61725971_3851795063.jpg,5,5
665878979_2943969063.jpg,4,4
78438660_3212967063.jpg,10,10
935291611_4114798063.jpg,1,1
1110145353_3439518064.jpg,10,10
1175148521_220449064.jpg,5,5
135272274_2087056064.jpg,0,0
1360203010_3363080064.jpg,2,4
1531433194_1179859064.jpg,7,7
1643252074_450460064.jpg,10,10
1979028307_1233037064.jpg,5,5
2032756637_3763706064.jpg,12,12
2079419246_4280556064.jpg,3,1
2176417467_3030954064.jpg,12,12
2277212058_2101675064.jpg,10,10
2305036283_3744222064.jpg,10,10
2329457171_2427450064.jpg,8,6
2358655219_3050822064.jpg,5,5
248933404_4019903064.jpg,5,7
2523637558_3615492064.jpg,1,1
2893496330_860322064.jpg,3,11
3151749937_1070354064.jpg,3,0
3246310846_3955961064.jpg,8,6
3320027908_2754426064.jpg,12,11
3405997299_3702817064.jpg,8,8
3421652090_2734839064.jpg,3,3
3471733338_858070064.jpg,9,1
3483950792_432258064.jpg,5,5
3566330180_3183168064.jpg,6,6
3607767563_1645872064.jpg,10,10
3652454583_1299415064.jpg,1,7
3705452735_2030234064.jpg,1,1
3879819781_3595291064.jpg,9,9
391003600_2480924064.jpg,4,4
3932452014_478008064.jpg,12,11
3940559549_3076012064.jpg,10,10
3958568333_718868064.jpg,0,0
410841514_350752064.jpg,10,10
4264633686_1902328064.jpg,0,0
447004226_2560980064.jpg,4,0
473732088_1904068064.jpg,3,3
525890366_2025228064.jpg,3,1
830178742_2470126064.jpg,11,11
1056469593_4294143065.jpg,3,3
1202093566_1774313065.jpg,9,9
1270319012_3456839065.jpg,1,0
1476940166_3234010065.jpg,8,7
1821585422_2806508065.jpg,8,5
2397110262_437823065.jpg,5,5
2627662744_1179590065.jpg,7,6
278683565_865643065.jpg,13,13
2825564320_1309371065.jpg,8,12
2841797074_2660297065.jpg,11,11
2928756564_3153211065.jpg,3,3
3195733066_719653065.jpg,4,2
3299915973_1020047065.jpg,8,8
3568245631_1328805065.jpg,8,8
3682324157_1854044065.jpg,12,3
3709703359_2062223065.jpg,13,12
4198195015_2938612065.jpg,13,13
4269970424_1099475065.jpg,5,5
671694581_3081571065.jpg,3,1
719460113_1461126065.jpg,0,7
987868473_997119065.jpg,8,8
1496296155_2399411066.jpg,2,11
1586842455_1136048066.jpg,13,13
1610376080_3326621066.jpg,3,3
1700210727_2968743066.jpg,9,9
1834288672_3499534066.jpg,4,11
1883687610_1893298066.jpg,13,13
2311247066_3054368066.jpg,6,8
2345751368_126657066.jpg,3,3
2418339687_1308448066.jpg,5,5
2561090205_63418066.jpg,8,8
2608582505_2365733066.jpg,9,9
2850242681_1446034066.jpg,3,12
2938779928_2775065066.jpg,3,1
2977159947_959194066.jpg,6,6
3184387250_3575078066.jpg,5,7
3249611162_1771740066.jpg,3,3
3553883877_1011996066.jpg,6,6
3553926014_1969485066.jpg,8,12
370150306_1370642066.jpg,8,8
3781972079_4131527066.jpg,10,10
4130263243_3736363066.jpg,4,1
648571554_3830429066.jpg,4,4
74926410_2006628066.jpg,13,13
756301181_638355066.jpg,13,13
793785249_1649958066.jpg,3,0
854817475_3532045066.jpg,12,12
1518594683_2059902067.jpg,9,9
1519984391_1278156067.jpg,3,1
1703685158_3343604067.jpg,3,3
2043461915_2876558067.jpg,9,9
2097343295_643929067.jpg,9,9
2366352629_2043928067.jpg,3,1
248536524_3523965067.jpg,7,6
2748104485_194276067.jpg,3,1
2928455032_4090141067.jpg,6,6
3063320109_1684628067.jpg,1,1
3441544606_2030939067.jpg,1,1
3556594690_3150399067.jpg,5,5
3645652624_2365730067.jpg,2,4
3789921076_2235904067.jpg,12,11
3944374235_1958505067.jpg,9,9
496958075_3708503067.jpg,8,7
688390742_2583523067.jpg,5,7
811360469_3909258067.jpg,3,0
984980265_1640429067.jpg,6,6
1169732900_1748068068.jpg,11,11
1231874151_2171910068.jpg,13,13
1267913618_3143042068.jpg,9,7
1902191697_1199166068.jpg,11,11
219688810_3680111068.jpg,7,7
2305909725_3372259068.jpg,11,1
2363595897_4289955068.jpg,4,2
2503075741_466996068.jpg,12,12
2520684464_1159005068.jpg,12,12
2601239908_1760375068.jpg,5,5
260291098_4056738068.jpg,3,1
2811729707_2138051068.jpg,11,11
2837703622_315329068.jpg,9,9
2892269755_2108723068.jpg,1,1
2992414256_2839715068.jpg,0,0
3211081811_3036423068.jpg,1,1
3241003151_3378027068.jpg,3,3
3486622693_1585355068.jpg,12,12
3498542742_7132068.jpg,11,11
3554563055_1791280068.jpg,11,11
3677783358_53008068.jpg,4,2
3827313379_1229761068.jpg,1,1
4267486101_931614068.jpg,8,8
4286340795_41602068.jpg,1,0
516708946_1794763068.jpg,1,1
580366120_1055737068.jpg,12,12
75063180_1802761068.jpg,1,1
864414632_3690094068.jpg,11,11
1025921404_3300466069.jpg,5,0
1397969707_2609520069.jpg,1,1
1637744358_1493366069.jpg,9,9
1904520713_1827589069.jpg,10,10
2103573661_4155087069.jpg,1,1
2393560639_451057069.jpg,11,0
2544317834_1944985069.jpg,12,12
2574830976_560304069.jpg,9,6
2601006485_2244047069.jpg,0,7
2724379464_2484946069.jpg,3,3
3125229911_4167255069.jpg,3,11
3333540125_123116069.jpg,0,11
3738954642_33861069.jpg,11,11
3785462465_2607057069.jpg,3,1
3809586247_630568069.jpg,13,13
3886721967_1731044069.jpg,13,13
4014838987_1972526069.jpg,11,11
4107843110_3824400069.jpg,8,6
4168374851_2586156069.jpg,10,10
800326206_1044041069.jpg,1,1
1106197426_942245070.jpg,2,4
1204078350_1532134070.jpg,1,12
124593310_2258383070.jpg,13,12
1249178463_2106692070.jpg,3,1
1385976213_1080085070.jpg,2,2
1416361938_2060807070.jpg,13,13
1934715403_2633396070.jpg,1,1
2159945369_3065473070.jpg,3,0
2203497443_2240618070.jpg,8,8
2232790967_174088070.jpg,9,9
2390291246_378691070.jpg,12,12
2494446493_3662533070.jpg,2,2
2719091591_1976598070.jpg,0,0
2786152711_2092121070.jpg,9,9
2835501391_2127288070.jpg,9,9
2867483764_1665881070.jpg,11,11
3141641104_147489070.jpg,10,10
3162625678_2849525070.jpg,9,9
3500966722_2320196070.jpg,10,10
3573794226_2442238070.jpg,4,5
3639993469_675833070.jpg,5,5
3856271679_231123070.jpg,3,3
3960057573_2061743070.jpg,6,6
517884826_2687254070.jpg,4,4
572524772_1193282070.jpg,3,12
71863523_4061119070.jpg,12,12
959143004_363057070.jpg,8,7
1035841795_1146388071.jpg,11,2
1129152825_442016071.jpg,2,4
1243500006_3136044071.jpg,0,4
1306736035_2808647071.jpg,13,13
1483902302_3043738071.jpg,8,8
1612099219_3647901071.jpg,5,5
2039248047_3440861071.jpg,10,10
2450911076_728472071.jpg,3,3
2589884364_393779071.jpg,5,7
2700229742_3631259071.jpg,3,3
273659180_168179071.jpg,5,5
2791328685_1961575071.jpg,12,12
2968486785_695380071.jpg,8,6
3117563079_995119071.jpg,1,1
3208686631_3721744071.jpg,11,11
3213831228_3603425071.jpg,9,9
340043159_1176880071.jpg,13,13
3540560809_163430071.jpg,5,7
3711666934_19579071.jpg,7,6
3801950394_2393491071.jpg,4,2
3886395662_1431220071.jpg,7,7
3947215591_1510400071.jpg,7,7
4127531437_3060895071.jpg,4,11
4130220906_1654673071.jpg,9,6
4244402494_3349956071.jpg,9,7
551862475_1990506071.jpg,4,2
613737909_2829074071.jpg,11,11
627230545_2104081071.jpg,3,3
627610702_1504433071.jpg,1,1
70750831_1588712071.jpg,11,11
713940379_1384931071.jpg,6,6
718609942_3941563071.jpg,6,6
1013843075_2482154072.jpg,11,11
1016076374_991601072.jpg,0,0
126039513_2420221072.jpg,8,8
1298650010_887773072.jpg,8,8
1386491599_2182495072.jpg,4,4
1410363106_3959024072.jpg,1,3
1456187109_1606016072.jpg,0,0
146185519_2324386072.jpg,11,6
1590534382_1856350072.jpg,7,6
1854558546_1062343072.jpg,4,4
2501249348_2138369072.jpg,12,11
274730806_1494750072.jpg,13,13
28823692_2548806072.jpg,0,3
3365061408_3595266072.jpg,11,11
3484466766_125394072.jpg,12,12
4218201829_879485072.jpg,12,12
679310417_2661549072.jpg,6,6
159030095_2851369073.jpg,9,9
172569438_1458447073.jpg,8,8
1907091603_754681073.jpg,1,1
2315210122_2436957073.jpg,1,1
240923258_1646962073.jpg,5,6
2539779632_4097190073.jpg,0,0
2671373360_3551569073.jpg,10,10
2838313356_2179371073.jpg,8,8
291201128_1101726073.jpg,13,13
2927675157_1562081073.jpg,8,8
4188241284_148049073.jpg,11,11
463065309_358613073.jpg,6,6
606742005_598725073.jpg,5,5
628599582_3158168073.jpg,3,3
762841827_2896111073.jpg,4,13
812736975_4086649073.jpg,10,10
825960003_4240832073.jpg,10,10
1481657822_2101404074.jpg,12,0
1521758339_60543074.jpg,5,7
1594740154_4245496074.jpg,7,6
1953125146_3487674074.jpg,9,9
2054237004_526634074.jpg,9,6
2100049143_2773621074.jpg,6,6
2175007193_3633723074.jpg,0,0
2211454311_703790074.jpg,0,0
2488203437_3876849074.jpg,3,11
3102936612_787402074.jpg,9,9
3220030898_2387586074.jpg,1,1
3611126166_3814598074.jpg,6,11
398729671_2711214074.jpg,0,0
3993574217_311614074.jpg,0,0
4241891952_1296184074.jpg,1,0
430846972_3271258074.jpg,0,1
476046757_2423056074.jpg,10,2
651191258_681368074.jpg,11,0
651843740_329151074.jpg,2,0
662207094_2215703074.jpg,1,1
759330271_2582841074.jpg,9,9
770628974_2900909074.jpg,11,0
960492628_2717400074.jpg,7,7
1353114565_1364745075.jpg,5,5
1509040514_966351075.jpg,12,12
1558559178_1433180075.jpg,7,6
1765410771_2470333075.jpg,3,3
1990007092_3297551075.jpg,8,8
2127922032_866533075.jpg,12,11
2441373308_1291031075.jpg,0,0
2449137685_629717075.jpg,1,1
2452936759_2005802075.jpg,8,6
2577386431_2493672075.jpg,0,11
2664824785_2749790075.jpg,0,0
2885185304_3455263075.jpg,0,0
292559493_597508075.jpg,10,10
2937927479_3160235075.jpg,2,2
3220844467_2604087075.jpg,8,7
3337560933_3709915075.jpg,0,0
3555590144_858681075.jpg,11,11
3745950012_731481075.jpg,13,13
3964845965_416396075.jpg,8,8
3968454770_2889034075.jpg,9,9
4223713756_2909754075.jpg,4,2
445399106_3178193075.jpg,5,7
577666927_981083075.jpg,1,11
705207420_2674109075.jpg,0,0
781158857_1946722075.jpg,0,3
855232212_1303150075.jpg,3,0
1020395218_2016916076.jpg,2,2
1475605469_2563841076.jpg,13,13
1770158658_1766262076.jpg,1,1
1970714889_2342493076.jpg,1,1
2039861299_3921430076.jpg,7,7
2062847856_2882893076.jpg,2,2
2086028614_1698264076.jpg,2,4
2306356339_3921240076.jpg,12,12
2362303567_3236409076.jpg,3,3
2652556234_1328303076.jpg,7,6
2736057084_3616095076.jpg,1,1
297908462_3784710076.jpg,12,11
3039302184_347410076.jpg,6,6
3082755946_1386908076.jpg,2,0
3199591472_3070489076.jpg,3,1
3476054838_2180496076.jpg,8,8
3616852107_2083710076.jpg,0,0
3659448107_2191491076.jpg,8,8
3779317326_3767363076.jpg,5,5
3852612958_315901076.jpg,2,2
4173955905_1248714076.jpg,13,2
4221395723_2947381076.jpg,11,0
692731300_1943068076.jpg,2,11
791817189_1608123076.jpg,13,13
95639895_1431660076.jpg,13,7
14108408_3943550077.jpg,6,6
1821069217_1774700077.jpg,12,11
1831675253_583168077.jpg,8,8
1980846813_953506077.jpg,6,6
210815125_2246837077.jpg,3,0
214532645_3935995077.jpg,5,1
2273620117_3242592077.jpg,11,11
2350852679_4102923077.jpg,6,6
2645882165_1153034077.jpg,11,11
2657748142_2474475077.jpg,5,0
2910839723_3818427077.jpg,3,11
294568493_929138077.jpg,3,3
3009376764_1454257077.jpg,3,0
3034740993_448271077.jpg,8,8
3107195326_2538515077.jpg,4,0
3229143877_4029836077.jpg,13,2
3229499467_3354653077.jpg,0,0
3243264054_4072645077.jpg,8,8
3279610676_1999243077.jpg,11,11
3464455739_3905247077.jpg,13,13
3484763293_1942940077.jpg,6,6
3673749356_1845274077.jpg,4,2
4103665366_2929858077.jpg,6,6
5742065_1137630077.jpg,1,0
646790142_155210077.jpg,6,6
759957269_1191306077.jpg,7,6
924331538_3302636077.jpg,6,6
1114843962_588378078.jpg,11,11
1187404559_3830933078.jpg,9,9
1201986849_4135242078.jpg,3,11
1285625935_2547706078.jpg,4,2
1444983751_1908030078.jpg,0,0
1548397499_2061832078.jpg,0,0
1719420279_1015187078.jpg,5,5
1782437017_2176298078.jpg,5,5
184944926_1084792078.jpg,5,2
2183422535_3409837078.jpg,5,5
2215797299_3995765078.jpg,3,3
2228267302_1801042078.jpg,11,11
2384286137_1106435078.jpg,13,13
2891310160_817263078.jpg,8,8
2971192741_1730750078.jpg,5,5
2998479237_2334868078.jpg,0,2
3086255594_1309927078.jpg,2,4
3090740717_1161596078.jpg,11,11
3121545277_423073078.jpg,8,7
3401678019_2962886078.jpg,9,9
361009132_2623746078.jpg,3,3
3635362534_2076105078.jpg,7,7
3791682186_1177899078.jpg,3,1
3852858020_1177753078.jpg,7,6
3995299476_1054795078.jpg,12,12
4027800939_3200995078.jpg,13,13
4053951402_3885630078.jpg,13,12
4183127865_385353078.jpg,6,8
514466207_465426078.jpg,10,10
71961607_1247255078.jpg,10,10
919259970_2643105078.jpg,12,0
1097607467_321974079.jpg,9,9
1141183127_1205824079.jpg,12,11
1335088912_4015764079.jpg,8,8
1544879145_1884291079.jpg,6,11
1668586010_1951879079.jpg,8,7
1690456298_3444919079.jpg,9,9
1803751271_361983079.jpg,3,0
1844526473_995071079.jpg,3,3
1869883117_3740527079.jpg,2,3
1951477915_1235812079.jpg,11,12
2171378333_1545170079.jpg,10,10
2213024863_653941079.jpg,2,0
2293192513_2404499079.jpg,4,2
2476971524_2979166079.jpg,9,9
2533990336_624104079.jpg,13,13
2575118414_3221279079.jpg,10,10
2752055868_2647564079.jpg,3,3
2817881555_1742434079.jpg,0,13
3030108912_2390381079.jpg,9,9
3218917254_3408455079.jpg,3,3
343303491_866635079.jpg,10,10
3498679499_106035079.jpg,7,6
3982436192_2269708079.jpg,8,6
4070982183_422142079.jpg,8,7
4082243571_1155184079.jpg,4,0
4165705004_2726302079.jpg,1,9
433590407_522210079.jpg,1,1
715533339_1274001079.jpg,8,12
994292356_1517795079.jpg,5,5
1239417764_574286080.jpg,13,12
129521873_3586193080.jpg,11,11
1896640390_3305158080.jpg,11,2
1897920706_3877587080.jpg,6,8
1934426514_3551384080.jpg,12,0
1968601932_1850005080.jpg,8,8
1975120023_2897824080.jpg,13,5
2330189781_2870476080.jpg,11,0
2333638779_2668055080.jpg,13,13
2407777214_3860042080.jpg,9,9
2475199206_2567595080.jpg,1,11
2928954405_3589210080.jpg,13,12
3030371383_3017496080.jpg,10,10
3276460371_2931188080.jpg,6,6
3529396828_74595080.jpg,4,2
3768974607_3708394080.jpg,13,13
3790359898_1066684080.jpg,1,11
835902737_787629080.jpg,2,2
92232258_2232237080.jpg,3,3
1012101753_1968508081.jpg,5,5
1225057678_2534567081.jpg,9,7
1272969492_1392989081.jpg,3,0
1291690137_2994072081.jpg,8,8
1448105330_1793109081.jpg,11,11
1462219868_1627421081.jpg,13,13
1563243456_2150805081.jpg,12,11
158599958_3598377081.jpg,13,13
1715970217_3956306081.jpg,5,5
1734830361_434303081.jpg,0,0
2103557776_3355081081.jpg,8,12
2608582678_3078734081.jpg,1,0
3003754435_2437644081.jpg,12,11
3086731299_1335357081.jpg,6,6
3214739465_2116417081.jpg,5,5
3236136061_2341449081.jpg,8,8
3497361476_370472081.jpg,3,3
3606803540_3668274081.jpg,8,8
368265261_2337648081.jpg,5,12
4162099280_3497813081.jpg,9,9
4255907388_2483962081.jpg,7,1
433315983_3539071081.jpg,1,1
638199439_457463081.jpg,3,11
76842738_156155081.jpg,5,5
840914259_1546917081.jpg,0,1
1058388319_4225650082.jpg,6,6
1515622347_3123107082.jpg,8,8
1698728099_2376718082.jpg,12,1
202471982_1803388082.jpg,9,7
2044643081_1555973082.jpg,4,2
2373862020_33582082.jpg,9,9
2586556804_2575246082.jpg,13,13
2750103438_258597082.jpg,2,2
2872313227_2154925082.jpg,10,10
2980383278_1979237082.jpg,13,13
3109905891_2822640082.jpg,2,2
3234456575_646328082.jpg,9,9
3238506399_2315392082.jpg,1,1
3368593403_1766979082.jpg,10,10
350877816_1353322082.jpg,3,1
3641903523_3818621082.jpg,11,11
3649339442_2932820082.jpg,6,8
3724313993_2240621082.jpg,1,1
4156644914_291640082.jpg,1,3
422745048_3712021082.jpg,8,8
544842282_3992554082.jpg,10,10
1151882700_3032481083.jpg,9,9
1349089382_4091667083.jpg,11,0
1358829222_1630969083.jpg,8,8
1436941154_579452083.jpg,10,10
1517988593_380514083.jpg,5,5
1576492949_3013955083.jpg,10,10
1632534182_2890654083.jpg,12,11
1638004003_3008602083.jpg,2,4
1748040980_1381004083.jpg,4,2
196549199_796063083.jpg,8,6
2134818972_1180841083.jpg,4,2
2186723979_2006961083.jpg,9,9
2222057366_1003781083.jpg,6,6
2337234310_4194015083.jpg,12,7
2408874745_3492811083.jpg,13,13
254436217_3929871083.jpg,9,9
2720072780_2525030083.jpg,10,10
2722066235_1252686083.jpg,5,5
2781506541_2526468083.jpg,8,8
283522043_2794990083.jpg,13,0
2872407661_261582083.jpg,1,3
3089818946_1402192083.jpg,9,9
3117007442_751632083.jpg,9,6
3158648995_1470688083.jpg,2,2
3260060487_2402985083.jpg,11,11
3334478624_2123603083.jpg,0,0
3414370884_3535143083.jpg,4,2
3527381860_3533213083.jpg,13,13
357224527_2473085083.jpg,9,9
368167420_2613166083.jpg,3,11
3733806688_4015332083.jpg,12,11
374346257_3038428083.jpg,10,10
4025050475_3740710083.jpg,12,11
4158154983_2980910083.jpg,3,1
4194209635_1305204083.jpg,5,5
459756752_2284632083.jpg,9,6
646086483_2443048083.jpg,1,1
88661517_2567010083.jpg,5,5
1072014942_3435270084.jpg,11,11
1110067115_248694084.jpg,8,8
1200920133_4052591084.jpg,11,11
1355595888_845538084.jpg,11,11
1431845296_1947650084.jpg,5,0
1432332810_3003518084.jpg,4,2
1656361638_1384650084.jpg,4,4
1886649943_2965976084.jpg,13,13
1900959827_2669304084.jpg,12,11
1969462083_153300084.jpg,1,1
200577953_1718698084.jpg,1,7
2106296870_2140279084.jpg,9,9
2660961547_1775154084.jpg,0,0
3071921317_3417129084.jpg,11,9
3270065959_939481084.jpg,3,3
3492613992_2228966084.jpg,12,3
3632768677_3170976084.jpg,11,0
3764496881_3913187084.jpg,1,1
384526854_2055925084.jpg,10,2
4195525185_3128288084.jpg,1,1
736421834_4250679084.jpg,5,6
835227245_1477174084.jpg,3,11
841486676_1842125084.jpg,3,0
846340869_1609369084.jpg,3,3
880224890_917654084.jpg,12,3
1361369136_812486085.jpg,12,11
1369221351_1403513085.jpg,2,4
18767445_1314942085.jpg,10,10
253283496_152649085.jpg,10,10
2568761437_1749724085.jpg,1,11
2946737980_292355085.jpg,13,11
3014543411_2671763085.jpg,7,6
3484207789_52223085.jpg,12,12
3640990957_2708187085.jpg,8,6
3766358465_962369085.jpg,0,7
3815740686_1891284085.jpg,11,11
3828573077_3542362085.jpg,10,10
3858519335_1620293085.jpg,7,1
3968170966_1325045085.jpg,10,10
4021244450_448503085.jpg,0,0
4191489074_419374085.jpg,6,12
4224209531_2614338085.jpg,8,6
593015608_2683354085.jpg,3,3
79204052_3420695085.jpg,11,11
1113160913_210950086.jpg,6,6
1135413660_1835806086.jpg,3,2
1476465612_1548002086.jpg,13,12
1508585295_31503086.jpg,13,13
1637978082_252771086.jpg,3,3
1777862291_764427086.jpg,10,2
1935475348_847736086.jpg,11,11
203772390_4074127086.jpg,7,5
2461780111_2514798086.jpg,1,1
2467973641_1630535086.jpg,4,11
2657070762_3756148086.jpg,11,10
2739005263_1159779086.jpg,13,13
2805585452_2336260086.jpg,9,7
291927265_559110086.jpg,13,13
3205703401_3612395086.jpg,3,3
3346416693_3357733086.jpg,7,6
3501672196_208943086.jpg,3,0
3559901790_1991813086.jpg,10,10
3700756805_3173252086.jpg,12,2
3713203378_3231709086.jpg,11,11
3750630300_577919086.jpg,4,4
705738218_1902046086.jpg,9,6
738746093_3956085086.jpg,6,1
8215794_3377099086.jpg,8,8
108567872_101757087.jpg,1,1
111795990_251785087.jpg,3,1
1517412707_1765552087.jpg,4,12
1555461365_1084532087.jpg,0,2
157641304_1762530087.jpg,11,1
1872609138_447575087.jpg,5,5
1903679172_3862895087.jpg,7,7
1948763350_2144161087.jpg,0,0
2122924514_869817087.jpg,12,12
2130027933_77792087.jpg,11,11
2274710880_2026704087.jpg,13,12
2341521402_663761087.jpg,4,2
252140819_890127087.jpg,0,13
2634350648_2413778087.jpg,5,5
2794872957_3526235087.jpg,13,13
2991520091_2364529087.jpg,3,1
3112859446_3892237087.jpg,1,1
3238150492_931488087.jpg,0,0
332162360_2256176087.jpg,3,1
3417755409_2716537087.jpg,3,3
347828037_2012823087.jpg,3,11
3593982510_2295697087.jpg,11,0
3728640383_3537481087.jpg,8,8
3904848933_1042925087.jpg,8,12
4090695631_756662087.jpg,5,5
4154093519_3995183087.jpg,11,11
488737290_2372962087.jpg,0,0
542259075_4283276087.jpg,5,5
717945449_1355769087.jpg,8,7
74264119_1843327087.jpg,2,0
1013208561_1079415088.jpg,6,0
1098173906_691715088.jpg,8,6
111051949_2681006088.jpg,8,8
1430566469_1844361088.jpg,8,8
1821119636_4122933088.jpg,0,0
1980976536_1232474088.jpg,12,0
2115630931_3808948088.jpg,0,0
2586652446_3082274088.jpg,2,2
2801311127_228845088.jpg,5,5
3072460610_1973973088.jpg,10,10
3145233243_1852227088.jpg,7,7
3389787013_678789088.jpg,4,0
3732110153_2006954088.jpg,11,11
3781209590_3460686088.jpg,13,13
3789309934_3670005088.jpg,6,8
3848879952_3705830088.jpg,0,0
3877715413_3687821088.jpg,4,2
3887690790_419732088.jpg,12,12
3895312087_3428878088.jpg,1,11
4057983180_37268088.jpg,13,12
551214926_536667088.jpg,11,11
637427557_3356927088.jpg,8,8
747710649_2298002088.jpg,0,5
941003728_3211185088.jpg,6,8
1009188125_1065056089.jpg,9,9
1826782511_2053815089.jpg,5,7
1840721026_1911389089.jpg,6,6
2021236030_2074275089.jpg,11,11
2321236519_3098110089.jpg,13,13
2324091339_47505089.jpg,13,12
2463399233_1494122089.jpg,12,12
254450345_1793501089.jpg,8,8
267615509_2705619089.jpg,12,13
2780852422_2119704089.jpg,11,9
2799343408_928557089.jpg,9,9
2936185820_2922898089.jpg,5,7
3163700173_1900833089.jpg,1,3
3344447051_2250994089.jpg,13,13
3407085292_3854193089.jpg,7,7
3830136888_174380089.jpg,11,11
4031786191_3638692089.jpg,7,7
4249829010_2594754089.jpg,0,5
4268039387_207586089.jpg,9,9
477963785_1474196089.jpg,8,6
593179583_1722784089.jpg,12,12
751460177_3350599089.jpg,6,6
788498399_349054089.jpg,7,7
856893696_3599352089.jpg,9,9
876764542_12354089.jpg,9,9
878042613_1677862089.jpg,8,8
1024439710_721879090.jpg,10,10
1129139287_287677090.jpg,6,6
1245566296_1767282090.jpg,12,12
1484805189_3398267090.jpg,0,0
1491152852_564368090.jpg,13,13
2058187510_993980090.jpg,5,5
2283309306_2975102090.jpg,5,5
2516989195_2949884090.jpg,1,1
2671121810_3345108090.jpg,1,1
2704019827_2968573090.jpg,9,6
2909732839_1555877090.jpg,8,8
3005554123_694855090.jpg,3,0
3140553953_4037415090.jpg,0,1
3142554153_1946909090.jpg,8,6
3275242397_537352090.jpg,10,10
3363786196_1182159090.jpg,2,0
3560485587_31242090.jpg,2,13
3893827812_2926673090.jpg,8,8
4064459784_1683595090.jpg,3,3
4142178241_2991976090.jpg,3,3
4235711816_505862090.jpg,3,1
662841220_2131599090.jpg,3,1
694906125_2291442090.jpg,10,10
764003572_1514284090.jpg,0,2
842118170_2849629090.jpg,12,13
962198872_478800090.jpg,7,7
1371744512_4116493091.jpg,2,4
1433910189_1898703091.jpg,11,0
1599039378_2271858091.jpg,5,7
1711464158_3767637091.jpg,13,13
1937899729_4206167091.jpg,1,0
2024147523_1316251091.jpg,0,0
2086098950_2698085091.jpg,4,2
2109222150_1591266091.jpg,4,2
2641174498_1781036091.jpg,6,8
2890115810_2029025091.jpg,3,3
320078606_1137735091.jpg,13,11
3384218574_4122753091.jpg,10,10
3463750511_3549951091.jpg,9,7
3505415260_4139440091.jpg,6,6
3558258861_1205527091.jpg,11,11
3608757172_2946679091.jpg,0,2
3638203140_2943689091.jpg,3,1
3649940929_3207058091.jpg,4,2
3724776701_3269471091.jpg,10,10
53735711_3407099091.jpg,10,10
569015186_3091871091.jpg,3,0
651383428_810882091.jpg,1,1
767607288_1891251091.jpg,2,2
1290682956_1257231092.jpg,10,10
1744303567_3926337092.jpg,8,8
1797205593_3740920092.jpg,8,8
2067687669_595652092.jpg,5,7
2079147585_2885694092.jpg,7,5
2095016002_3893867092.jpg,1,1
2124552152_223761092.jpg,13,13
2302079292_2989536092.jpg,9,6
2489507089_1910413092.jpg,4,4
3034260059_3809567092.jpg,13,12
3161907865_4209974092.jpg,9,9
327092596_3611479092.jpg,12,2
3307499448_1381015092.jpg,9,6
3344551037_1972739092.jpg,3,3
3350748987_3519432092.jpg,13,13
3471711190_863445092.jpg,3,11
3844236853_413759092.jpg,5,5
3901518796_1982619092.jpg,11,11
4024283701_1403362092.jpg,9,9
4286615546_1612111092.jpg,1,1
483706450_3807568092.jpg,9,2
524748730_164584092.jpg,1,1
721332928_2061328092.jpg,13,0
922070645_160634092.jpg,1,0
936739106_2859758092.jpg,12,12
1294278570_2077564093.jpg,7,7
1625263651_3822454093.jpg,8,6
1627651049_1139597093.jpg,6,7
1663144054_4038773093.jpg,8,6
1848635107_723598093.jpg,9,6
1934611128_1407358093.jpg,0,5
2161682657_227553093.jpg,12,12
2178224722_2133384093.jpg,12,12
2370385887_2843459093.jpg,9,9
2920922877_151003093.jpg,10,10
3120026537_1034535093.jpg,5,5
3186114552_1870145093.jpg,10,10
3430512254_2076422093.jpg,9,6
3450453731_649082093.jpg,8,6
3579106786_4254063093.jpg,10,10
385830027_2783650093.jpg,3,0
4156886676_1308002093.jpg,9,9
4189640680_1517081093.jpg,8,8
544737337_16333093.jpg,10,10
706938668_334675093.jpg,11,1
73786523_849037093.jpg,11,11
893173569_1209475093.jpg,8,7
912016005_3841682093.jpg,0,13
955998750_1816208093.jpg,10,10
1206402519_2445909094.jpg,11,3
1358897072_413530094.jpg,5,5
1547223701_1055266094.jpg,10,10
1623280393_4283513094.jpg,4,2
1632379632_4145981094.jpg,13,13
1818698245_538739094.jpg,9,9
1906235475_296118094.jpg,8,8
1952472085_2115376094.jpg,6,8
2542903863_3995600094.jpg,3,1
2592901127_1726388094.jpg,3,0
2638176631_773021094.jpg,1,1
2677933133_1805067094.jpg,4,2
278917176_3637739094.jpg,9,9
2891391145_475728094.jpg,5,5
3211950074_2328113094.jpg,5,7
3259382005_2586315094.jpg,10,10
3400269590_2106457094.jpg,7,7
3406814596_481905094.jpg,3,11
3435441707_2562419094.jpg,3,3
3743166971_4256180094.jpg,3,3
3896769000_1109703094.jpg,12,12
3925895563_1455003094.jpg,1,0
440016683_4265450094.jpg,3,3
866112998_3606329094.jpg,13,13
1161517867_3852262095.jpg,5,7
119974437_2718285095.jpg,1,1
1356965762_27420095.jpg,5,5
1369919830_4069498095.jpg,5,5
1646592219_233960095.jpg,1,11
1786885154_3970178095.jpg,4,5
1849839691_3499689095.jpg,11,11
1908031039_2447296095.jpg,11,11
2009422270_2928705095.jpg,3,9
2022580660_3670192095.jpg,2,4
2464786001_3674649095.jpg,1,3
2998032438_388930095.jpg,1,1
326657999_3849166095.jpg,13,13
3431991813_1940030095.jpg,11,11
3511182578_920558095.jpg,7,6
3550881599_1149984095.jpg,6,6
3555654570_1396641095.jpg,0,0
3717760926_1191060095.jpg,8,8
3741497848_1466880095.jpg,4,4
3815950273_1581848095.jpg,0,0
396483230_857372095.jpg,3,11
3985054905_3230888095.jpg,8,8
4211957013_1113661095.jpg,5,7
509571242_1395701095.jpg,1,1
620935779_2630650095.jpg,1,0
793404923_1235617095.jpg,5,5
1148496788_2676889096.jpg,8,8
1209839895_1294573096.jpg,13,13
1245100184_3648176096.jpg,7,8
1467351322_3173893096.jpg,8,5
178110407_955943096.jpg,10,10
1936976663_3938048096.jpg,8,8
1949347523_3024831096.jpg,3,2
2082656120_931728096.jpg,0,3
2143075189_1725815096.jpg,1,1
2188073637_2200461096.jpg,12,12
2243251657_1732581096.jpg,7,7
2244111721_503095096.jpg,2,2
269898025_1334138096.jpg,5,0
2863947222_2893378096.jpg,9,9
2971135489_2970661096.jpg,11,11
3079818085_2297474096.jpg,10,10
3177070779_1070230096.jpg,1,1
326829379_3754906096.jpg,10,10
3294823966_3424392096.jpg,10,10
3521478273_740159096.jpg,9,9
3681319116_3955114096.jpg,8,8
4023968176_1532526096.jpg,1,1
4066782107_1554883096.jpg,12,11
4147206944_893394096.jpg,8,6
4178876171_3994983096.jpg,0,2
545065920_3788778096.jpg,3,1
1133769079_2878576097.jpg,9,9
1218270295_2648280097.jpg,3,1
1487351146_1580398097.jpg,0,0
1540771385_1647603097.jpg,9,6
1785714739_4069980097.jpg,4,2
1892661893_2282642097.jpg,11,11
1911050453_3831301097.jpg,0,1
1973685920_2284068097.jpg,6,6
2524964756_1948428097.jpg,10,10
2689039706_566403097.jpg,4,2
2841884492_3113277097.jpg,10,10
2851777231_4075155097.jpg,13,13
2869525035_1950357097.jpg,13,13
3017430923_8476097.jpg,7,6
3052499471_2408727097.jpg,12,11
3133279642_7906097.jpg,9,9
3285873629_1233455097.jpg,1,1
3496563348_3390758097.jpg,6,8
3535610212_3989796097.jpg,6,6
3578731305_4210384097.jpg,3,3
3613098634_3226780097.jpg,6,9
4024494141_3361617097.jpg,6,6
4051394393_2671813097.jpg,3,3
4245575247_2310198097.jpg,12,12
602280487_2350215097.jpg,3,11
804337851_4148095097.jpg,8,8
859221880_2403146097.jpg,3,0
1153561577_1527671098.jpg,0,0
1556786463_3427929098.jpg,5,5
1684890579_871391098.jpg,0,11
2037163431_2248419098.jpg,6,7
2451788754_626520098.jpg,6,6
2553603012_2931671098.jpg,1,1
259367753_151292098.jpg,12,12
262345688_1824425098.jpg,8,8
2626581318_2277865098.jpg,4,11
2633186905_1445287098.jpg,9,9
2930139239_1218064098.jpg,3,0
3045925218_3632488098.jpg,6,7
3114579728_1796435098.jpg,0,0
3672913414_2781601098.jpg,9,9
380443349_584464098.jpg,4,13
4056287129_1770738098.jpg,3,1
458185761_3611068098.jpg,10,10
525869762_1121639098.jpg,13,13
800776627_395945098.jpg,3,3
881495725_2585867098.jpg,11,11
92612180_140540098.jpg,12,11
1144032644_2168192099.jpg,10,10
1277489899_4061032099.jpg,3,11
1633785072_811282099.jpg,3,11
1791223278_2280556099.jpg,2,4
1799059051_4034721099.jpg,5,7
2033835424_180283099.jpg,5,5
247842997_4060937099.jpg,7,7
2539579523_2266762099.jpg,2,2
2680487957_3398755099.jpg,2,0
2739034551_2247452099.jpg,3,3
276900189_3235679099.jpg,6,6
2790703650_2846362099.jpg,13,13
2809592131_3923346099.jpg,13,13
3193741448_2965130099.jpg,10,10
343976085_1941922099.jpg,9,9
3591880527_3032558099.jpg,6,6
3747869248_996890099.jpg,9,9
393786295_1219828099.jpg,6,2
415617014_3886105099.jpg,0,0
4195983855_2269226099.jpg,3,11
610911602_1521245099.jpg,5,5
683579006_405442099.jpg,3,0
1365732366_1055996100.jpg,12,12
1784526179_869251100.jpg,9,9
1925256011_2793637100.jpg,11,11
2333266489_3550672100.jpg,11,11
2386492937_213858100.jpg,8,8
2456026906_1020866100.jpg,3,3
2496240443_3159663100.jpg,7,7
2723071871_676605100.jpg,10,10
2970939998_548522100.jpg,0,2
3011984024_3721100100.jpg,13,12
3070326527_66393100.jpg,2,11
3085137985_151204100.jpg,10,10
3172644504_2413784100.jpg,10,10
320266768_1751117100.jpg,8,8
321467368_2807708100.jpg,8,8
3414621312_4044812100.jpg,13,13
3551928978_3380181100.jpg,0,9
3697573998_3882854100.jpg,9,9
3717884271_3653222100.jpg,8,6
4001367073_2984910100.jpg,0,2
633453489_3857474100.jpg,9,9
802872623_3379721100.jpg,12,12
819406728_4074026100.jpg,0,0
1054600516_1119257101.jpg,2,4
1586916022_2453356101.jpg,5,5
1640680635_99986101.jpg,1,1
1825576497_2146424101.jpg,9,9
1892909279_2362459101.jpg,0,0
213706902_2087693101.jpg,1,11
21716146_3246452101.jpg,3,3
2466540592_2058887101.jpg,9,9
2507658559_1965041101.jpg,3,1
2513190482_2238892101.jpg,11,11
2532774861_1979943101.jpg,12,12
2637674829_1455899101.jpg,9,9
3003081823_1168735101.jpg,12,12
3184239455_2396597101.jpg,13,12
3268559381_1654456101.jpg,5,5
3595914059_3410056101.jpg,11,5
359906145_2646320101.jpg,3,11
3636054379_118494101.jpg,3,3
3889733777_1628079101.jpg,9,9
4169297068_2184983101.jpg,13,4
857975837_557838101.jpg,10,10
883612259_1469722101.jpg,5,5
900364255_2662819101.jpg,13,12
123297279_4138548102.jpg,6,6
1519873419_2887413102.jpg,13,0
1564080302_827379102.jpg,6,6
1655637566_4169156102.jpg,11,3
1845332162_2756885102.jpg,12,11
1980881085_2268298102.jpg,3,3
1991740926_1242368102.jpg,12,11
2119123767_1236172102.jpg,11,11
2309810971_1164140102.jpg,5,1
2519620042_1112556102.jpg,3,11
2687689993_3124226102.jpg,6,6
3074345401_3455206102.jpg,5,5
3327322247_1984107102.jpg,13,13
336833224_1544992102.jpg,13,12
3417313966_3875150102.jpg,12,12
357903734_3994747102.jpg,3,11
4060578907_1536852102.jpg,0,2
4107219850_427413102.jpg,4,2
4171542781_850385102.jpg,7,6
4273186746_3114405102.jpg,9,9
510685322_1071450102.jpg,3,0
793909936_193752102.jpg,1,1
1090255408_1029808103.jpg,13,13
1132606450_1658752103.jpg,8,8
123902205_3778098103.jpg,13,13
1256274343_1401501103.jpg,3,1
1547426100_4188316103.jpg,11,0
1569051536_1201714103.jpg,2,4
1927880976_453127103.jpg,3,12
1973725885_830252103.jpg,5,5
2054762166_2042474103.jpg,10,10
2064180401_2289654103.jpg,5,5
2692543707_3307187103.jpg,13,0
2827810545_1591575103.jpg,3,0
2831064778_3676228103.jpg,1,1
3000190387_2356377103.jpg,13,0
3027983802_1961583103.jpg,5,5
340058753_1222340103.jpg,11,11
3706226141_4139435103.jpg,8,8
3793764280_2131630103.jpg,9,9
3843721809_1335798103.jpg,8,8
3868993747_860128103.jpg,10,10
4053242420_3860771103.jpg,1,1
4218945263_1219754103.jpg,13,0
4219225473_4098510103.jpg,2,2
4253532466_1707936103.jpg,1,0
441559842_3100442103.jpg,6,6
510042450_711712103.jpg,6,6
802559009_2158153103.jpg,8,8
1036094749_3155085104.jpg,2,4
1062535324_3075040104.jpg,2,2
1068469002_465831104.jpg,10,10
1453743711_2039960104.jpg,9,9
1575120889_2409300104.jpg,9,9
1659066550_298524104.jpg,13,13
1696281873_2628064104.jpg,11,2
1705489804_3881157104.jpg,5,5
1893709134_314178104.jpg,1,1
1965119241_3730790104.jpg,13,13
2274844692_2368856104.jpg,10,10
2472920258_2864155104.jpg,6,1
2838055618_4162792104.jpg,1,1
2876289403_2791109104.jpg,4,2
3167970692_14360104.jpg,3,1
3564536607_3207010104.jpg,8,8
3616010845_3417309104.jpg,1,1
367473894_2706685104.jpg,5,5
393321711_2602575104.jpg,1,1
4193283611_1407132104.jpg,13,13
538279418_3975941104.jpg,10,10
617463519_2159384104.jpg,5,5
738412877_4019280104.jpg,4,4
778112636_1907367104.jpg,0,5
906341037_2306117104.jpg,13,13
931560325_2187390104.jpg,6,6
983606637_3622921104.jpg,3,6
1030096849_1111151105.jpg,5,5
104926829_3789774105.jpg,6,6
1167085805_3085735105.jpg,3,3
1410114609_4234335105.jpg,8,6
1863246700_462042105.jpg,8,8
2210823751_1893823105.jpg,6,6
2406356452_297331105.jpg,4,2
2497090109_3306205105.jpg,3,3
2535079041_290082105.jpg,5,6
2592785504_3207570105.jpg,5,5
2627825008_3778424105.jpg,8,8
262796719_4046678105.jpg,2,2
2924739332_1260896105.jpg,10,10
3110995982_1285165105.jpg,0,11
3209569830_2864749105.jpg,12,12
3295235378_1051781105.jpg,3,3
3471452457_2794647105.jpg,0,11
3471750093_4133885105.jpg,3,3
3507810003_3208859105.jpg,0,0
3738368330_1617449105.jpg,3,3
3806462683_3783781105.jpg,8,8
4044078250_2533665105.jpg,1,1
4179966788_983958105.jpg,13,13
539667398_2848396105.jpg,3,0
550368593_1046532105.jpg,8,8
578146205_3706613105.jpg,0,11
659952294_1329339105.jpg,3,1
760688640_2529689105.jpg,5,7
924123776_588486105.jpg,11,11
982688803_1882535105.jpg,5,5
101949138_703750106.jpg,0,0
1408458507_2570816106.jpg,1,1
1563139208_161204106.jpg,11,11
1936874156_2110651106.jpg,4,0
1939814099_1571400106.jpg,12,11
2061801416_1390021106.jpg,8,8
2249804746_434918106.jpg,1,3
2410170281_3036373106.jpg,10,10
2574204437_2167375106.jpg,10,10
2799654597_2117563106.jpg,2,2
297276545_3304483106.jpg,8,8
3374505768_1017411106.jpg,3,3
3595654837_1287925106.jpg,12,12
3603354282_1962961106.jpg,7,6
3758533610_2545898106.jpg,10,10
655309729_2253706106.jpg,1,1
874716438_1099002106.jpg,8,8
951078444_3392216106.jpg,4,0
959283331_3364955106.jpg,2,2
1056016798_2005431107.jpg,8,8
1156413045_414114107.jpg,11,11
1173400983_835826107.jpg,8,7
1250051297_465735107.jpg,13,13
1278423497_2398414107.jpg,9,11
1529377272_987738107.jpg,11,9
1564717502_3396434107.jpg,4,9
1640831376_1196443107.jpg,1,1
183507485_3191994107.jpg,9,7
1857799951_2407400107.jpg,13,12
1912124175_2789797107.jpg,8,12
2042575500_2064607107.jpg,3,11
2171528665_3496455107.jpg,0,0
2234609672_3611752107.jpg,10,10
2324968215_3818879107.jpg,0,5
2612155357_4280980107.jpg,9,9
2714842085_1984358107.jpg,11,11
2772617492_1070745107.jpg,12,12
2842594833_3926866107.jpg,9,9
2871645090_616537107.jpg,1,1
2887136676_4256062107.jpg,9,9
2897827416_713064107.jpg,8,8
2929088928_3547746107.jpg,12,2
293632809_69638107.jpg,0,11
3005663329_2495406107.jpg,11,11
3298768049_478726107.jpg,3,11
3307473695_2278540107.jpg,0,5
3472915426_3519702107.jpg,0,5
3534924885_4173075107.jpg,7,7
3537260317_3812734107.jpg,9,7
3560630271_1305272107.jpg,6,9
3655885606_3083901107.jpg,11,11
3691360143_2887872107.jpg,1,1
3810831775_2538564107.jpg,3,11
92559630_3248849107.jpg,10,10
1292431970_2811319108.jpg,13,13
1416940825_3033516108.jpg,0,0
1446494656_499102108.jpg,0,11
1838029440_2860003108.jpg,0,0
1873571358_28302108.jpg,13,13
2232477768_4210544108.jpg,7,6
2294852154_1407615108.jpg,0,0
2612232965_88960108.jpg,5,5
280812190_3781973108.jpg,9,9
3038596104_46467108.jpg,5,5
31749249_4087358108.jpg,0,0
3240114102_2389248108.jpg,10,10
3530298807_4279505108.jpg,4,2
3755914922_2807291108.jpg,3,3
3828515664_230966108.jpg,0,0
3980396616_3459438108.jpg,7,7
4199991443_2019365108.jpg,0,3
49143282_1398467108.jpg,0,7
516107403_1358522108.jpg,10,10
544738697_376290108.jpg,5,5
568604137_2104012108.jpg,11,11
709112884_1024125108.jpg,4,2
77477647_93518108.jpg,6,8
944101469_2860692108.jpg,11,11
99558767_999762108.jpg,6,6
1295347740_3022184109.jpg,3,1
1369384213_3711704109.jpg,4,2
160325283_1071515109.jpg,4,2
1776834267_2877912109.jpg,4,2
2413380484_3485058109.jpg,13,13
2535483087_1166328109.jpg,7,6
2692493088_6837109.jpg,11,11
2758403917_4035479109.jpg,8,6
2883399010_2021320109.jpg,10,10
2903319093_3345727109.jpg,3,3
295688570_1179330109.jpg,0,0
3500436562_2941043109.jpg,5,6
3581109255_1277908109.jpg,0,1
3589022746_2485712109.jpg,10,10
369502289_1077005109.jpg,3,12
3899408908_2659996109.jpg,12,12
3952519493_100312109.jpg,11,11
4150184379_1578476109.jpg,9,9
465260417_346303109.jpg,4,2
504157903_2437587109.jpg,11,11
660728069_3803116109.jpg,13,13
682754615_3387611109.jpg,5,5
740724655_3822823109.jpg,8,7
851225264_2880006109.jpg,3,3
141968761_3363334110.jpg,13,0
1507750243_1565934110.jpg,3,0
1559949009_528160110.jpg,3,3
1668265266_1417328110.jpg,7,7
1705010116_3628751110.jpg,0,11
1758190329_870840110.jpg,9,7
1922334687_506959110.jpg,13,13
1959681576_1677482110.jpg,10,10
1960237945_1058476110.jpg,5,5
2237109523_873952110.jpg,12,12
2293777016_1107082110.jpg,7,6
2377798364_1039890110.jpg,0,0
2714602533_2444092110.jpg,9,7
2825053369_3292399110.jpg,10,11
2827330729_3540740110.jpg,9,9
2852333126_1884743110.jpg,11,11
2866523018_27290110.jpg,3,3
3107418107_4224277110.jpg,0,5
3324554628_2367430110.jpg,0,5
3500786024_962910110.jpg,3,3
3760794617_1690733110.jpg,8,8
3796576642_541766110.jpg,10,10
387180550_4186960110.jpg,3,1
4264069834_4162807110.jpg,2,2
535935939_3329799110.jpg,9,9
587286787_4205931110.jpg,3,0
623274847_3332079110.jpg,5,5
682196060_733429110.jpg,1,1
709522684_2384702110.jpg,3,3
711107754_2299634110.jpg,8,12
828244987_2430530110.jpg,2,2
833324259_2609374110.jpg,11,0
1165724036_1565786111.jpg,12,12
1234533761_2986188111.jpg,3,3
1535752156_2553107111.jpg,10,10
1636774890_3684338111.jpg,5,7
1681711972_2653689111.jpg,1,1
1734839337_3515609111.jpg,1,1
1915670423_3360617111.jpg,4,0
1969590358_1001784111.jpg,3,3
2079634747_2173248111.jpg,5,5
2369006274_463716111.jpg,0,0
2478384825_3912546111.jpg,3,3
2508687262_664061111.jpg,0,5
2913959508_3302464111.jpg,7,7
3146430156_1382387111.jpg,12,11
3245235971_1293014111.jpg,5,7
344642114_291996111.jpg,8,8
3850249149_2699034111.jpg,5,5
3871872429_3208881111.jpg,1,1
3993097823_875516111.jpg,3,11
4078572306_2592905111.jpg,3,3
4100513288_1456641111.jpg,8,12
677132885_1417420111.jpg,0,0
82310585_2161851111.jpg,8,7
88831224_1304099111.jpg,10,10
1254883800_774386112.jpg,5,5
1364607652_2946848112.jpg,4,0
1375660820_1545065112.jpg,3,3
1388593960_2277266112.jpg,4,0
1412826245_1481682112.jpg,5,5
1459382457_1049786112.jpg,10,10
1669708020_3638936112.jpg,7,1
1768183704_3887426112.jpg,12,12
2626713323_4029871112.jpg,11,11
2681928951_3401585112.jpg,11,5
2741111442_451139112.jpg,11,11
3385912318_3745472112.jpg,4,2
3403298611_3492758112.jpg,3,0
3450195045_2105290112.jpg,12,11
358366516_2120128112.jpg,9,11
3604531143_1829582112.jpg,4,2
3838617679_3374140112.jpg,5,5
3931049390_1018493112.jpg,1,5
4110372504_2352657112.jpg,12,13
4117152868_285874112.jpg,5,7
4159196048_77072112.jpg,8,12
569059261_851366112.jpg,1,1
60655113_3534339112.jpg,2,10
747052541_994722112.jpg,11,11
788502721_553001112.jpg,5,5
1054504606_535119113.jpg,1,1
1080078491_462279113.jpg,1,1
1085743657_3442712113.jpg,0,0
1244803478_4019966113.jpg,10,10
1947251306_1782997113.jpg,5,5
2039117313_2455535113.jpg,9,9
2144137354_1915623113.jpg,6,6
2301165225_1325665113.jpg,8,8
2771290391_3561423113.jpg,2,4
2912307005_3550036113.jpg,3,3
2915830609_2432586113.jpg,8,6
3015246151_841335113.jpg,10,10
3089229334_1179145113.jpg,0,0
3139631946_665244113.jpg,12,12
3510492850_1206573113.jpg,4,2
356343634_1453369113.jpg,12,11
3826507865_332960113.jpg,0,1
3997119909_1513151113.jpg,3,0
4000906948_1824393113.jpg,0,0
4156563147_2361002113.jpg,11,11
421852282_1135234113.jpg,10,10
450853530_2917556113.jpg,9,9
126983125_3977750114.jpg,9,10
1391803714_2628134114.jpg,10,10
1486444226_3487949114.jpg,3,3
1486758549_3116679114.jpg,12,11
1538391696_2066224114.jpg,3,12
1748578992_3439666114.jpg,3,11
1853598118_824504114.jpg,4,2
2174754168_337619114.jpg,8,6
2795095108_3519995114.jpg,8,8
2800670259_3769647114.jpg,11,11
3247257452_3143107114.jpg,4,2
3539011884_1365145114.jpg,13,13
3613968527_3988201114.jpg,4,11
3628473255_1435368114.jpg,11,2
371930938_4683114.jpg,1,1
3911118563_3809962114.jpg,1,3
4190887373_2039670114.jpg,4,0
738528040_2430402114.jpg,11,11
879266298_886994114.jpg,0,0
925611587_2702303114.jpg,10,10
102453016_2920798115.jpg,12,0
1105341581_11117115.jpg,3,3
2070672631_976985115.jpg,0,0
2263365936_4171333115.jpg,8,8
3167932826_3218940115.jpg,5,5
3202158564_4154070115.jpg,1,7
3236760781_433081115.jpg,12,12
3268263611_2829190115.jpg,3,11
3393568202_3527308115.jpg,0,0
3886934074_2365849115.jpg,10,10
4264464656_2839865115.jpg,4,5
487260530_2520457115.jpg,9,9
626243346_1102556115.jpg,13,12
648892099_1418487115.jpg,8,8
66027069_1112887115.jpg,4,13
1003278116_1499609116.jpg,8,8
1142205567_1799934116.jpg,3,1
1147214330_4079466116.jpg,10,10
1169199973_837822116.jpg,10,10
1218068674_2748614116.jpg,5,5
1249706990_1518692116.jpg,9,11
1308101463_2435645116.jpg,5,5
1521700887_2971559116.jpg,12,12
1531694361_283178116.jpg,8,8
1602708533_3348444116.jpg,12,11
16249911_1326807116.jpg,8,6
1677571712_1674685116.jpg,0,1
1733750121_1883134116.jpg,11,11
1784580423_956088116.jpg,13,13
2102322325_800377116.jpg,8,8
2170908306_4225834116.jpg,5,5
225567847_2315039116.jpg,12,11
2297667945_740033116.jpg,13,13
2374428909_3394175116.jpg,11,0
2661795507_2381444116.jpg,1,3
2855436828_2074470116.jpg,1,1
3293729681_126958116.jpg,3,1
3450546028_77206116.jpg,0,0
3557552835_2725688116.jpg,8,8
363557486_2620063116.jpg,4,2
3882719014_1856973116.jpg,3,0
4248882124_1750428116.jpg,9,9
4270442440_856429116.jpg,0,13
580614840_1724021116.jpg,3,12
691733181_737971116.jpg,4,2
1491774362_2253975117.jpg,4,2
1791560951_1074588117.jpg,11,11
1882560729_524209117.jpg,12,0
2052813241_2413691117.jpg,8,7
2234784619_4287253117.jpg,10,10
2358923887_2477817117.jpg,2,2
3064379035_4108093117.jpg,3,0
3152631721_482712117.jpg,0,0
3301753355_71766117.jpg,6,6
3301935506_4218029117.jpg,9,6
3309006954_3942868117.jpg,11,11
3338385390_3794979117.jpg,1,0
3419335929_1707561117.jpg,13,13
3420259422_1496234117.jpg,12,11
3853472428_2778402117.jpg,3,1
3872006998_569874117.jpg,9,9
3915865675_3321959117.jpg,6,6
4094679129_2350655117.jpg,10,10
4112709651_1498685117.jpg,9,9
4120692933_2088969117.jpg,3,3
443183519_2900011117.jpg,3,3
499502224_2751068117.jpg,3,3
524808036_804209117.jpg,1,3
53808794_2378832117.jpg,0,0
544992722_1816024117.jpg,6,6
593094020_2086298117.jpg,12,0
714943001_900187117.jpg,6,6
744699329_3522620117.jpg,11,11
769455398_1313958117.jpg,8,8
915390559_1318906117.jpg,0,0
1157853372_509372118.jpg,2,2
1208743060_2959508118.jpg,8,12
1622755803_1142705118.jpg,4,4
197988588_1628575118.jpg,10,10
2373091303_3114988118.jpg,10,10
2498994914_2635288118.jpg,8,8
2554898885_2889596118.jpg,6,8
2648471363_150854118.jpg,13,4
2751536591_3146369118.jpg,11,11
3264118882_3871684118.jpg,11,11
3428157899_774052118.jpg,4,0
3519423689_718874118.jpg,3,11
3540560479_2487079118.jpg,11,11
368892523_3372661118.jpg,10,10
444220315_2860392118.jpg,3,3
445663038_3541431118.jpg,4,2
592323856_1661850118.jpg,12,12
876249988_104466118.jpg,8,7
1773914360_3110997119.jpg,6,6
1923929916_890147119.jpg,3,3
1953976745_2742421119.jpg,11,0
2066024859_4061469119.jpg,6,6
251177732_1000717119.jpg,2,2
2548802645_3587685119.jpg,4,11
2816858488_1577720119.jpg,1,1
2845005288_2043363119.jpg,3,3
3248396403_1314100119.jpg,13,13
3366257520_3648699119.jpg,6,6
3528858327_4285638119.jpg,0,0
4186762205_3222059119.jpg,5,7
1010986647_2057994120.jpg,10,10
1057727420_754165120.jpg,9,9
1069599515_1682179120.jpg,8,8
1181846724_2454347120.jpg,8,8
1426732066_814265120.jpg,8,12
1478021242_2526377120.jpg,11,11
1737547106_880266120.jpg,7,7
1776348412_2119246120.jpg,1,1
2110665667_3178512120.jpg,12,11
2605106955_793340120.jpg,5,5
2613711732_2820251120.jpg,10,10
3241617018_118968120.jpg,12,12
3346105613_247491120.jpg,2,2
3544012831_2546376120.jpg,10,10
35807168_242870120.jpg,5,5
360334724_1465498120.jpg,5,2
39503359_4141404120.jpg,9,9
4181258492_4110513120.jpg,4,2
4185156522_2299524120.jpg,2,4
577379180_1925991120.jpg,3,3
638108498_1002272120.jpg,10,10
741111216_1710221120.jpg,1,1
931288070_3597308120.jpg,12,13
960214472_1012387120.jpg,9,9
1242417070_2318415121.jpg,8,6
1482524711_2393808121.jpg,3,1
1624504643_3275931121.jpg,13,13
2725093477_2835150121.jpg,11,2
2794345108_2513009121.jpg,10,10
2860879875_1299579121.jpg,12,12
2988980423_3421947121.jpg,1,1
2993248245_1153404121.jpg,4,2
3001097518_1508128121.jpg,7,7
3109611929_2105982121.jpg,7,6
3153493574_682433121.jpg,7,7
3432535086_2296175121.jpg,9,9
3509638174_4036833121.jpg,6,6
3640289698_639990121.jpg,8,8
3659298609_1330764121.jpg,9,9
3953424878_1552045121.jpg,10,10
4072218461_2549282121.jpg,13,13
4212438443_4022338121.jpg,11,6
78870789_3509573121.jpg,11,11
972099329_4096416121.jpg,12,12
1120899692_2010550122.jpg,0,5
1539981897_3012408122.jpg,10,10
1695929734_2799848122.jpg,7,1
185673842_1464901122.jpg,0,0
2002572307_1116363122.jpg,3,3
2109404350_1515612122.jpg,5,5
2409154470_2770770122.jpg,0,0
2563064325_717748122.jpg,3,11
2941333063_3195705122.jpg,5,5
2982142836_135761122.jpg,11,11
3141608736_2107867122.jpg,12,11
3347393566_627837122.jpg,1,1
3393989817_2794586122.jpg,4,13
3447087498_67968122.jpg,10,10
3487447884_1947902122.jpg,11,11
3585677878_1672282122.jpg,11,11
3596989353_3539775122.jpg,3,11
3694487287_159446122.jpg,0,11
4158310668_1884816122.jpg,2,8
503882495_4048614122.jpg,11,6
679209793_1542959122.jpg,0,4
955360029_1881904122.jpg,2,4
1003018173_4025403123.jpg,13,13
1028632243_3779880123.jpg,5,5
1031077378_186085123.jpg,4,2
1111138146_751522123.jpg,10,10
1483433765_2386145123.jpg,1,1
1533335552_925475123.jpg,2,9
1668899250_4164826123.jpg,10,10
1908333031_3506927123.jpg,5,5
1994182246_2498451123.jpg,6,6
230267465_606869123.jpg,1,11
2327501138_1447996123.jpg,9,9
258781215_2364441123.jpg,8,7
2669219361_97170123.jpg,4,5
269379308_1435294123.jpg,11,11
3058709899_3950233123.jpg,12,11
3226878593_865418123.jpg,5,0
3300235176_278988123.jpg,0,0
3505950592_3423961123.jpg,3,1
3702032057_676250123.jpg,1,7
3814386354_2372689123.jpg,0,5
3843035017_359021123.jpg,8,8
3922996325_1583806123.jpg,5,5
4052086764_2843044123.jpg,3,3
433177833_1037769123.jpg,0,13
624984785_1460629123.jpg,9,9
683623660_4100410123.jpg,0,0
723082415_1249849123.jpg,7,7
860357424_3287853123.jpg,12,13
224375905_97097124.jpg,7,6
2329426142_3565449124.jpg,3,11
276609490_2909299124.jpg,8,7
2823904815_3739693124.jpg,9,9
3374785424_4222054124.jpg,4,2
3539539109_943948124.jpg,6,6
3585911001_708347124.jpg,6,6
3731907555_627250124.jpg,7,6
3747209359_2263386124.jpg,9,9
3826317668_198853124.jpg,7,7
3989612882_2112368124.jpg,8,8
3992450678_2806251124.jpg,8,8
4007552970_4278805124.jpg,10,10
4265027591_2245958124.jpg,1,1
467401796_268756124.jpg,10,10
501020953_3044138124.jpg,10,10
712446202_3527305124.jpg,11,2
910888612_359334124.jpg,0,5
953635484_1040202124.jpg,11,11
1000542508_3013683125.jpg,10,10
1306308858_1361402125.jpg,0,0
1350769828_1799824125.jpg,7,7
1593826297_585805125.jpg,2,0
160518420_1205060125.jpg,10,10
1946522011_3341311125.jpg,12,12
2004180514_414355125.jpg,13,13
2089648285_1185826125.jpg,12,12
2277736802_1115899125.jpg,13,13
2433302636_3478777125.jpg,11,11
2646873891_2491072125.jpg,3,3
2682589736_2294804125.jpg,1,1
2730768148_693894125.jpg,5,5
2888674647_1535931125.jpg,4,2
3037963159_1453208125.jpg,9,9
3587660590_1596586125.jpg,5,0
3717004781_1357331125.jpg,6,8
3721421670_532500125.jpg,9,9
4007546469_2817491125.jpg,13,13
4074539805_270735125.jpg,6,6
4121570397_3719837125.jpg,12,12
4253324463_2117155125.jpg,13,13
752186499_554789125.jpg,3,0
818180408_2354362125.jpg,4,2
108712516_3631825126.jpg,12,11
1092620804_586495126.jpg,9,9
1148623623_2740708126.jpg,13,13
1468061212_2526052126.jpg,13,13
1501026413_2443784126.jpg,7,7
1567787976_3687420126.jpg,0,0
1640917406_255198126.jpg,1,1
1716048797_1524559126.jpg,9,6
1764550656_861203126.jpg,3,1
1777708402_398450126.jpg,1,1
1932778889_4086055126.jpg,4,2
2337720521_1849074126.jpg,3,1
2640438773_1476020126.jpg,13,12
2885674373_521052126.jpg,7,5
3198419329_1212930126.jpg,9,6
3452724698_1657487126.jpg,7,6
3526538979_384455126.jpg,0,0
3720454424_1195991126.jpg,13,13
3811341879_1589455126.jpg,9,9
4055064702_140743126.jpg,7,7
4150603894_52012126.jpg,3,0
831459985_465449126.jpg,11,11
951587273_2636374126.jpg,0,0
1080505388_1168294127.jpg,0,0
1190757345_1039922127.jpg,13,13
1702407096_2186217127.jpg,11,1
1892345597_2186747127.jpg,9,9
2210251118_1894477127.jpg,1,1
2226676895_2866526127.jpg,13,13
2260949958_3776507127.jpg,11,11
2311322512_1379696127.jpg,3,1
2336775263_1941510127.jpg,3,3
2586731305_779123127.jpg,12,11
2637978495_940124127.jpg,12,0
2769917040_4265644127.jpg,3,1
3191560262_1919771127.jpg,8,6
3215105283_756258127.jpg,2,4
3573623303_863146127.jpg,9,9
3645109149_30195127.jpg,6,6
3681721491_2509346127.jpg,9,9
3693968489_1904857127.jpg,10,10
3697544949_2256009127.jpg,0,5
3842249586_2406719127.jpg,5,5
3880181227_3660375127.jpg,5,7
3953752322_833284127.jpg,10,10
4122636193_2045246127.jpg,3,1
4186755414_3217994127.jpg,9,9
440223075_3589216127.jpg,6,6
75503056_1187836127.jpg,13,13
777436336_222307127.jpg,11,0
872044717_1414597127.jpg,1,11
880738899_3181297127.jpg,5,7
974179476_1109984127.jpg,1,7
1110435422_577661128.jpg,12,11
1298387527_723057128.jpg,1,1
1565172955_1024785128.jpg,0,0
1574534265_1295233128.jpg,3,3
1706010752_931126128.jpg,10,10
1992483568_1487454128.jpg,3,3
2000246742_3703394128.jpg,12,12
20914117_3875968128.jpg,2,4
2365926582_3624049128.jpg,11,11
2595052272_1267753128.jpg,10,10
2763948583_743935128.jpg,4,2
3038520870_2326367128.jpg,11,11
3146928617_4165349128.jpg,6,6
3217599565_3318157128.jpg,12,11
3347808463_2656797128.jpg,4,2
3431036426_4095524128.jpg,5,7
3588994299_582455128.jpg,8,6
3718211609_4232376128.jpg,0,4
605730510_309445128.jpg,13,13
761834120_2809870128.jpg,0,0
1172730240_3303989129.jpg,3,3
1200032460_1419247129.jpg,3,3
1204350617_4004587129.jpg,12,0
2516983123_3286891129.jpg,10,10
2665086670_3978383129.jpg,9,9
3103656142_1714695129.jpg,11,11
3215123091_3533961129.jpg,3,1
3275538836_1602014129.jpg,3,11
3303513766_2336194129.jpg,5,5
3679520044_3162404129.jpg,3,0
37342238_3000555129.jpg,13,13
3898474907_59871129.jpg,0,0
3905317508_640411129.jpg,8,7
4175572905_1058549129.jpg,12,11
4230722466_3773758129.jpg,10,10
988268006_849980129.jpg,11,6
1246052920_2198733130.jpg,9,9
1333826483_2608731130.jpg,13,13
1350943851_2247859130.jpg,3,1
1351523471_3107802130.jpg,3,5
1487066027_3127626130.jpg,9,9
1627100711_1275280130.jpg,4,2
1634237726_605284130.jpg,3,11
1690205293_3185996130.jpg,9,9
1792387202_440096130.jpg,11,11
1954385859_2512105130.jpg,9,9
1958234234_2287072130.jpg,9,9
1982549469_2609701130.jpg,11,2
228465949_1432028130.jpg,12,7
2353676707_36659130.jpg,7,6
2441480775_3371776130.jpg,12,0
249254745_3972551130.jpg,11,11
2495615972_1340360130.jpg,3,0
2528111052_2450525130.jpg,10,10
2626335095_3487124130.jpg,8,12
3003273393_1882931130.jpg,11,0
3287755159_4023951130.jpg,2,13
3375694173_4134709130.jpg,0,0
3452592126_2231908130.jpg,11,2
3593842450_2379866130.jpg,5,13
3758990012_2867914130.jpg,12,11
4072276783_386670130.jpg,12,12
4248451645_3966725130.jpg,2,2
589539287_945618130.jpg,9,9
697113322_883096130.jpg,13,12
71034853_130892130.jpg,13,13
818702780_1727807130.jpg,0,0
1033365513_1059543131.jpg,0,0
1739526299_1183807131.jpg,6,5
1834628412_3613645131.jpg,11,11
2070397307_1038586131.jpg,9,9
2296968709_138216131.jpg,1,1
2597212262_2637125131.jpg,5,5
2963939441_3685205131.jpg,0,0
3052334464_1235986131.jpg,13,13
3277640099_4218981131.jpg,13,13
3338144808_4078379131.jpg,13,13
3539748146_107941131.jpg,9,9
4056079171_2904288131.jpg,10,10
4097477899_2893949131.jpg,8,12
4119666478_2184539131.jpg,6,8
4282977132_3840501131.jpg,12,12
599621533_3202199131.jpg,3,1
624498055_461057131.jpg,4,2
751678094_1383765131.jpg,10,10
810946678_746490131.jpg,2,2
846912290_3929479131.jpg,0,0
1080349453_1089982132.jpg,11,11
1161037236_200332132.jpg,11,11
1263780428_3029915132.jpg,9,9
1310733306_1391249132.jpg,1,1
1673892264_4269956132.jpg,6,6
1906280602_3760007132.jpg,3,3
1992305444_2235604132.jpg,9,9
2054873696_573604132.jpg,5,5
2140821968_1187666132.jpg,10,2
2150315938_1655207132.jpg,13,13
2264288220_1053686132.jpg,8,8
3020448356_4050360132.jpg,13,12
3135220613_1218466132.jpg,6,6
3221524477_2834655132.jpg,1,1
3304010643_3925617132.jpg,3,3
3531281965_1618607132.jpg,3,3
3590883883_2116085132.jpg,9,9
4057862392_3596994132.jpg,0,0
4099937278_3476907132.jpg,9,9
4203737820_4163911132.jpg,10,10
837160202_4239703132.jpg,12,0
972936676_584239132.jpg,6,6
996923603_3716295132.jpg,3,11
1072037043_140709133.jpg,3,3
1090575273_3137281133.jpg,13,13
1209771578_932307133.jpg,8,8
1218201220_2090426133.jpg,8,8
1232204875_576298133.jpg,6,6
1623809339_2676306133.jpg,7,7
1754274779_1055515133.jpg,10,10
216937015_2552603133.jpg,1,1
2387608299_3683563133.jpg,8,8
2695606421_3941373133.jpg,3,1
3155627884_3213579133.jpg,11,11
3220620091_1924836133.jpg,10,10
3319521853_236127133.jpg,3,3
3377250008_2633360133.jpg,4,2
4016847492_899513133.jpg,10,10
4146276024_1750584133.jpg,9,6
4165841520_1916382133.jpg,7,7
473020875_2211102133.jpg,12,12
605038142_2846750133.jpg,11,11
728844590_717412133.jpg,1,0
87985172_835445133.jpg,13,13
953013821_984301133.jpg,13,13
1003910616_1861196134.jpg,0,0
1004594082_4142569134.jpg,5,0
1128573748_805267134.jpg,6,6
1460413991_1938534134.jpg,2,11
1799320304_1214433134.jpg,8,8
1935211121_761398134.jpg,3,11
1982575296_448049134.jpg,13,13
1990984579_3173276134.jpg,0,13
220509416_2004066134.jpg,9,9
2271618850_3338879134.jpg,13,13
2339532997_2495686134.jpg,12,12
2438718622_3731030134.jpg,0,11
2609039233_3630217134.jpg,5,5
2669350367_1836357134.jpg,11,11
2874938481_724285134.jpg,1,1
346373921_2154394134.jpg,12,11
3463981812_144762134.jpg,10,10
3663952577_1121721134.jpg,3,1
3843801143_556549134.jpg,8,8
3915729233_939198134.jpg,10,10
4111889241_32882134.jpg,7,6
4200583348_2147592134.jpg,8,8
44402611_1519905134.jpg,12,13
631568067_2403510134.jpg,4,2
779816969_3386078134.jpg,1,1
1242373107_3878990135.jpg,2,2
1467147850_957324135.jpg,5,6
15161506_1996082135.jpg,1,1
1763871487_1336449135.jpg,6,13
1862861561_1097159135.jpg,4,2
1891032149_916770135.jpg,13,13
1952226947_1867018135.jpg,12,12
2050859741_1355428135.jpg,1,0
2239072699_2232434135.jpg,5,5
238361626_2387873135.jpg,3,0
2784556888_532754135.jpg,13,13
3222037858_3306135.jpg,3,3
3463114066_3322224135.jpg,8,6
349124807_1476006135.jpg,6,7
3525324882_3825372135.jpg,11,11
3644132044_3325871135.jpg,11,11
3817119127_665601135.jpg,11,11
3831709480_3378752135.jpg,8,8
4187810411_4262835135.jpg,7,6
4192955003_1826555135.jpg,10,10
4286404252_2407661135.jpg,3,1
43275182_3426371135.jpg,9,1
966556066_2198445135.jpg,1,1
1156537227_275842136.jpg,11,11
1284744472_738907136.jpg,3,3
1367852147_4284600136.jpg,5,5
1449963811_2514896136.jpg,9,9
1713806169_948410136.jpg,12,12
1741364340_2399937136.jpg,12,12
1775651823_939176136.jpg,10,10
1870946939_1717507136.jpg,12,11
1982150743_3909302136.jpg,12,0
2013016004_209418136.jpg,13,13
2091024390_2752643136.jpg,8,12
2496465910_1036648136.jpg,1,0
2623184141_563082136.jpg,3,1
3997597171_1539872136.jpg,1,1
4135007413_3147849136.jpg,1,1
512471481_3054906136.jpg,8,8
569316439_2296685136.jpg,5,5
821302551_3101808136.jpg,11,11
838194597_3193643136.jpg,6,6
8670742_3205822136.jpg,13,13
1032772767_4056949137.jpg,13,13
1987617651_3467838137.jpg,1,1
2069288138_1200836137.jpg,7,6
2203884624_2562123137.jpg,8,8
296575321_2896442137.jpg,12,2
2970259065_94231137.jpg,3,0
3044054054_3399946137.jpg,4,2
3335789029_2967908137.jpg,11,1
3671540768_1140578137.jpg,12,12
3725044098_3038466137.jpg,2,12
4274541547_506075137.jpg,10,10
629422258_336535137.jpg,12,12
702766763_2843354137.jpg,6,8
762510488_4016288137.jpg,0,0
920341832_2972387137.jpg,1,1
96534613_3802189137.jpg,10,10
1810836532_1918020138.jpg,13,2
1993339781_2483006138.jpg,13,4
2083896704_205567138.jpg,6,6
2120872470_1881009138.jpg,7,11
2324102034_1040862138.jpg,6,8
2451854814_1952367138.jpg,11,11
27183347_3790111138.jpg,8,6
2748480618_1042131138.jpg,10,10
3031089598_779128138.jpg,12,11
3103262019_1928735138.jpg,2,4
3112571011_3694824138.jpg,10,10
3180009900_3957984138.jpg,11,11
3250373743_2383588138.jpg,11,11
3517701830_1648619138.jpg,8,12
3523709559_1234826138.jpg,9,9
3623847125_2246482138.jpg,8,6
3716026530_2524488138.jpg,5,5
3842824243_2727295138.jpg,4,2
3976329758_2540825138.jpg,12,12
4143104377_1667722138.jpg,13,12
788641849_516385138.jpg,1,0
856677521_2468574138.jpg,6,8
915052405_2516655138.jpg,9,2
1170709823_2723310139.jpg,9,6
1283531078_732918139.jpg,8,12
1306095167_1810515139.jpg,8,8
150001773_684427139.jpg,12,0
1535295735_1696166139.jpg,9,9
1585476646_764148139.jpg,12,13
1685859623_3715982139.jpg,7,7
1937070767_2248994139.jpg,6,8
2153821517_1679388139.jpg,12,11
228429368_392392139.jpg,8,8
2330202295_3640977139.jpg,1,2
2472623876_2624115139.jpg,10,10
2660509309_257779139.jpg,3,3
2689047164_2400236139.jpg,8,8
2829397488_937388139.jpg,10,10
2928913090_1271491139.jpg,9,9
3250864420_2865298139.jpg,12,12
3508146788_101066139.jpg,0,11
3674241911_51586139.jpg,2,0
3678686713_2097303139.jpg,1,1
3685114094_3129085139.jpg,12,12
391792633_1838834139.jpg,9,6
3930258109_4188611139.jpg,3,3
4199573830_3576487139.jpg,13,13
53021941_3617211139.jpg,11,11
629638678_1036755139.jpg,1,3
803651634_607037139.jpg,3,0
938394048_1068673139.jpg,9,9
1098484475_2390721140.jpg,2,11
157947495_2076188140.jpg,0,0
1679066000_1455807140.jpg,0,11
1797339251_1586766140.jpg,11,1
2099445538_3780285140.jpg,11,11
2191591946_2118537140.jpg,13,13
22061796_3376669140.jpg,11,11
2226075146_4156831140.jpg,11,0
2295076000_4226942140.jpg,9,6
2478722290_1138691140.jpg,3,1
2578287888_159521140.jpg,12,12
2610960100_1663092140.jpg,1,0
2629609007_2258789140.jpg,2,4
2666504052_3725289140.jpg,3,1
2719056495_1701762140.jpg,2,2
279754455_2178568140.jpg,1,1
3129945743_4205878140.jpg,13,13
3261858240_3342090140.jpg,2,2
3520633899_227250140.jpg,1,1
3563195886_1979241140.jpg,3,3
3867411474_2412292140.jpg,11,11
3872362374_1164581140.jpg,0,11
3886049129_1623674140.jpg,7,7
6069767_3644827140.jpg,13,13
655706574_2184695140.jpg,2,0
774069814_3528599140.jpg,8,7
99649715_1760681140.jpg,3,3
1780252621_2202955141.jpg,6,8
2048780365_522643141.jpg,1,1
212220382_2996642141.jpg,0,0
2153849245_1821254141.jpg,8,8
2441760401_3916412141.jpg,9,6
2443996393_3008095141.jpg,4,2
2966539392_324049141.jpg,13,13
3158005514_4044525141.jpg,7,7
3337641211_3385758141.jpg,5,6
3698079638_3821845141.jpg,11,11
3817172133_2634945141.jpg,6,7
384533111_1075510141.jpg,10,10
3892555941_1410421141.jpg,3,11
3892835925_3402050141.jpg,10,10
3898001761_3282899141.jpg,2,11
3995287392_3014158141.jpg,8,8
4041310715_4239862141.jpg,1,1
4205703421_1536527141.jpg,0,2
492500744_1326940141.jpg,13,13
58196338_1596359141.jpg,12,0
716778623_1798226141.jpg,0,11
738306557_4001611141.jpg,13,13
764054905_213003141.jpg,13,13
919282410_3266351141.jpg,8,8
1023404362_491668142.jpg,2,4
1025362661_2573681142.jpg,13,13
1209623197_4022650142.jpg,2,11
1347599583_1684954142.jpg,13,12
1366436769_2357974142.jpg,5,5
1562424309_3498312142.jpg,0,0
1572107672_324310142.jpg,12,11
1672774242_119501142.jpg,8,8
1697732639_3138582142.jpg,0,11
1796409884_3265629142.jpg,5,7
1955090637_3327996142.jpg,8,7
2103416965_970849142.jpg,8,12
2166484270_4271562142.jpg,12,11
224535587_1245207142.jpg,6,6
2742729614_1211717142.jpg,7,7
2853018370_860063142.jpg,9,9
3268079305_1492098142.jpg,11,11
330684411_2216502142.jpg,3,11
3321557043_741208142.jpg,12,11
3793255039_3283835142.jpg,11,11
4091447582_1763606142.jpg,5,7
4133915816_3295111142.jpg,3,3
4159034178_2189006142.jpg,4,2
4192301616_2014972142.jpg,9,9
4212941439_2020311142.jpg,3,3
45530656_1378556142.jpg,9,9
553733174_1772341142.jpg,0,12
668460083_3936095142.jpg,7,1
1322609415_1180383143.jpg,1,0
1429245732_161752143.jpg,13,13
1438500908_3784882143.jpg,13,12
2134465453_1295391143.jpg,13,13
2416726979_526601143.jpg,0,1
2658357399_997014143.jpg,4,12
2808912586_1160902143.jpg,1,1
2948134199_469985143.jpg,13,13
3233942529_1374535143.jpg,9,7
3503133009_2803026143.jpg,13,0
362650614_2944557143.jpg,4,2
3844000340_2584822143.jpg,8,8
3881124678_3390437143.jpg,0,1
3889580661_1183014143.jpg,3,3
3892926858_2712039143.jpg,8,8
3952374859_3570625143.jpg,5,5
4143556069_3702476143.jpg,12,12
538352034_1397311143.jpg,1,1
554210916_726293143.jpg,2,0
873403269_4086598143.jpg,4,0
1037224628_2529285144.jpg,2,2
1052099367_323970144.jpg,1,8
1108876355_2331607144.jpg,3,3
1134878168_647608144.jpg,13,13
1243802441_1300417144.jpg,5,8
1296504327_2600262144.jpg,9,9
1924208529_2838058144.jpg,10,2
2048329327_3604728144.jpg,0,5
2160825356_1241438144.jpg,5,5
2265660348_2172947144.jpg,4,4
2265737893_2009465144.jpg,12,11
2363333597_4158022144.jpg,2,2
2570902284_665871144.jpg,6,8
2577724132_1981355144.jpg,7,1
2597056641_3482586144.jpg,4,2
2710299370_1718775144.jpg,13,13
2789662074_228569144.jpg,5,7
2872772145_2991462144.jpg,3,0
3407169021_2986796144.jpg,2,0
3456512958_355311144.jpg,1,1
4075744476_2037632144.jpg,8,12
4144493718_261586144.jpg,3,0
4205897753_1863528144.jpg,13,5
4277397606_2576745144.jpg,1,1
438072304_39028144.jpg,1,1
505555644_2643279144.jpg,8,7
776424449_1816195144.jpg,11,11
826341648_2096782144.jpg,11,11
84509820_2254212144.jpg,11,13
1095693704_3597562145.jpg,5,5
1499183413_1167554145.jpg,2,0
1574064947_1551576145.jpg,1,1
1652670634_3510727145.jpg,8,8
1666725982_325047145.jpg,9,11
1889654924_897409145.jpg,2,2
1896476789_140691145.jpg,6,6
1899160769_2736396145.jpg,12,12
2116287675_2372565145.jpg,6,7
2144703589_176597145.jpg,1,1
2619874542_2231702145.jpg,2,2
269814748_4266941145.jpg,13,13
2994444844_1125443145.jpg,5,5
3159890616_2264383145.jpg,12,12
3190775140_2181956145.jpg,13,0
3235492956_1089328145.jpg,13,6
3331517326_1821540145.jpg,3,12
3390909689_3150192145.jpg,5,7
3529308777_3026958145.jpg,10,10
379852217_44511145.jpg,11,11
3919160514_1300737145.jpg,2,0
468314928_583887145.jpg,6,6
587351354_3742557145.jpg,13,13
891864272_1229469145.jpg,8,8
951422201_1694638145.jpg,9,9
1093681668_1306654146.jpg,1,1
1188472247_331916146.jpg,6,6
1323523032_2313392146.jpg,9,9
1401258122_1215451146.jpg,6,6
189089542_3570139146.jpg,3,11
2068934212_1698015146.jpg,3,0
22326044_2653400146.jpg,13,13
2543727302_3608234146.jpg,11,4
2657837317_4232812146.jpg,9,9
2800151588_2701665146.jpg,8,8
2932516646_1637332146.jpg,13,12
2949392855_2391121146.jpg,13,13
3295341025_2595083146.jpg,9,9
3486860017_2703730146.jpg,3,1
3594930197_38677146.jpg,0,0
3636482250_3075559146.jpg,9,9
3684607192_3754404146.jpg,13,13
3853392205_175979146.jpg,2,5
3922014034_3563293146.jpg,4,2
488660925_3475795146.jpg,8,8
495664295_3874766146.jpg,13,13
772401114_4130280146.jpg,6,8
1060698854_3174451147.jpg,4,0
1186068229_2387887147.jpg,1,0
1874570605_3423283147.jpg,0,0
213222456_549106147.jpg,0,11
2171122965_1266752147.jpg,9,9
2224219024_1911047147.jpg,5,5
2256506705_2394187147.jpg,1,1
227643367_2576724147.jpg,3,3
2366271891_2841968147.jpg,6,6
2378226115_1101398147.jpg,9,9
2395866557_2963891147.jpg,9,9
2458251332_2553492147.jpg,0,5
2517670993_4146870147.jpg,3,3
2539811203_3256348147.jpg,3,3
2695620982_3490721147.jpg,9,9
2780103657_1522850147.jpg,9,9
3597730885_4177320147.jpg,5,13
3703494710_1300857147.jpg,0,2
3881169549_1394845147.jpg,1,1
3909814331_2935571147.jpg,3,3
4098799797_4268334147.jpg,8,12
476881193_4196619147.jpg,9,9
511099291_984361147.jpg,10,10
655021303_2207430147.jpg,11,12
686595452_1677431147.jpg,9,6
795367066_3461681147.jpg,5,5
817455927_988447147.jpg,10,10
1087645942_694666148.jpg,7,12
1097748245_2447824148.jpg,12,12
1587939099_3931208148.jpg,0,0
1694557293_2481235148.jpg,0,0
1833956987_348164148.jpg,3,12
2042451672_711646148.jpg,12,12
2100848112_1062238148.jpg,0,0
2182444053_415646148.jpg,9,6
2324147356_1852884148.jpg,10,10
2650539636_3335865148.jpg,6,6
3016800300_275540148.jpg,13,13
3222834762_1299997148.jpg,6,8
3275493261_3614630148.jpg,3,0
3381984968_2787774148.jpg,5,7
4024989471_1290903148.jpg,4,2
405215480_3704530148.jpg,13,13
4177248683_1481781148.jpg,10,10
4288475382_992962148.jpg,7,7
530612338_4092895148.jpg,11,6
643454942_2651165148.jpg,1,9
762408397_497150148.jpg,0,0
7842437_1577154148.jpg,0,0
807326449_1934254148.jpg,1,7
949189151_1592679148.jpg,4,4
995094872_1639194148.jpg,8,8
1028257183_3321190149.jpg,9,11
106114233_445962149.jpg,9,6
1237206496_1388317149.jpg,2,4
1400182819_3773797149.jpg,3,11
1416546502_958745149.jpg,4,2
1443836871_1499271149.jpg,5,7
2110810750_2438762149.jpg,8,8
2250151851_3788607149.jpg,13,13
2296925185_3863807149.jpg,1,1
2497453025_3440338149.jpg,4,2
2700665452_803584149.jpg,8,8
284337033_1246797149.jpg,12,12
3131735898_3573594149.jpg,8,8
3484599032_772006149.jpg,11,11
3515784505_1433060149.jpg,3,3
3802538880_2997071149.jpg,6,6
3915664850_3114329149.jpg,10,10
3947516427_1900556149.jpg,13,10
4023472330_1016581149.jpg,3,2
4161581996_2031458149.jpg,12,11
4292816717_1601628149.jpg,3,1
507152671_2865741149.jpg,11,11
753086917_2496334149.jpg,3,12
802319718_3306860149.jpg,3,3
83341987_1345850149.jpg,13,13
918347613_483254149.jpg,3,3
940567965_227703149.jpg,11,5
97772517_1495890149.jpg,1,3
125769763_3109027150.jpg,12,0
1518137633_1005981150.jpg,5,5
1936279354_2798285150.jpg,5,5
1972955518_817118150.jpg,3,3
2063099248_1957933150.jpg,13,13
2075044479_1820940150.jpg,12,7
2183144774_2529926150.jpg,6,7
2234162032_3671665150.jpg,8,6
2557727109_400277150.jpg,5,5
2730974605_858174150.jpg,0,0
2752974340_3908593150.jpg,7,6
2766361188_1396109150.jpg,8,12
2781065830_2160401150.jpg,3,1
2915850272_2481686150.jpg,13,13
295943235_429689150.jpg,3,11
3193836372_3426278150.jpg,10,10
3281509746_222253150.jpg,3,1
33501535_2847177150.jpg,5,12
3670761273_973251150.jpg,3,3
3822395718_3422723150.jpg,3,3
3834872122_3062066150.jpg,9,9
4198305407_1431175150.jpg,0,0
681250603_1428144150.jpg,10,10
771441224_1966979150.jpg,10,6
907592286_3899669150.jpg,12,12
1116304992_1212293151.jpg,11,11
1238739272_3848073151.jpg,13,12
168604904_2078281151.jpg,3,3
1732842969_2259487151.jpg,1,3
1740377749_2407733151.jpg,13,10
1944009007_3904583151.jpg,13,13
2486156192_856226151.jpg,8,8
2527708391_1899831151.jpg,5,5
253262860_4122761151.jpg,0,0
261690826_1551628151.jpg,4,11
2680630457_85284151.jpg,11,11
2681039328_103221151.jpg,12,12
2976758415_1039060151.jpg,3,3
3130440859_1247795151.jpg,11,11
3275152240_2106310151.jpg,0,0
3721693626_3996216151.jpg,3,3
376932478_1460030151.jpg,7,11
3918202561_3563930151.jpg,9,9
532171492_2138430151.jpg,11,1
800170978_1830081151.jpg,13,13
886144676_1936627151.jpg,5,13
994300860_3629964151.jpg,9,9
1014168852_2229890152.jpg,9,9
1084403585_2237665152.jpg,1,1
1561080861_4122669152.jpg,5,13
1615770319_2748267152.jpg,11,11
1634176606_1784126152.jpg,13,13
1861321201_329923152.jpg,9,9
2039790079_1819237152.jpg,2,11
2476777273_1445655152.jpg,5,7
2913699387_2190715152.jpg,12,0
3607260212_2391777152.jpg,6,7
3770826069_611485152.jpg,8,5
3844856491_938785152.jpg,10,10
3858688104_2898725152.jpg,8,8
3994164300_612358152.jpg,5,5
4047573216_3711062152.jpg,10,10
4065308994_652128152.jpg,10,10
4105960114_4254787152.jpg,13,12
4190291349_3450830152.jpg,5,5
533488141_700486152.jpg,13,13
706246048_942346152.jpg,10,10
819569491_2219752152.jpg,8,6
1025541651_1177204153.jpg,2,2
1103503743_282965153.jpg,6,5
1147724044_2725617153.jpg,13,13
1232157535_75782153.jpg,8,8
1571119915_2065425153.jpg,8,8
1707030217_2387932153.jpg,6,6
17139375_266091153.jpg,4,4
214392031_3081755153.jpg,8,8
2151901657_3522980153.jpg,11,6
2496860383_3914588153.jpg,10,10
256719927_3552584153.jpg,2,2
2819847953_1969348153.jpg,1,0
3018382842_419731153.jpg,3,3
3118315068_1090806153.jpg,11,11
3273740329_2334253153.jpg,6,8
3577154218_2312109153.jpg,12,11
3619623325_832092153.jpg,4,4
3642752625_2537104153.jpg,6,6
3756533544_1648425153.jpg,12,11
3919038161_2993072153.jpg,1,1
4048825903_2132408153.jpg,7,6
4156774584_3266751153.jpg,9,9
4161725661_2895971153.jpg,8,6
832549943_92295153.jpg,9,9
835167076_3916182153.jpg,13,13
895924923_2854504153.jpg,3,11
992801494_1308638153.jpg,13,13
1045174673_1588530154.jpg,9,0
1134778708_2433619154.jpg,3,3
1266234343_2312456154.jpg,6,6
1349104262_1954177154.jpg,2,11
14474180_802194154.jpg,8,8
1463877259_298281154.jpg,6,8
150253982_1976777154.jpg,6,6
1653327843_3784256154.jpg,10,10
1812831960_1219482154.jpg,6,8
217483025_4006691154.jpg,0,0
2377110544_2950542154.jpg,5,5
2482966440_3677385154.jpg,12,0
2554253304_748801154.jpg,9,9
2956227120_354187154.jpg,6,12
3116158906_3419757154.jpg,10,10
3281262000_3045756154.jpg,4,2
3458164817_1058101154.jpg,11,11
3480594799_959288154.jpg,5,5
356237722_49567154.jpg,12,3
3690682823_301955154.jpg,3,11
3933257118_3133572154.jpg,12,7
589624584_3302304154.jpg,1,1
793710998_1262534154.jpg,8,8
1302033695_3168115155.jpg,1,9
1329859673_3611077155.jpg,6,9
1335322127_2602302155.jpg,6,8
1623981853_2668380155.jpg,4,2
1749208314_2267698155.jpg,1,1
1803352515_2166866155.jpg,3,1
198275546_1645134155.jpg,3,0
2039460622_96592155.jpg,9,6
2407308517_2804801155.jpg,10,10
2666242343_4088357155.jpg,6,8
27233701_3954858155.jpg,13,13
2738420826_2891278155.jpg,8,12
2773504477_3048576155.jpg,8,8
2794533772_465455155.jpg,1,1
3446447576_3673342155.jpg,8,6
3534698866_897545155.jpg,0,11
3633045278_4066177155.jpg,12,11
4163006317_3206690155.jpg,11,11
515967291_3457362155.jpg,0,0
631599791_2073334155.jpg,11,11
830913759_1325790155.jpg,13,13
968375439_1632544155.jpg,2,1
1202093036_2203632156.jpg,8,7
1251168914_419925156.jpg,1,0
1330461828_1474691156.jpg,13,12
1461040247_1203416156.jpg,3,11
1539498253_2923999156.jpg,6,6
1755847936_3450279156.jpg,1,3
1773743882_1663894156.jpg,11,11
18983718_2612222156.jpg,8,8
2160402596_1791494156.jpg,1,1
2279431872_4038046156.jpg,7,7
2436628325_3463618156.jpg,0,0
2599649111_1019525156.jpg,3,1
3046994137_2452472156.jpg,12,12
3160381898_2755501156.jpg,9,9
3484740849_2184822156.jpg,11,0
3926137606_2224205156.jpg,7,6
3962109466_1599753156.jpg,9,9
4079714925_3261608156.jpg,9,9
4098047544_662516156.jpg,3,1
4210689188_653940156.jpg,12,12
444550294_375292156.jpg,12,12
559321685_3512374156.jpg,5,5
560076014_644405156.jpg,9,9
761119919_2413533156.jpg,3,1
8675882_1363122156.jpg,10,10
892364050_2996684156.jpg,4,2
916527086_856743156.jpg,8,8
1012348314_3640701157.jpg,11,2
1083583019_529348157.jpg,10,10
1680086213_2250245157.jpg,9,1
2058558684_3428013157.jpg,6,8
2096386285_1535739157.jpg,10,10
2313132823_1522890157.jpg,4,2
259642303_146587157.jpg,6,6
2853718218_300293157.jpg,0,0
2926171285_2830789157.jpg,5,5
2983062874_4108116157.jpg,11,11
2992596295_1019936157.jpg,3,3
3069236335_698594157.jpg,11,11
310416136_1621653157.jpg,3,1
3262076953_3893948157.jpg,9,9
3376257120_2628628157.jpg,7,6
33976926_2672878157.jpg,0,0
3790599890_824769157.jpg,8,8
3871679447_155090157.jpg,13,13
460039582_1232651157.jpg,11,11
738310246_1832601157.jpg,11,11
1037483663_3513246158.jpg,1,1
117905777_3332344158.jpg,0,0
135952770_1161340158.jpg,6,8
1382669572_181519158.jpg,2,2
1393776603_2616404158.jpg,6,6
1401422821_541173158.jpg,1,1
1473004614_2329031158.jpg,0,3
1509248939_3872340158.jpg,1,1
1580118514_2980224158.jpg,1,11
1600156616_2663877158.jpg,6,8
1630071130_2811922158.jpg,1,9
1751178185_374599158.jpg,3,1
180813382_2744849158.jpg,5,5
182273400_2172557158.jpg,1,1
2450774659_3919754158.jpg,1,11
2585187665_1517117158.jpg,5,5
2595994858_3605276158.jpg,9,9
2910643718_418428158.jpg,11,11
2966965239_2703757158.jpg,11,0
3109231330_658852158.jpg,0,5
3209445408_187173158.jpg,7,7
3215952632_1353847158.jpg,11,11
3363623276_3014470158.jpg,12,12
3877427206_4176790158.jpg,5,5
3922815288_3286008158.jpg,3,3
4142540139_3404194158.jpg,10,10
652774668_2044264158.jpg,10,10
849948554_218845158.jpg,4,0
1017649745_3477533159.jpg,5,5
1485395057_3719293159.jpg,3,1
164388520_2435196159.jpg,10,10
1799794123_2893251159.jpg,4,2
1865050259_3279505159.jpg,11,0
1929654133_2973301159.jpg,1,7
1954035472_2679818159.jpg,2,0
229399117_917091159.jpg,10,10
2855929441_3526018159.jpg,1,1
2896266533_3432480159.jpg,12,7
2933247968_2320578159.jpg,10,10
3163494010_3503543159.jpg,9,9
3166059657_2385354159.jpg,3,11
3251463825_3895180159.jpg,0,11
3766967810_563672159.jpg,7,7
4069570754_270879159.jpg,12,11
4240747123_66325159.jpg,3,1
4292127136_4208717159.jpg,1,1
4293830554_1415681159.jpg,8,6
720069931_3893255159.jpg,0,0
788419245_1436845159.jpg,2,4
1596777808_673309160.jpg,3,0
161212455_2572368160.jpg,0,1
1626782155_2737805160.jpg,3,0
1808626305_548348160.jpg,10,10
2358508361_91437160.jpg,0,12
2501237524_2613058160.jpg,9,9
2784259635_1051798160.jpg,7,7
28462626_3759725160.jpg,9,9
2966330254_3732214160.jpg,1,6
298968837_3689100160.jpg,0,0
3054127548_646960160.jpg,13,0
3206096450_4202267160.jpg,8,8
3316905665_2978774160.jpg,9,9
36196838_4282706160.jpg,9,2
4056145215_381455160.jpg,2,2
564321594_4220384160.jpg,7,11
704123556_3220805160.jpg,1,1
714942828_1265432160.jpg,10,9
734648983_1222378160.jpg,13,13
796860408_2955921160.jpg,12,12
125112095_3381524161.jpg,1,1
1345000655_2651552161.jpg,8,6
1493188555_421177161.jpg,4,2
1550946082_1863176161.jpg,13,0
1698016942_1572168161.jpg,0,0
1724651767_1631049161.jpg,0,0
1770885434_2251794161.jpg,12,0
1789670424_1336265161.jpg,4,2
1790426024_19138161.jpg,11,11
1887699427_2392208161.jpg,13,11
1980162079_1916499161.jpg,9,9
199454301_866666161.jpg,0,0
2003000000_3331109161.jpg,5,7
2040478483_2927748161.jpg,8,8
2185522675_2135508161.jpg,13,0
2316384749_1823860161.jpg,8,8
2352650458_171093161.jpg,8,8
2480990788_3498589161.jpg,9,9
2492744577_4179440161.jpg,4,5
2508586384_2383371161.jpg,1,7
2730466554_2009834161.jpg,0,0
296783205_3796446161.jpg,0,11
334652602_1380803161.jpg,12,12
3919561028_3409936161.jpg,11,0
3985889473_3320828161.jpg,12,11
524109756_545728161.jpg,5,7
945359464_1803989161.jpg,9,6
1032690306_3129284162.jpg,8,8
1088033304_1378011162.jpg,11,11
1202691436_4258510162.jpg,1,9
1427171381_1227224162.jpg,8,8
1506740389_1135128162.jpg,1,1
1653910408_3838438162.jpg,4,4
1657995334_1244889162.jpg,0,0
1769898099_43145162.jpg,9,7
1774703019_1193004162.jpg,13,13
1869337623_2829782162.jpg,11,1
1997877362_4247094162.jpg,0,0
2197671932_3634710162.jpg,7,6
2200398769_1071697162.jpg,1,1
2271351186_3180618162.jpg,2,2
2295953537_4149128162.jpg,0,0
2347568525_1787040162.jpg,13,13
2418629726_492065162.jpg,10,10
2456411115_1557719162.jpg,12,11
249196264_1453216162.jpg,3,3
269445799_2212421162.jpg,13,13
2720468882_1656785162.jpg,9,9
2765357200_777440162.jpg,10,10
3310815503_2980314162.jpg,4,4
3381741369_288032162.jpg,13,13
3393087955_3328882162.jpg,9,9
355736773_3904270162.jpg,11,2
3592589164_722949162.jpg,10,10
3661986056_1805928162.jpg,0,0
3681543244_3579610162.jpg,13,13
3695200979_837290162.jpg,10,10
371514232_2257872162.jpg,0,2
3895957016_3574091162.jpg,5,5
4047028818_1161300162.jpg,1,1
4089693502_470823162.jpg,11,11
4183482163_1204212162.jpg,2,2
782567743_262297162.jpg,5,5
982099715_3974389162.jpg,11,11
1071929948_2555614163.jpg,1,0
1330845816_3299049163.jpg,2,4
1917365167_1388295163.jpg,8,6
211919189_3301778163.jpg,3,0
2231808660_1121551163.jpg,0,5
225081198_4189392163.jpg,13,0
2392033015_3816255163.jpg,4,2
253232192_2400510163.jpg,6,6
2749817435_2304377163.jpg,9,9
2793930841_1036564163.jpg,11,3
2879902173_1942343163.jpg,4,2
2890993836_1249071163.jpg,1,1
2894925986_1060375163.jpg,8,6
2968181276_89415163.jpg,8,8
3029174136_2485589163.jpg,8,6
3403521382_2249010163.jpg,0,4
3967524345_1529943163.jpg,0,0
4138325931_108204163.jpg,10,10
416100629_2625141163.jpg,8,8
616528934_2106392163.jpg,5,5
861658129_4127867163.jpg,13,13
1253610054_449706164.jpg,5,7
132820020_4140330164.jpg,4,2
1421408261_1091732164.jpg,9,9
1628981116_2666805164.jpg,0,0
1698690605_4280336164.jpg,1,1
1740129926_1692959164.jpg,5,5
1771422170_3483397164.jpg,11,0
1855443000_239426164.jpg,5,5
2213832466_656613164.jpg,10,10
2289539707_1769946164.jpg,5,5
2292957717_2171350164.jpg,0,0
2297056694_1474693164.jpg,5,7
2605560315_1051170164.jpg,11,11
2878565728_929480164.jpg,9,1
2933924133_463675164.jpg,11,0
3135271581_83031164.jpg,6,8
3182851264_1958094164.jpg,0,0
3207409319_3212880164.jpg,8,8
3256992443_475441164.jpg,3,0
3389271343_3490691164.jpg,8,8
3440859723_3029093164.jpg,9,9
3501387483_2935183164.jpg,3,1
3955514591_3073514164.jpg,13,13
4031968836_178237164.jpg,10,10
4240601244_1662157164.jpg,9,10
446826436_840375164.jpg,3,0
459510515_3187030164.jpg,6,8
695417724_1092113164.jpg,13,13
974449785_372633164.jpg,8,7
1184494042_346813165.jpg,0,0
1609544359_834371165.jpg,6,8
1628594342_2576802165.jpg,8,6
1799901320_3342445165.jpg,12,1
2194327258_4048182165.jpg,8,12
239114327_4287323165.jpg,13,12
2483942843_3047458165.jpg,12,12
2745159721_3524465165.jpg,3,11
3070063309_1952340165.jpg,11,0
3189606127_2534231165.jpg,3,3
3870714245_2142930165.jpg,11,11
3965952458_4096768165.jpg,5,2
3966458825_1882770165.jpg,5,5
4203801215_1042477165.jpg,4,0
4216630144_1538383165.jpg,3,1
4256391464_490816165.jpg,8,12
4268400498_3227354165.jpg,1,1
476503444_3055723165.jpg,9,9
489394297_1763947165.jpg,12,12
777465078_2116275165.jpg,3,3
829453143_1479457165.jpg,8,8
908525699_3913874165.jpg,13,13
1153356970_1664193166.jpg,8,12
126072755_3425359166.jpg,13,13
1899442676_2027504166.jpg,6,6
1930346613_182043166.jpg,11,11
2115199065_1807345166.jpg,6,6
2321715164_3730920166.jpg,9,6
3134149178_1504374166.jpg,8,8
3215844020_2505734166.jpg,6,11
3559815346_224270166.jpg,0,11
3678254108_1030013166.jpg,10,10
3724260851_3913792166.jpg,3,1
49515027_2624250166.jpg,11,11
572217050_1860045166.jpg,5,5
961048331_2483407166.jpg,9,9
1119947064_1237270167.jpg,9,9
1156950372_3102488167.jpg,6,11
1163246161_1863684167.jpg,11,11
1178822755_3087110167.jpg,12,12
1374213813_931839167.jpg,1,1
1772164684_4081381167.jpg,10,10
1857936890_1784913167.jpg,4,2
2073965128_426521167.jpg,6,6
2100747435_2105120167.jpg,8,8
2411464222_1539118167.jpg,6,7
2643073819_1477562167.jpg,11,11
2850675174_4270416167.jpg,5,5
288468782_2061018167.jpg,2,4
2937085398_3891662167.jpg,4,0
3128972005_3936761167.jpg,7,7
3199766169_1874368167.jpg,11,11
3472751531_1170936167.jpg,6,6
3551025283_2592904167.jpg,13,13
3665332821_2071989167.jpg,0,0
3671596355_2394484167.jpg,5,5
4003214818_347840167.jpg,6,6
4059994254_3720934167.jpg,12,7
4096313576_3831040167.jpg,3,1
4120239024_4029372167.jpg,4,2
4170976554_724408167.jpg,4,2
814830372_2146491167.jpg,0,0
93704365_4288423167.jpg,3,1
107885441_2791486168.jpg,4,2
1126190439_3831262168.jpg,2,4
1132258106_2496858168.jpg,9,2
1348524952_3289565168.jpg,0,0
142237953_3229896168.jpg,13,0
1585820006_4022748168.jpg,5,7
1676196008_2653126168.jpg,2,11
1839257628_395650168.jpg,3,1
184499793_2035467168.jpg,9,9
2054396838_3921690168.jpg,0,0
2206120646_3048714168.jpg,4,13
2248890407_1428960168.jpg,12,12
2387350429_2001744168.jpg,6,6
2680953946_2155743168.jpg,1,1
2732621073_808575168.jpg,13,13
3001324297_1288568168.jpg,6,6
3270630282_153105168.jpg,9,9
3280701983_523604168.jpg,5,5
3883679866_4238616168.jpg,12,12
4010246239_3138728168.jpg,11,11
4043491776_3128388168.jpg,13,12
4211459281_672887168.jpg,13,2
641391410_3500844168.jpg,8,6
823352115_3080906168.jpg,0,11
915656778_2803727168.jpg,12,12
1086056481_3079362169.jpg,5,5
1119598084_778005169.jpg,0,0
1123109466_3079277169.jpg,3,1
125316429_3572596169.jpg,4,0
1301966761_878397169.jpg,2,2
1304230032_1594478169.jpg,1,1
1570106472_1185083169.jpg,12,12
1595355551_3876816169.jpg,2,4
1666377391_1681716169.jpg,8,6
1700939778_2920791169.jpg,10,10
1870061028_4003640169.jpg,4,2
1877302291_4176678169.jpg,3,0
1915419992_2387853169.jpg,5,5
1930550241_521621169.jpg,13,0
1935955756_3299655169.jpg,10,10
2086553150_1187661169.jpg,4,2
2130282679_4214928169.jpg,13,13
2152013744_2404569169.jpg,10,10
2174274500_679650169.jpg,5,8
2277971226_4219747169.jpg,8,8
2362400486_3872563169.jpg,5,7
2386357553_1335165169.jpg,13,11
3257371906_3677614169.jpg,12,12
3269230854_528185169.jpg,13,5
3704222561_1702424169.jpg,12,11
3801590922_3415964169.jpg,1,1
3802953423_1142162169.jpg,8,8
4129666156_1418297169.jpg,2,2
4219498570_974948169.jpg,13,13
4259648215_1262123169.jpg,9,9
578888288_2554832169.jpg,9,6
615666256_2162084169.jpg,10,10
72478361_25401169.jpg,6,6
820048753_3043259169.jpg,10,10
960755884_3776992169.jpg,1,1
1288880386_1196261170.jpg,4,13
1506559525_4154437170.jpg,3,3
1723130348_1999672170.jpg,8,8
1744262285_953581170.jpg,11,11
1813855550_2785332170.jpg,2,13
1820677035_2543195170.jpg,1,1
2169248461_2467151170.jpg,6,6
2236148340_3301608170.jpg,6,6
2567555399_1130598170.jpg,9,9
2742767198_3642563170.jpg,9,6
290365231_1702708170.jpg,0,0
4001092636_323192170.jpg,11,13
4228386664_1529915170.jpg,12,11
695896103_1960870170.jpg,10,10
731541136_3858004170.jpg,3,3
110763275_2306174171.jpg,6,9
1347098491_2579501171.jpg,10,10
1544416644_1560062171.jpg,4,2
1891199193_2306060171.jpg,3,3
1941929015_2745163171.jpg,12,12
2225102579_262874171.jpg,13,13
2420492571_475680171.jpg,8,6
2445158519_3018232171.jpg,8,8
250740156_3862194171.jpg,11,11
2510307948_2772777171.jpg,11,11
2551697895_205821171.jpg,7,7
2831200818_1731661171.jpg,8,8
2964830138_3838383171.jpg,10,10
3025372215_2138967171.jpg,11,11
310283535_4011692171.jpg,10,10
315888139_2485385171.jpg,3,3
3277974412_2100380171.jpg,4,2
3336214384_1168137171.jpg,3,11
347965317_2223135171.jpg,9,9
3580936817_1814869171.jpg,13,13
3666792500_3951633171.jpg,6,8
371943961_1946920171.jpg,11,11
3952187115_1980802171.jpg,10,10
395596284_1515834171.jpg,7,7
3957085573_1928932171.jpg,8,7
4063244140_2563202171.jpg,3,11
467511896_3989522171.jpg,1,1
5257833_3577774171.jpg,8,7
607468031_721153171.jpg,6,6
741719112_3457427171.jpg,11,12
8345461_205840171.jpg,5,7
93010919_3106969171.jpg,6,6
1546591838_2234181172.jpg,1,1
1565664529_3597696172.jpg,11,9
1822764341_58273172.jpg,3,3
2023144952_2198935172.jpg,0,0
2313155676_3841887172.jpg,9,9
2998489055_1468719172.jpg,3,0
3367365541_2935349172.jpg,11,11
360792979_816854172.jpg,0,0
3740746369_433940172.jpg,1,7
377642720_401470172.jpg,13,13
3813465048_932644172.jpg,8,8
3908084860_2294940172.jpg,3,3
4159307433_2790297172.jpg,0,0
4256655417_2527586172.jpg,1,1
769161703_1695773172.jpg,8,7
1007532208_4183568173.jpg,10,10
1098976571_4030011173.jpg,11,11
1255692228_786442173.jpg,8,8
1281761207_4294805173.jpg,0,0
128947782_504662173.jpg,4,3
1462150679_1938947173.jpg,13,11
1655428602_988164173.jpg,2,0
1818485086_1170264173.jpg,2,2
2225409930_3427703173.jpg,7,1
2319438818_1301180173.jpg,3,3
2345879070_1085311173.jpg,8,12
2472075124_3098943173.jpg,2,2
2793456791_1763718173.jpg,13,13
2831128024_3845152173.jpg,8,8
2897360715_2161969173.jpg,12,11
2941643060_1138102173.jpg,11,11
3407999970_2401392173.jpg,10,10
341295940_3911736173.jpg,6,8
357992382_649583173.jpg,5,5
360688362_1451710173.jpg,12,12
3838770359_3797069173.jpg,6,6
3851358272_1201573173.jpg,4,2
4082753995_3730568173.jpg,11,11
4125114452_1906177173.jpg,9,9
4130873472_1982147173.jpg,3,3
4187433102_1751320173.jpg,5,5
672976646_998120173.jpg,3,3
1010256299_2732090174.jpg,13,13
1272625374_500021174.jpg,10,10
1347927072_2716281174.jpg,6,8
1403262048_1483730174.jpg,11,11
1460035486_3588317174.jpg,6,11
1523712293_1117326174.jpg,6,1
1546751750_1435333174.jpg,12,12
1778959136_2118984174.jpg,9,9
1800737610_202719174.jpg,5,5
1818454122_3399290174.jpg,8,7
2003450057_3464625174.jpg,3,3
2041861354_1679891174.jpg,13,13
2087349812_2086318174.jpg,1,1
2239770515_3996921174.jpg,7,1
248303062_3717877174.jpg,8,6
2544349905_1469503174.jpg,7,7
2705204560_204060174.jpg,1,7
296602313_684136174.jpg,13,13
304415268_1367097174.jpg,0,0
3500681029_581231174.jpg,12,12
3671178247_1750331174.jpg,8,7
3811374631_1674587174.jpg,10,10
3935773359_2992251174.jpg,12,12
4188949802_4118221174.jpg,6,8
646026167_1959006174.jpg,12,0
135050112_3100656175.jpg,8,8
1361595467_222839175.jpg,9,1
1855901136_23496175.jpg,0,11
1923161465_859840175.jpg,3,0
2011780647_949961175.jpg,11,2
2088056976_2028426175.jpg,3,1
2331227965_784787175.jpg,9,9
2416762345_2741907175.jpg,7,6
2641399154_1156226175.jpg,1,1
2643458986_3535483175.jpg,8,8
2704835664_1352240175.jpg,10,10
2962479099_2338548175.jpg,11,11
3230928157_3267855175.jpg,12,0
3289173961_1470136175.jpg,0,5
3601264544_767284175.jpg,4,2
3710404907_1020750175.jpg,8,12
4070282180_3177308175.jpg,4,2
4222224908_3334982175.jpg,4,2
4227704597_2823662175.jpg,9,9
685812807_3508744175.jpg,0,0
1061963846_3353854176.jpg,13,13
156792239_3080292176.jpg,6,8
1637345491_1742530176.jpg,13,13
219588484_795592176.jpg,11,11
2199926962_3496620176.jpg,11,0
242190137_2520534176.jpg,5,5
2645859050_1762453176.jpg,4,4
2664848056_2851740176.jpg,13,13
2911752107_4217323176.jpg,10,10
3031865013_1038108176.jpg,1,1
3183240891_2190174176.jpg,7,7
3470973896_3223261176.jpg,10,10
3684675792_593498176.jpg,13,12
3788695080_2335103176.jpg,5,5
3967435146_1698752176.jpg,3,3
431630541_1895118176.jpg,3,11
452895106_2529389176.jpg,11,11
483664506_3799278176.jpg,3,1
964373642_2742666176.jpg,13,2
1094132865_82039177.jpg,4,2
1293443117_3203653177.jpg,1,0
142483945_2259003177.jpg,8,11
1934164854_1382023177.jpg,8,8
2012066953_3014034177.jpg,4,2
2054802471_4288043177.jpg,1,1
2073886063_3864475177.jpg,3,3
2182771701_356259177.jpg,4,2
2252845361_3791371177.jpg,1,1
3498055683_984678177.jpg,12,1
3767248581_3556130177.jpg,9,6
4028536141_2906432177.jpg,10,10
4055570108_3634773177.jpg,7,6
479834277_1659444177.jpg,9,9
821833842_2711025177.jpg,0,0
873555367_1688709177.jpg,8,12
1036717256_3315887178.jpg,0,0
1244897208_2202900178.jpg,1,1
1279281405_1435754178.jpg,12,11
1359286509_2911132178.jpg,12,12
1551867079_4262639178.jpg,0,0
1851780524_1688919178.jpg,1,1
2047315610_1110706178.jpg,13,13
2077419259_604903178.jpg,13,11
2269873366_2921542178.jpg,3,1
2435988428_967300178.jpg,4,2
2472658905_2122673178.jpg,3,1
2644708478_1593369178.jpg,9,9
2679901515_3553747178.jpg,9,6
2857717827_3913082178.jpg,1,1
3063972166_472619178.jpg,0,4
3344766484_3580641178.jpg,12,12
3349911636_3706678178.jpg,10,10
3365377819_3759562178.jpg,1,1
412655712_802503178.jpg,2,2
4154841937_2425759178.jpg,8,12
4208855062_3625380178.jpg,2,2
429215173_769845178.jpg,4,2
513849845_1927927178.jpg,3,12
540990755_797670178.jpg,13,13
728686154_1274060178.jpg,2,2
1146538127_3912860179.jpg,8,8
1199814885_2498469179.jpg,8,12
1426619950_1927886179.jpg,11,11
1436738840_3230059179.jpg,10,10
1649104582_2391977179.jpg,10,10
1876326401_2335898179.jpg,6,6
1906312751_2182939179.jpg,3,0
1922682852_2531330179.jpg,3,3
2007925011_2751060179.jpg,4,2
2596006828_992711179.jpg,0,0
2876249135_2936864179.jpg,0,0
2890450983_2363995179.jpg,3,11
3028171423_1713631179.jpg,9,9
3056087229_711968179.jpg,1,1
3449166678_328513179.jpg,7,7
3520733801_3830765179.jpg,12,11
3874498906_1398190179.jpg,13,11
4049553955_1452330179.jpg,10,10
4174182652_1508325179.jpg,8,8
700675380_3981899179.jpg,6,6
799303568_3273650179.jpg,9,9
830124432_675591179.jpg,5,5
1127253506_3381221180.jpg,9,9
1158438259_367715180.jpg,8,8
1903754353_2549336180.jpg,13,13
2380728418_1512891180.jpg,3,3
2392669289_661254180.jpg,10,10
2425604530_2355908180.jpg,6,8
2436790383_1439699180.jpg,10,10
2470503785_2452312180.jpg,4,0
2527141936_3962350180.jpg,13,13
2709990898_2065652180.jpg,13,12
2895593303_2823929180.jpg,6,6
2931883354_3662058180.jpg,1,1
2956981793_3632055180.jpg,2,2
3060896017_3915742180.jpg,7,7
3329022574_3132973180.jpg,1,1
3492358227_1952630180.jpg,1,0
3504456487_466350180.jpg,9,9
3828930276_963022180.jpg,8,6
3919273839_3819027180.jpg,2,2
3930167183_2666764180.jpg,8,8
3999547844_2148239180.jpg,13,13
411489206_3602051180.jpg,2,2
67360390_310862180.jpg,11,11
1032271036_3448024181.jpg,8,8
1316499433_541640181.jpg,0,0
1479733425_1122761181.jpg,2,5
1667462557_1352441181.jpg,10,10
17466650_4283624181.jpg,6,6
2088852723_3009375181.jpg,10,10
2094601709_3688312181.jpg,1,1
209599175_2769389181.jpg,8,12
2149951563_3175298181.jpg,13,12
2419130933_3599032181.jpg,13,13
2509432661_630825181.jpg,0,7
2574825872_666258181.jpg,5,7
2830796087_1599083181.jpg,9,7
2876188470_573934181.jpg,8,8
3051834803_2041414181.jpg,1,1
3236885941_566701181.jpg,1,1
3350286898_591414181.jpg,9,9
3554759351_872991181.jpg,6,6
4193804439_204234181.jpg,11,2
612613918_1602791181.jpg,12,11
76326371_3049437181.jpg,1,1
881315578_399915181.jpg,5,0
1389632698_1457122182.jpg,1,7
1436963690_2211482182.jpg,1,9
1700457958_3309898182.jpg,0,0
1971245452_2461355182.jpg,0,0
2091329018_2013260182.jpg,3,0
2178405744_3073777182.jpg,10,10
2460050458_10149182.jpg,6,2
257348235_1317184182.jpg,0,0
2643717841_2833037182.jpg,1,0
2876181757_3272631182.jpg,3,11
291166474_3433220182.jpg,8,6
3049515929_2375015182.jpg,12,12
335646585_3063702182.jpg,3,3
3457665923_800633182.jpg,12,11
3485372260_1113176182.jpg,10,10
361659641_1011116182.jpg,0,12
3627588939_314800182.jpg,8,8
3724712896_2531529182.jpg,5,5
3750091251_3295949182.jpg,2,2
3890165283_3716029182.jpg,4,4
3951063663_1347532182.jpg,5,5
3986426658_3091127182.jpg,0,0
4079593090_3533670182.jpg,10,10
4103336115_1826962182.jpg,3,1
4139967559_1708372182.jpg,8,8
4175151633_3735297182.jpg,8,7
4222705183_525381182.jpg,4,11
839729455_440990182.jpg,4,2
1003589619_1664056183.jpg,6,6
1066834645_1659746183.jpg,5,5
1257238448_921189183.jpg,2,4
1379273302_2363499183.jpg,8,6
1558668933_4157099183.jpg,9,9
1795023053_3184721183.jpg,9,9
1836374926_405208183.jpg,5,12
1853034890_4063246183.jpg,13,13
2020607917_139489183.jpg,0,0
2463873444_4096465183.jpg,4,4
2537244229_1449686183.jpg,3,3
2583262519_2339761183.jpg,0,0
2657370947_3044966183.jpg,6,6
2695814970_3762724183.jpg,13,13
3014663484_2920109183.jpg,12,12
3023403953_3369213183.jpg,8,6
3041343753_246224183.jpg,13,0
3195369036_2700349183.jpg,5,2
3232476671_791291183.jpg,1,1
3374321876_3874447183.jpg,5,5
3387855978_620981183.jpg,13,0
3486757768_720158183.jpg,12,12
3767512950_3656380183.jpg,3,3
3781797273_969988183.jpg,11,11
3788572449_2984446183.jpg,12,2
3940701322_3689681183.jpg,6,6
4002816767_1046631183.jpg,9,7
4273211817_1678590183.jpg,5,5
530405596_3812685183.jpg,11,6
566797463_2779080183.jpg,8,7
679391776_1989720183.jpg,13,13
974114849_886558183.jpg,6,8
1128166739_1803065184.jpg,4,2
1246255161_1862863184.jpg,2,11
1263344095_1713820184.jpg,13,13
1506458329_2671751184.jpg,3,3
1559694593_1292075184.jpg,8,8
161980733_254227184.jpg,13,13
185974012_1094235184.jpg,1,1
2026388942_78469184.jpg,1,1
2293898887_3048092184.jpg,9,1
2511843856_2170952184.jpg,13,0
29499626_4169368184.jpg,2,0
3099695408_1566306184.jpg,9,9
3230711946_995139184.jpg,11,11
3239811842_3607690184.jpg,13,0
3242884357_2172436184.jpg,11,11
3393710912_2875045184.jpg,9,7
3818619891_4182009184.jpg,12,12
4070850166_1240739184.jpg,9,9
441965794_800638184.jpg,2,12
447217832_2298471184.jpg,9,9
501124055_4035551184.jpg,6,8
589775735_3888819184.jpg,12,7
697351989_2194285184.jpg,9,7
902709599_3413837184.jpg,3,3
95238539_2489115184.jpg,0,13
103488961_521005185.jpg,10,10
1174391199_3634242185.jpg,9,9
1277270396_1060880185.jpg,12,13
145043362_3883095185.jpg,0,0
1919328644_3231107185.jpg,4,2
2003390441_1510930185.jpg,9,9
2068336967_3511861185.jpg,1,0
2179851131_1638452185.jpg,13,13
2192107627_2624040185.jpg,12,12
2225642376_2593340185.jpg,5,5
2230416608_1698699185.jpg,10,10
2630539969_234791185.jpg,3,3
2658652436_3661867185.jpg,8,7
2969689607_3402968185.jpg,3,1
3598609672_2352325185.jpg,1,1
3796378238_1400918185.jpg,0,0
4122245241_3924446185.jpg,9,9
4166112721_3801800185.jpg,12,12
4271737612_375888185.jpg,5,5
483650417_1752645185.jpg,8,8
613906778_698186185.jpg,10,10
701640977_3699347185.jpg,10,10
927397373_3037299185.jpg,0,4
1021984715_3131170186.jpg,0,1
1091732418_10788186.jpg,0,0
1203432838_2165114186.jpg,12,11
1683670940_3692932186.jpg,12,12
1972025973_2773386186.jpg,6,6
2212616753_2658666186.jpg,8,12
2318117884_468934186.jpg,11,11
2345347918_249344186.jpg,12,12
2761613894_47057186.jpg,8,0
2814240409_440168186.jpg,1,1
3036282947_3403031186.jpg,1,9
3340180417_3493444186.jpg,5,7
3777933975_2688875186.jpg,4,4
3838903377_1876712186.jpg,10,10
4069320548_3817670186.jpg,9,9
4192230383_215022186.jpg,9,6
4223503884_1706186.jpg,1,1
431009566_3269282186.jpg,2,0
507943513_205179186.jpg,1,3
802440553_910897186.jpg,12,12
812551366_1632858186.jpg,5,5
845788668_3724747186.jpg,11,11
96787060_1877982186.jpg,8,8
1016679957_1227828187.jpg,9,9
1291841829_2627458187.jpg,2,4
1316676418_2793192187.jpg,11,2
2001425123_2244740187.jpg,1,0
2015331335_4080946187.jpg,5,5
2223853068_2229599187.jpg,1,1
2237098346_2118836187.jpg,10,10
2292873120_1708147187.jpg,11,10
2371316189_1528554187.jpg,9,9
2405286824_2710708187.jpg,8,8
2441751758_407070187.jpg,10,10
255568511_683159187.jpg,4,2
2580211482_2336638187.jpg,8,6
2607058776_3614003187.jpg,1,1
2706336195_2468478187.jpg,5,5
2818400853_3212821187.jpg,3,3
3303962568_64792187.jpg,1,1
3545091255_3800980187.jpg,7,7
3564935744_1588387187.jpg,5,5
3718659554_1775183187.jpg,8,12
4216299097_2132201187.jpg,4,2
450499241_3657684187.jpg,6,6
643961972_209448187.jpg,9,9
756566861_169388187.jpg,13,13
756743424_1164369187.jpg,2,0
830143456_1897571187.jpg,7,7
871104744_2043850187.jpg,5,8
1139184101_1326907188.jpg,2,0
1317142219_2627480188.jpg,1,1
13198467_3721646188.jpg,4,2
1668570887_4276862188.jpg,11,11
184489332_1057682188.jpg,6,6
1978494083_1224978188.jpg,7,7
2141985894_1205575188.jpg,8,12
2213846569_3027687188.jpg,1,1
2225821988_1420092188.jpg,9,11
314340115_1102804188.jpg,12,11
3263019413_1304926188.jpg,13,13
3464372434_1407411188.jpg,7,7
3532882151_3928810188.jpg,5,7
4131350607_264774188.jpg,3,3
744349050_2111971188.jpg,6,6
1022440895_1514123189.jpg,11,11
1147242746_3983178189.jpg,9,9
1353762198_513555189.jpg,3,11
150623590_1057905189.jpg,9,6
1516553586_3271411189.jpg,6,6
1563204080_57046189.jpg,0,0
1580818742_1157139189.jpg,6,8
1602515432_1714807189.jpg,10,10
1635014046_2284885189.jpg,11,11
1783749496_3621158189.jpg,9,9
1785858525_2074122189.jpg,3,3
1829818874_2121872189.jpg,12,12
2119195729_17291189.jpg,8,13
2160243752_1983911189.jpg,5,7
2380516489_3557930189.jpg,13,12
2407019674_2127524189.jpg,10,10
250466754_3934492189.jpg,0,0
2708366844_2685515189.jpg,3,3
2929336589_261619189.jpg,5,1
3056958379_3662526189.jpg,5,5
323388659_2397134189.jpg,9,9
3409026938_1408206189.jpg,8,8
3954778126_1294081189.jpg,3,1
4168571319_2523152189.jpg,6,6
937864484_3197908189.jpg,3,11
95924796_518152189.jpg,11,11
1053407173_4092020190.jpg,13,13
1152477355_3181909190.jpg,1,1
1646530643_2646031190.jpg,0,0
1932986780_34660190.jpg,7,1
202484309_2281830190.jpg,1,11
2188581466_3373293190.jpg,12,11
2289714895_2294446190.jpg,9,9
2453873073_2385632190.jpg,12,12
2527712586_3692209190.jpg,10,10
2580510589_1256397190.jpg,12,13
2847820197_3209455190.jpg,2,0
302986994_3432956190.jpg,10,10
3096962558_523722190.jpg,7,7
3383568121_4171130190.jpg,6,6
3666427088_1324421190.jpg,10,10
3941284071_2305799190.jpg,3,3
597993567_2649735190.jpg,0,0
819713357_2330614190.jpg,13,13
975547570_2573731190.jpg,1,1
1024617794_4234729191.jpg,13,12
1047003736_2812616191.jpg,6,8
1068283894_2564179191.jpg,2,2
1219279021_329214191.jpg,9,9
1251139766_3963549191.jpg,5,12
1290959894_4061241191.jpg,1,1
1372157404_2840019191.jpg,3,12
1500798896_725164191.jpg,6,11
1505412459_2886136191.jpg,1,1
159051275_119428191.jpg,4,2
159483298_1121508191.jpg,11,12
1665781655_1457442191.jpg,3,1
1806396151_760755191.jpg,1,1
2062464346_3234660191.jpg,9,9
2370258575_2931139191.jpg,7,7
2989643458_732413191.jpg,11,11
3117162251_2457401191.jpg,12,12
3604573602_364558191.jpg,3,0
379145995_1497582191.jpg,2,4
3995472259_1009838191.jpg,9,9
4001810379_62372191.jpg,10,10
4030803140_1339711191.jpg,12,11
4183620512_859152191.jpg,11,13
4255949803_1078983191.jpg,0,11
476124348_983646191.jpg,1,0
549489407_4207507191.jpg,10,6
550078126_1533663191.jpg,7,1
758523377_3082926191.jpg,1,1
1254188129_963833192.jpg,8,7
1277352930_2393170192.jpg,10,10
1351465316_2547958192.jpg,4,2
13885756_3465364192.jpg,12,1
1492198995_137344192.jpg,12,12
1601947430_1710889192.jpg,13,13
1895862408_4262258192.jpg,8,6
1987700961_918898192.jpg,10,10
2170394166_4071405192.jpg,4,2
2436890985_1113533192.jpg,10,10
2502938020_1963425192.jpg,0,0
2883615463_1516058192.jpg,12,12
3161385251_3418099192.jpg,10,10
3516122211_302079192.jpg,5,5
3550418185_155562192.jpg,13,13
3564101471_1066874192.jpg,6,8
3567648709_3945061192.jpg,11,11
3626208793_123528192.jpg,1,1
388288146_1421650192.jpg,5,5
4091258299_3615330192.jpg,8,7
4133555953_1347649192.jpg,10,10
4147808245_3237022192.jpg,13,13
754665749_2148197192.jpg,4,2
1140894139_2423716193.jpg,8,6
1271147983_1287067193.jpg,3,3
128422835_3710036193.jpg,2,2
1688415015_1297942193.jpg,11,3
1718711902_624271193.jpg,7,7
1811949315_683942193.jpg,4,0
2513806703_2412973193.jpg,8,6
2574417676_3075743193.jpg,9,9
2809954490_171088193.jpg,9,6
3693252545_1687182193.jpg,12,11
3885560556_1910912193.jpg,9,6
3935832603_2027003193.jpg,7,7
4191244104_1470248193.jpg,5,4
659963648_3546682193.jpg,1,1
769430667_683373193.jpg,4,2
1423857597_1539470194.jpg,3,11
1475518626_2977801194.jpg,4,5
1547489284_4250787194.jpg,8,7
1802969800_3933603194.jpg,1,1
1878998421_2824520194.jpg,12,12
2066883975_4081921194.jpg,3,0
2300146718_828907194.jpg,1,1
2382662316_2556060194.jpg,8,8
242260035_229017194.jpg,10,10
2505191410_692239194.jpg,10,10
2609956247_3542056194.jpg,3,3
2749677327_2938216194.jpg,13,12
2834026308_566420194.jpg,9,9
2995123488_1420702194.jpg,5,5
3085037475_2077185194.jpg,9,9
3150998470_1247663194.jpg,9,9
3309086439_951648194.jpg,2,4
3412256978_3509190194.jpg,10,10
3550350376_4160701194.jpg,0,0
3568175020_756807194.jpg,11,11
3701593886_2700666194.jpg,1,1
378264709_1651309194.jpg,9,6
3826081959_3375309194.jpg,10,10
39212814_4153276194.jpg,1,1
4174850379_2740259194.jpg,8,8
42688990_3696325194.jpg,12,12
439571723_138565194.jpg,6,8
463279745_1290621194.jpg,9,9
985191197_3384579194.jpg,11,11
1047311649_518058195.jpg,13,13
1174368481_1150344195.jpg,3,11
1212097158_1433545195.jpg,1,11
1714258299_576240195.jpg,11,11
1772735654_1785163195.jpg,4,2
1821263711_3697032195.jpg,13,13
2392352319_1678322195.jpg,3,3
2429597112_348365195.jpg,11,11
3284742023_2024708195.jpg,6,8
3295099603_3263550195.jpg,11,11
3330424061_3205349195.jpg,12,12
3645096144_2348389195.jpg,4,2
3757927672_343027195.jpg,2,2
462121135_1325302195.jpg,13,13
537486892_3077289195.jpg,13,11
838665445_333712195.jpg,9,9
896381804_2505160195.jpg,3,1
1062803229_1602698196.jpg,5,5
1265772133_2810795196.jpg,8,6
1449869527_3995429196.jpg,8,8
1503027686_2769719196.jpg,8,6
2213436178_1264569196.jpg,8,10
229661807_3275670196.jpg,3,1
2726543212_2866014196.jpg,5,7
2770040547_241674196.jpg,3,3
2922114870_671389196.jpg,9,9
3118540104_1351819196.jpg,9,6
3126306877_3596824196.jpg,4,2
3128878796_2210868196.jpg,13,13
3235753497_1329948196.jpg,9,9
3249995652_2640365196.jpg,8,8
333219758_2263371196.jpg,11,11
3345340305_4130485196.jpg,12,11
3439435979_3130399196.jpg,12,12
3472883894_4027552196.jpg,8,6
3599406817_1723487196.jpg,13,13
3662192445_157234196.jpg,13,13
3663119227_3243299196.jpg,5,5
3729589632_2644395196.jpg,1,1
3730234402_1276630196.jpg,13,4
3975259531_2340282196.jpg,11,11
4015325548_3285492196.jpg,9,6
4015804435_410755196.jpg,1,1
517197807_1073063196.jpg,13,13
1002927680_3579833197.jpg,12,11
1067787119_324946197.jpg,11,11
1121872098_1458502197.jpg,8,0
1197940081_1344807197.jpg,7,8
1715241034_721813197.jpg,9,9
1791704802_2655140197.jpg,9,9
191523342_1443926197.jpg,0,0
2014653593_2306903197.jpg,0,5
2126253758_2742010197.jpg,13,13
2215356429_649415197.jpg,3,3
2316748830_2655002197.jpg,0,2
2334590011_461211197.jpg,9,9
2415532589_89004197.jpg,7,6
2568209571_1373765197.jpg,5,7
2701874255_3574815197.jpg,1,1
2813480419_995369197.jpg,10,10
2940017934_1757982197.jpg,13,13
3011612434_228956197.jpg,3,0
330620141_3557986197.jpg,6,8
3445846270_3018829197.jpg,11,3
530474754_571232197.jpg,1,1
577016227_1251639197.jpg,5,5
639133097_2975521197.jpg,8,8
827032479_3271012197.jpg,8,6
83750440_1951951197.jpg,0,0
1193434105_2671044198.jpg,11,11
140462069_1306681198.jpg,12,12
1679970938_3954458198.jpg,10,10
1804063635_921498198.jpg,1,1
1980151773_2859887198.jpg,2,2
2061094015_825637198.jpg,8,7
2860302393_3076616198.jpg,0,2
3025137833_6200198.jpg,8,8
3200215317_100498198.jpg,1,1
3279362741_1955972198.jpg,10,10
3390690104_3735264198.jpg,4,0
3556591898_2539047198.jpg,5,5
3902680336_3198612198.jpg,13,12
407109738_1399399198.jpg,1,3
4153898130_485994198.jpg,8,7
4253765822_3804565198.jpg,1,11
592950090_3208664198.jpg,3,3
777553560_2569227198.jpg,3,1
80692115_377808198.jpg,6,11
819997218_321972198.jpg,2,2
848628308_867471198.jpg,13,13
106030187_628187199.jpg,13,13
115177647_3290056199.jpg,12,12
1173501735_2940461199.jpg,10,6
1367045028_1942982199.jpg,3,3
1370257585_3685428199.jpg,1,1
1446666129_1333718199.jpg,4,2
1863061213_3714599199.jpg,9,9
244984459_1241151199.jpg,2,2
2501167214_2035042199.jpg,12,0
255878351_3764728199.jpg,5,5
2587373618_550878199.jpg,8,8
2724272967_3774156199.jpg,3,3
2809601576_3647486199.jpg,1,1
2947105_3797104199.jpg,13,13
2968961755_3309742199.jpg,13,13
2996166434_2828677199.jpg,2,3
3068217633_1858074199.jpg,6,8
3280930145_1097598199.jpg,10,10
3283530503_4224050199.jpg,3,3
3434712832_879149199.jpg,11,13
3521451453_1570236199.jpg,13,11
38862284_1357127199.jpg,12,0
3936690472_806285199.jpg,11,11
3989506838_3898763199.jpg,11,11
4009502039_717812199.jpg,2,0
4206866951_3889349199.jpg,3,0
4266108678_1148914199.jpg,6,6
89165076_1145512199.jpg,10,10
1002598115_1889246200.jpg,4,2
1032208927_4043360200.jpg,2,0
1517879649_2714046200.jpg,12,0
2123804105_3443006200.jpg,9,9
2217454058_295870200.jpg,6,6
2898019252_731790200.jpg,1,1
2904583448_3931411200.jpg,10,10
2930714282_4064759200.jpg,9,7
3103313431_2259838200.jpg,0,7
3104807494_418002200.jpg,9,6
3207897646_4234089200.jpg,10,10
334809103_3421990200.jpg,0,0
3491093389_2473261200.jpg,12,11
373322694_3001234200.jpg,9,7
3827579411_2349003200.jpg,10,10
3871808381_1557345200.jpg,10,10
3892150952_2605444200.jpg,10,10
4148869176_1158047200.jpg,4,0
4240029009_806315200.jpg,3,1
708347055_1292163200.jpg,0,0
87697163_2052501200.jpg,8,8
968940902_1037657200.jpg,0,2
98509244_2064844200.jpg,10,10
1079639767_115555201.jpg,8,8
1206723682_3055336201.jpg,3,11
1432029657_1085324201.jpg,6,6
1443907326_239718201.jpg,2,2
1652932128_961027201.jpg,13,13
1860799268_3754180201.jpg,1,1
1911176209_4067865201.jpg,8,12
1926213231_529392201.jpg,7,8
206777028_4084438201.jpg,10,10
2090072891_2261120201.jpg,13,4
2110673970_3943006201.jpg,9,9
235024359_2373020201.jpg,8,8
24516216_4072088201.jpg,4,2
2472952708_4277577201.jpg,3,3
2589191998_1196334201.jpg,7,1
2600114470_219770201.jpg,9,9
2638783110_2858642201.jpg,9,9
2673972165_564333201.jpg,3,11
2764713455_2310201201.jpg,3,3
2862125543_1274343201.jpg,9,9
3000760358_3728590201.jpg,12,12
3024997645_1186399201.jpg,6,8
3129317761_3783180201.jpg,3,0
3293348122_3190946201.jpg,1,1
3339123770_1012218201.jpg,3,12
3468138015_816298201.jpg,12,12
3623723731_990702201.jpg,7,6
3769925477_3087287201.jpg,9,9
3968238643_2661591201.jpg,0,0
4018273265_43930201.jpg,7,6
4224821206_4199256201.jpg,10,10
45349573_2328563201.jpg,3,3
498944609_1184540201.jpg,11,11
612187539_1528962201.jpg,0,0
659002417_2066702201.jpg,5,5
137638858_4200846202.jpg,9,9
1525179057_1205068202.jpg,3,0
1603709247_3171718202.jpg,10,10
1988418174_1876538202.jpg,13,13
2020460954_2152167202.jpg,6,8
2146592726_3113594202.jpg,4,0
2538302167_3025033202.jpg,0,2
257645764_1858212202.jpg,1,0
2808875808_3565877202.jpg,9,7
3095084441_3944959202.jpg,0,1
3122190889_1227025202.jpg,11,12
3251168727_3325027202.jpg,10,10
3297632650_1630008202.jpg,10,10
3344392506_4047516202.jpg,11,2
347358786_1555884202.jpg,12,11
3486049408_23436202.jpg,10,10
3718515348_1671054202.jpg,0,0
3743847511_3746795202.jpg,2,2
3950262351_3059556202.jpg,8,6
477845410_3313793202.jpg,4,4
51075581_2867928202.jpg,3,0
528928555_1583453202.jpg,13,11
710845763_178239202.jpg,3,0
800029473_657596202.jpg,3,1
899926227_1159868202.jpg,12,12
1505085386_2562512203.jpg,0,0
1532999421_960062203.jpg,9,9
1541163119_2043225203.jpg,7,7
1669921647_3448312203.jpg,13,13
2161416346_2688795203.jpg,5,5
2365805369_1519100203.jpg,10,10
2468347424_765675203.jpg,10,10
2736024694_2460925203.jpg,6,6
2861322550_4129328203.jpg,0,0
3387912211_1707819203.jpg,11,11
3399128932_2580587203.jpg,5,0
344946654_275958203.jpg,3,3
3491168411_2466352203.jpg,10,10
359567390_3609323203.jpg,1,1
3658624225_477768203.jpg,12,11
3671842644_509450203.jpg,4,11
3681437589_828590203.jpg,0,0
4225937542_432931203.jpg,0,3
497284957_855290203.jpg,6,6
625244357_2389290203.jpg,7,7
683382660_3190420203.jpg,13,13
710164214_3980379203.jpg,11,11
729335112_4033255203.jpg,5,2
1248508462_2190341204.jpg,12,3
1499676431_3961019204.jpg,8,13
1523491793_2929663204.jpg,3,3
1801603344_3401404204.jpg,10,2
204657970_2142692204.jpg,2,10
2141103878_171880204.jpg,10,10
214278687_3221241204.jpg,9,6
2187042410_2298255204.jpg,0,0
2345629572_2441040204.jpg,6,8
2447161773_198112204.jpg,5,5
2815487554_3468192204.jpg,10,10
2872943227_2696051204.jpg,5,5
2896037412_3165025204.jpg,1,1
2927893527_3002236204.jpg,0,0
3316749258_1159223204.jpg,8,8
3547494660_1445862204.jpg,11,11
3565279981_141536204.jpg,7,7
380049523_3606962204.jpg,3,1
4072284269_1946214204.jpg,9,9
610328304_70375204.jpg,3,0
974042411_1084857204.jpg,1,1
110886837_3371896205.jpg,1,3
1136427060_1214734205.jpg,3,3
1153110708_360501205.jpg,7,7
1456543553_2146113205.jpg,5,7
163539209_669417205.jpg,1,1
1745149252_3484727205.jpg,11,11
1986822688_2191787205.jpg,6,8
2018356774_3900992205.jpg,6,8
2122971296_4050843205.jpg,1,1
2129250563_3851568205.jpg,11,11
2728318467_3694081205.jpg,4,2
2756971571_301215205.jpg,2,2
2783451449_2178477205.jpg,12,12
2895412699_3023370205.jpg,10,10
3274262466_1258621205.jpg,3,1
353012489_215303205.jpg,5,5
4176342297_104780205.jpg,1,0
4248507323_2901363205.jpg,10,10
438701141_3975059205.jpg,6,2
764688202_1187950205.jpg,13,13
1354740558_3740022206.jpg,8,8
1621140699_4215428206.jpg,5,4
2092884483_4231665206.jpg,9,9
2282248442_1837942206.jpg,8,8
2347906115_1759727206.jpg,9,9
2572156765_2302206.jpg,9,9
3048934165_3626356206.jpg,8,7
3078801289_3451668206.jpg,13,13
3183575789_1617165206.jpg,11,11
325472560_152320206.jpg,11,11
3342332827_3472359206.jpg,8,8
351461088_2187591206.jpg,9,9
3573208782_1604121206.jpg,4,1
3829465576_2155841206.jpg,1,0
3840034845_1622855206.jpg,1,1
3921834435_561223206.jpg,11,11
4093254056_3506592206.jpg,13,13
559658461_2879321206.jpg,3,3
836517177_698255206.jpg,3,1
884668914_1734325206.jpg,3,1
895090257_1413886206.jpg,13,13
924263863_4103715206.jpg,12,0
925339609_1001568206.jpg,6,6
973627221_1850108206.jpg,8,8
975420140_382126206.jpg,3,11
107026120_1487798207.jpg,8,8
1168384261_2689549207.jpg,11,1
1173563652_462653207.jpg,0,0
1234102148_2467690207.jpg,13,13
1344696737_224114207.jpg,1,1
1543051081_1249188207.jpg,4,2
1623018922_4214762207.jpg,6,6
1676983938_3701435207.jpg,6,8
1713446524_123904207.jpg,10,10
1720406232_3340190207.jpg,9,9
1737387961_1955667207.jpg,11,12
1950386587_3997465207.jpg,9,9
2200493063_1473701207.jpg,1,1
2263176474_2890305207.jpg,9,9
230467270_1549630207.jpg,5,7
2912489440_356479207.jpg,3,12
3235938221_1142861207.jpg,0,0
3264729150_3134300207.jpg,10,10
3439763076_1147932207.jpg,9,9
3668456491_4014441207.jpg,9,9
4005161313_4149527207.jpg,3,3
4067098470_3380565207.jpg,5,5
4172626409_458553207.jpg,5,5
419350312_2360566207.jpg,10,10
54518395_4220654207.jpg,3,3
555566571_2228699207.jpg,7,6
678800184_537021207.jpg,8,7
91797289_2404373207.jpg,0,0
945521365_2913554207.jpg,4,13
1127303_1767981208.jpg,13,13
1725125507_477998208.jpg,10,10
1935930673_1191503208.jpg,13,13
2128049886_1171259208.jpg,13,13
2449482459_3220904208.jpg,11,11
2850010433_2213584208.jpg,9,7
2937539290_4268534208.jpg,4,2
3071112197_1031448208.jpg,3,3
3119836316_2510096208.jpg,1,1
3394569663_3116368208.jpg,10,10
3916819170_3915536208.jpg,9,9
4210157814_1723108208.jpg,9,9
461852615_4161677208.jpg,10,10
547593494_516711208.jpg,5,8
61338041_3050957208.jpg,13,12
631914932_370958208.jpg,6,8
733623262_3209935208.jpg,1,1
921529695_1377631208.jpg,5,5
954103545_1565806208.jpg,6,8
1445164986_3234961209.jpg,10,10
1668235093_3313847209.jpg,10,10
1818161543_2938948209.jpg,10,10
1974390337_507017209.jpg,12,12
1989894310_3318015209.jpg,4,2
2265030794_3035115209.jpg,11,11
2579883204_792153209.jpg,12,0
2705285280_2063042209.jpg,4,2
2862177062_1745366209.jpg,9,9
2991142607_1512380209.jpg,3,1
3105009716_3613519209.jpg,12,1
3179622948_2386161209.jpg,9,9
3256300660_316026209.jpg,1,7
3285045134_684816209.jpg,10,10
3298356029_991979209.jpg,3,11
3363836437_2767297209.jpg,10,10
3474798474_1592786209.jpg,1,1
3619302209_3899205209.jpg,12,3
3645332868_2788958209.jpg,3,3
3838241907_977735209.jpg,5,5
392988398_167367209.jpg,10,10
3977006058_3157229209.jpg,13,13
4070307179_3223990209.jpg,12,12
4098191404_2732906209.jpg,9,9
479264421_2168639209.jpg,5,5
495657773_475937209.jpg,3,3
569078246_1010768209.jpg,12,12
1053662229_2363742210.jpg,3,3
1059426690_1127171210.jpg,3,1
126597775_2117442210.jpg,3,0
1322849306_1689950210.jpg,10,10
1331978624_246261210.jpg,2,2
1415660066_705762210.jpg,9,2
1458573737_3888245210.jpg,1,7
1570137354_4036289210.jpg,8,7
1771215963_345666210.jpg,6,6
1933866113_1823680210.jpg,3,12
1950893776_3386158210.jpg,4,5
2167679118_1361925210.jpg,1,1
2233618958_2031548210.jpg,3,11
2360705248_2410217210.jpg,13,13
247005700_3854955210.jpg,8,8
2639320468_1218231210.jpg,9,9
2890216640_865777210.jpg,5,5
2943171346_2824090210.jpg,0,0
3017905343_385141210.jpg,5,7
3073971567_4257579210.jpg,10,2
3125291105_2453470210.jpg,0,0
3222640272_3401373210.jpg,1,3
3374053662_4277420210.jpg,8,12
39226254_1724977210.jpg,3,3
4103658814_2352295210.jpg,11,11
4234056958_1660654210.jpg,6,8
4246414006_4250367210.jpg,0,0
532632814_3329392210.jpg,5,5
637553803_1037193210.jpg,13,12
644630926_3022395210.jpg,12,11
940949193_1360806210.jpg,2,2
1189700848_1198236211.jpg,0,0
1542394365_2819416211.jpg,9,9
1572281726_2430409211.jpg,13,13
1701325739_1566696211.jpg,11,11
1788916896_1020280211.jpg,8,8
1824579617_1450561211.jpg,3,3
2128844530_296423211.jpg,11,11
2216033805_28773211.jpg,0,2
2463630406_187236211.jpg,13,13
2500124637_1633044211.jpg,6,7
2506323695_2456577211.jpg,0,12
2854141425_315215211.jpg,4,2
2909319059_4278038211.jpg,10,10
2993189875_3017701211.jpg,11,11
3074564257_371026211.jpg,6,6
3104577818_1112654211.jpg,5,7
3298929943_2176265211.jpg,3,0
3595754985_1852389211.jpg,10,10
380507425_3579805211.jpg,3,3
3860996785_345105211.jpg,1,1
3950242124_1575324211.jpg,13,13
3955455057_4071540211.jpg,10,10
4020372945_415938211.jpg,3,1
4027930979_3351814211.jpg,9,9
4069854046_2463597211.jpg,7,6
551404627_3069937211.jpg,3,11
815467435_1984292211.jpg,13,13
939971848_3896376211.jpg,8,6
1075619002_1981959212.jpg,10,10
1137707340_1388367212.jpg,8,8
1247369198_1454318212.jpg,5,5
1466197116_4037231212.jpg,8,8
1494641537_1317859212.jpg,4,2
1775165566_2434729212.jpg,4,2
1966914838_1251750212.jpg,4,2
2209831059_468896212.jpg,13,2
2262263196_4170611212.jpg,3,0
2400559601_2755466212.jpg,9,9
2443100344_1786171212.jpg,8,7
2467074127_2435834212.jpg,11,11
2569497593_1203206212.jpg,4,2
2852510848_1934003212.jpg,9,9
3111692836_1721990212.jpg,7,1
3446471552_1186351212.jpg,12,12
3507644376_2441073212.jpg,13,13
3535637754_1038863212.jpg,12,1
3695355969_2486358212.jpg,13,13
3728939016_2919293212.jpg,1,1
3786083149_3506280212.jpg,3,3
3894881955_1403352212.jpg,13,13
467900353_1282546212.jpg,6,6
643240639_1609530212.jpg,2,4
650460859_112231212.jpg,0,0
68213916_1275638212.jpg,2,2
71917251_4191886212.jpg,9,9
744607120_171242212.jpg,12,11
779868941_285748212.jpg,0,2
1050998641_2735199213.jpg,13,13
1170447502_2241681213.jpg,2,4
1185732005_226387213.jpg,8,8
1201266991_1965850213.jpg,9,9
1451986288_2871593213.jpg,7,7
170324584_1750559213.jpg,11,11
1957523825_564961213.jpg,5,5
2036269438_1965897213.jpg,4,2
2046656012_1838561213.jpg,1,1
2601166110_3243400213.jpg,3,0
2725588132_1694410213.jpg,6,5
3235403892_2882891213.jpg,12,11
3422732428_2250110213.jpg,5,5
3525376557_716716213.jpg,5,5
3764133941_2261214213.jpg,12,12
387887098_3354672213.jpg,6,6
3901008047_1724514213.jpg,3,12
3910415314_3295438213.jpg,7,7
3935437862_4055647213.jpg,0,2
4068477699_2610955213.jpg,12,12
4094376253_239010213.jpg,0,0
4185422151_388335213.jpg,4,2
423052947_1265555213.jpg,7,7
4267467947_532307213.jpg,2,7
532264713_3668229213.jpg,13,13
915108704_1315552213.jpg,2,0
1068504517_2292727214.jpg,13,2
14149355_2904904214.jpg,0,0
1695055806_1394837214.jpg,5,13
1749482449_3236086214.jpg,0,0
1870381447_2749571214.jpg,6,6
1897586812_611935214.jpg,9,9
1967255308_2512551214.jpg,8,7
1982173046_2108591214.jpg,13,13
296657420_3676550214.jpg,4,0
2985019714_3817221214.jpg,3,11
3014162100_139601214.jpg,1,1
3073918057_3388206214.jpg,5,5
3221520329_2774725214.jpg,0,0
3277504911_3694746214.jpg,9,9
3459124321_2271260214.jpg,0,0
3731091796_2833728214.jpg,1,1
3997625430_1005926214.jpg,1,5
4156185996_732133214.jpg,3,11
4191696762_1784602214.jpg,1,1
451147803_1659237214.jpg,7,7
509458838_279871214.jpg,6,6
1018021795_396993215.jpg,7,6
1062724181_870044215.jpg,12,12
1075524088_3710111215.jpg,3,3
1333973512_1402986215.jpg,0,0
142149429_3563144215.jpg,4,11
1468493213_4217661215.jpg,8,8
1676109601_3697810215.jpg,11,11
1909651292_3029783215.jpg,8,1
2104817853_1807159215.jpg,9,9
2128700090_3554652215.jpg,1,0
2338323827_1615094215.jpg,10,10
275863908_3023405215.jpg,4,2
2940818690_4050786215.jpg,3,1
2989951886_2563513215.jpg,12,12
307089046_4059552215.jpg,9,9
3122027989_1987635215.jpg,8,8
3125484015_4224203215.jpg,5,7
3394191162_699246215.jpg,6,6
3413871333_2858878215.jpg,8,5
352281949_298723215.jpg,10,12
3897571942_285077215.jpg,7,7
4105154888_1923380215.jpg,0,0
4211087783_4068104215.jpg,8,10
552861683_322031215.jpg,7,7
1324331916_34910216.jpg,4,2
1397539007_3942024216.jpg,9,9
1539117827_1291737216.jpg,8,8
1742489810_453411216.jpg,1,11
1810661237_158189216.jpg,9,9
2391219916_2809727216.jpg,3,1
2902799050_2853702216.jpg,6,6
325491935_2035730216.jpg,6,6
3340132832_3800662216.jpg,12,12
3926862331_3835308216.jpg,13,13
4197635471_1824048216.jpg,12,11
485628588_379818216.jpg,9,9
561468744_493147216.jpg,4,2
569337620_3621674216.jpg,5,5
694481812_327157216.jpg,12,0
874772473_2815660216.jpg,1,1
1505070866_891164217.jpg,7,7
1595686413_3596259217.jpg,2,11
1670581261_2943587217.jpg,13,13
1760357042_4081697217.jpg,12,12
1798234809_1130369217.jpg,11,11
1842030986_2595643217.jpg,4,4
1844994653_59046217.jpg,1,1
2017414477_3785128217.jpg,8,8
2499909282_4042199217.jpg,8,8
2522106714_1641168217.jpg,2,2
2603100895_2855770217.jpg,2,2
2904379531_2180916217.jpg,10,10
2925541205_426204217.jpg,13,13
3135123870_4058639217.jpg,13,13
3151252550_433537217.jpg,9,6
3240206587_2904762217.jpg,10,10
3662927190_4219248217.jpg,11,11
38030219_2490880217.jpg,13,13
3835807046_2622730217.jpg,4,2
3839146147_2567638217.jpg,4,0
3946480686_3832770217.jpg,9,2
4183602306_3125116217.jpg,8,7
602726276_3062384217.jpg,5,5
695353053_729356217.jpg,3,3
696272630_532309217.jpg,5,6
862638636_3763901217.jpg,1,1
1102894300_1687258218.jpg,4,2
1140009662_2229255218.jpg,3,3
1332975278_329617218.jpg,4,2
1402683335_3839272218.jpg,5,7
1568010281_1562115218.jpg,3,3
1951421954_3601691218.jpg,11,11
2121161501_441096218.jpg,2,11
2207919792_1353569218.jpg,7,8
2238240249_3050951218.jpg,5,5
226750359_1634465218.jpg,2,0
2370476198_882895218.jpg,1,1
2436821805_1756236218.jpg,1,1
2442638040_3217241218.jpg,13,13
2596048236_3541584218.jpg,8,12
2619244919_3879780218.jpg,3,2
2963678537_2888162218.jpg,10,10
3102235761_3477588218.jpg,10,10
3603172359_2851204218.jpg,5,5
4290901549_829315218.jpg,4,2
4292019943_3707819218.jpg,1,11
457849812_1109585218.jpg,3,0
559362632_4043174218.jpg,9,9
718518520_1498570218.jpg,8,8
738188027_2831653218.jpg,5,5
782451822_852915218.jpg,3,3
119396983_816824219.jpg,1,1
1196331029_2715417219.jpg,12,12
1256255511_2561474219.jpg,0,0
1347224925_2943251219.jpg,11,12
1454458137_3256996219.jpg,6,6
1493827846_874716219.jpg,3,3
1801337677_2522020219.jpg,11,11
1907591189_386791219.jpg,10,10
2046889448_3880054219.jpg,5,0
2282315249_1208307219.jpg,12,13
2351051880_1690066219.jpg,7,7
2442699967_1985019219.jpg,3,1
2713614078_1635577219.jpg,3,3
2830297587_3190106219.jpg,1,1
314774785_1571171219.jpg,11,11
3157197661_960109219.jpg,0,0
332201386_1096301219.jpg,12,11
3665108345_3764240219.jpg,10,10
3985593353_292071219.jpg,8,8
4010995151_215055219.jpg,10,10
4126596128_109227219.jpg,8,7
4153012032_2300419219.jpg,5,5
461566768_3588103219.jpg,10,10
537400825_261401219.jpg,13,12
618481472_4156201219.jpg,10,10
77546904_187324219.jpg,2,2
906080010_4115278219.jpg,7,6
906880303_3244650219.jpg,13,13
918731927_2394530219.jpg,13,13
988466986_3533077219.jpg,1,1
1004497737_719079220.jpg,3,0
1020421532_2386354220.jpg,6,9
1045054394_2499164220.jpg,9,9
1083210186_3031021220.jpg,12,12
1211812436_2003729220.jpg,13,13
124736576_1781694220.jpg,12,12
1306617086_2081727220.jpg,8,7
1361512457_2846526220.jpg,0,0
1778684778_3525038220.jpg,9,9
212938145_2166835220.jpg,10,9
2144201965_3643399220.jpg,3,1
2584418652_3117356220.jpg,9,9
2729309527_2583485220.jpg,13,2
2850053757_4154016220.jpg,10,10
293931414_4002157220.jpg,3,0
3671141193_3180815220.jpg,11,3
3865155006_3691912220.jpg,4,2
4011680746_2211548220.jpg,11,11
419205755_1465460220.jpg,11,11
4200682314_273782220.jpg,11,11
950531214_4065259220.jpg,13,13
121755633_819710221.jpg,11,11
1223107047_436037221.jpg,6,6
1228773272_1582728221.jpg,6,8
1477019537_701285221.jpg,11,11
1480950313_805477221.jpg,1,1
1674849017_2882289221.jpg,8,7
1774312369_3184366221.jpg,10,10
1788675251_1708073221.jpg,11,11
1833083835_1870743221.jpg,0,0
1954834893_2607320221.jpg,1,1
2136521402_555254221.jpg,7,7
2329520840_3673994221.jpg,0,0
2455325746_1323224221.jpg,10,10
2496263670_4160014221.jpg,8,8
2511303977_1114313221.jpg,12,0
2781229438_7258221.jpg,3,3
2785772451_1115349221.jpg,12,11
2806233746_3941412221.jpg,13,13
2868031326_1194081221.jpg,11,1
2968011988_2170379221.jpg,3,3
2980823048_1020013221.jpg,5,7
299236964_2183225221.jpg,6,6
3115622385_1108987221.jpg,0,0
3535771005_1996184221.jpg,3,11
3541790639_2171642221.jpg,3,3
3603776216_1781797221.jpg,4,2
3623438889_3096241221.jpg,12,11
4102542200_2395655221.jpg,6,6
4109266887_683758221.jpg,3,3
4194469099_1623268221.jpg,1,0
615976266_4112324221.jpg,8,7
657764711_2951843221.jpg,11,11
706417729_1593620221.jpg,9,5
845966426_3663900221.jpg,9,9
84851853_2377487221.jpg,1,1
1026424162_4270914222.jpg,9,9
1037791996_1494057222.jpg,4,2
123379128_3763132222.jpg,3,3
1613980320_2286486222.jpg,5,7
1805013729_2522898222.jpg,4,2
1896289613_4084342222.jpg,8,8
2127873561_3496554222.jpg,9,9
2136501462_234378222.jpg,4,2
2242432649_1144275222.jpg,2,0
231260473_2467638222.jpg,0,0
2367704342_2548419222.jpg,5,6
2428590678_2214455222.jpg,4,2
2724392174_1338528222.jpg,9,9
2980919276_3768144222.jpg,5,5
3152808793_4040794222.jpg,3,3
3155943602_668619222.jpg,3,0
3210372227_2267556222.jpg,11,11
3241041481_774556222.jpg,2,2
3243543901_1785195222.jpg,9,9
3388253107_3690143222.jpg,3,3
3431234177_352698222.jpg,5,7
38450149_787955222.jpg,0,0
4253500323_399007222.jpg,11,12
575818353_832552222.jpg,12,2
584904824_2662406222.jpg,2,11
595531481_968900222.jpg,12,12
863637807_3010240222.jpg,5,9
1162217834_647552223.jpg,13,13
1201132243_547313223.jpg,0,0
1577299302_1371160223.jpg,5,5
172855571_3071387223.jpg,10,10
1942515252_2874935223.jpg,1,11
2169235669_2009627223.jpg,3,12
2237835771_497121223.jpg,1,11
2405607377_1911688223.jpg,13,13
2534735998_1809604223.jpg,3,3
2592311776_1252511223.jpg,10,10
2780767562_426423223.jpg,13,13
2858428756_3138120223.jpg,5,5
2972883965_978886223.jpg,9,9
3401434128_1408525223.jpg,13,13
4153651112_841688223.jpg,1,0
493909413_2881191223.jpg,10,10
761848324_1917348223.jpg,3,1
814383988_3304316223.jpg,13,13
82315184_1863730223.jpg,9,9
849641880_3949170223.jpg,4,2
861075502_403426223.jpg,10,10
1280329153_4105347224.jpg,8,8
1317638766_2093135224.jpg,12,12
1464699984_92119224.jpg,0,0
1628977622_1709509224.jpg,3,3
1694139409_1962554224.jpg,8,12
1875321399_425071224.jpg,4,2
1909534063_2831540224.jpg,2,7
2399880724_1761257224.jpg,6,6
2470177108_2905573224.jpg,8,12
2588892864_1248246224.jpg,3,3
2602596570_782731224.jpg,8,7
2806945021_3982115224.jpg,8,6
2903342719_1585543224.jpg,11,11
2955442044_2393679224.jpg,12,11
3449076878_2632271224.jpg,7,11
3451100345_521454224.jpg,6,6
3888619367_1825496224.jpg,5,2
3993047163_1971606224.jpg,9,11
1024978429_2263998225.jpg,12,11
1026321237_1212891225.jpg,13,13
1066138740_4051652225.jpg,4,2
1113441830_3003737225.jpg,13,13
1219493760_3505558225.jpg,12,13
1365765838_1883738225.jpg,3,3
1657163741_37243225.jpg,5,5
1851172629_3598706225.jpg,10,2
2462815734_410515225.jpg,9,9
2564585454_2866094225.jpg,9,9
2567581731_3616083225.jpg,9,9
2798071832_1841264225.jpg,1,1
2945493554_2380576225.jpg,11,11
2980810010_4198863225.jpg,8,6
3667632787_35832225.jpg,3,11
3766077457_1185706225.jpg,8,7
3921461764_2803166225.jpg,5,5
3964092425_1572362225.jpg,12,12
4150339190_2026259225.jpg,0,0
4170556753_2210723225.jpg,8,7
1048004830_3386293226.jpg,1,1
1187665338_4151744226.jpg,5,5
1225733625_4142729226.jpg,3,11
1335887621_730731226.jpg,9,9
1697915546_4017217226.jpg,12,11
1787725229_521672226.jpg,6,6
1844373560_2142896226.jpg,9,9
2234586864_1422930226.jpg,3,1
2329250645_4179652226.jpg,10,10
2560149380_2377605226.jpg,11,11
2866496153_1243559226.jpg,13,13
3101880375_3983673226.jpg,11,11
3179104165_3972603226.jpg,5,5
3372805174_565325226.jpg,3,1
3424394488_3730756226.jpg,11,11
3480304618_4219819226.jpg,2,2
3516680754_2330837226.jpg,8,8
3761328114_905362226.jpg,3,3
3842008931_295875226.jpg,0,0
3859366776_2362087226.jpg,0,0
3889936659_1427002226.jpg,8,8
4034417983_190349226.jpg,5,5
4145268114_2591464226.jpg,2,4
426978955_1101231226.jpg,13,13
620960366_475595226.jpg,0,0
655938159_790592226.jpg,8,8
672481705_1015064226.jpg,0,0
125720053_2739971227.jpg,12,12
1260937434_1111336227.jpg,6,6
1433538723_4225250227.jpg,3,1
1560423769_502375227.jpg,3,11
1661594558_3134244227.jpg,8,8
1663006904_347128227.jpg,5,7
167820402_3106996227.jpg,5,5
2105980996_3333576227.jpg,12,12
214329598_2459476227.jpg,12,12
2433955616_2677098227.jpg,11,11
2688477248_4294059227.jpg,9,9
3372534272_4020332227.jpg,5,5
3520980195_5464227.jpg,3,3
3562418072_1443361227.jpg,11,12
3698707256_4171003227.jpg,3,2
3873886111_113108227.jpg,12,11
4035584481_1443761227.jpg,10,10
408909250_344273227.jpg,13,13
4140293940_3645962227.jpg,5,5
460601985_1587837227.jpg,10,10
548102786_111014227.jpg,12,11
588665565_2278911227.jpg,8,8
646378270_1214756227.jpg,9,9
759709700_3733363227.jpg,0,0
806856974_4008445227.jpg,10,10
825613452_2386595227.jpg,11,0
953184172_669400227.jpg,3,11
95878653_1487841227.jpg,0,5
973956094_3284160227.jpg,12,12
1271822282_2809240228.jpg,12,12
1303119496_3936831228.jpg,5,7
1366274346_2589322228.jpg,4,2
1376652206_1193992228.jpg,8,7
1469638364_3432291228.jpg,4,2
1891366942_690912228.jpg,9,9
1944236669_2705492228.jpg,1,1
2290283871_1406782228.jpg,13,13
2572483704_3780443228.jpg,12,11
2617919450_3859089228.jpg,13,13
2701255459_4072102228.jpg,9,9
2752896871_363656228.jpg,10,10
2760707621_490007228.jpg,12,11
3348511545_174228.jpg,4,2
3407047275_4053327228.jpg,11,11
3765914665_2757195228.jpg,7,7
3888899511_2163484228.jpg,3,1
4096465877_3218176228.jpg,0,0
4195639680_3176955228.jpg,9,9
49554868_631344228.jpg,13,13
527019528_695957228.jpg,8,12
663372309_1625023228.jpg,11,11
878568763_3284924228.jpg,5,2
940445557_3646421228.jpg,12,2
1157270318_2851552229.jpg,10,10
1186539087_976114229.jpg,13,13
1243419845_1776396229.jpg,3,3
1296488494_3741832229.jpg,1,1
1359509541_3740937229.jpg,5,5
1485431062_2260222229.jpg,7,7
1495825808_1337592229.jpg,13,13
1678499562_737619229.jpg,9,9
1771786017_1711463229.jpg,0,1
2160698676_1771501229.jpg,9,9
2292684100_2853157229.jpg,3,3
2306901808_4074610229.jpg,3,11
278113191_2185583229.jpg,1,1
2847525818_542440229.jpg,3,1
3395607976_2315512229.jpg,5,9
3482792262_1750921229.jpg,0,11
3509750221_4112240229.jpg,11,11
38613352_4196257229.jpg,2,2
3903556960_1650912229.jpg,4,2
4062611702_3110710229.jpg,9,9
4286707110_818020229.jpg,8,8
461409973_1641449229.jpg,13,12
47667590_1864728229.jpg,5,5
562808345_3926817229.jpg,3,1
590818397_519123229.jpg,11,2
733893738_3506286229.jpg,2,0
904825044_2757633229.jpg,10,10
1397822853_3826267230.jpg,6,8
140091508_166518230.jpg,0,0
200459542_997179230.jpg,10,10
2006483153_3257268230.jpg,5,5
2023346889_2188981230.jpg,12,11
248496847_1523581230.jpg,5,5
2805317601_3474821230.jpg,8,12
2890119010_673294230.jpg,13,13
2999828659_291120230.jpg,13,13
3114243838_2149658230.jpg,9,9
3298010013_2150817230.jpg,5,5
3471645427_1731468230.jpg,6,7
3673271537_3416559230.jpg,8,8
3748743014_775249230.jpg,9,6
3931420781_4275599230.jpg,0,0
4153767179_3135340230.jpg,11,11
498987798_433265230.jpg,6,6
534788426_1497322230.jpg,9,9
674705900_2879342230.jpg,8,8
702320502_1355037230.jpg,11,2
1089422558_456686231.jpg,12,12
1109062439_4007399231.jpg,13,13
1149563356_1975671231.jpg,8,8
1242612953_1032689231.jpg,10,10
1622576049_567983231.jpg,5,5
1703927028_3801234231.jpg,9,9
177093337_392011231.jpg,12,12
1868472206_1024645231.jpg,9,7
194318043_2154405231.jpg,12,12
1985952240_737231.jpg,12,11
2064281374_84438231.jpg,13,13
2192532878_3512521231.jpg,3,0
2369567411_2036799231.jpg,6,6
257749656_3676855231.jpg,0,2
3060354286_3720573231.jpg,9,6
341452789_2194156231.jpg,0,5
3604602091_3269369231.jpg,4,2
3971601857_1888085231.jpg,10,10
4017482165_4129857231.jpg,0,11
4019765237_37092231.jpg,9,6
4076933556_3647341231.jpg,0,0
4157387773_3953664231.jpg,13,13
4226224643_1238564231.jpg,13,13
502995994_2240509231.jpg,9,9
724390849_4030446231.jpg,11,0
908675272_3194146231.jpg,6,6
939288686_613134231.jpg,5,7
1127167799_2072292232.jpg,1,1
1522664920_2170686232.jpg,10,4
1742329097_1529058232.jpg,4,2
2026123282_55498232.jpg,0,0
2095068550_3962648232.jpg,3,3
2217616234_5318232.jpg,2,4
2803126018_2902403232.jpg,10,10
2885144579_3643073232.jpg,2,1
3005288408_2534745232.jpg,7,7
3043114680_2014465232.jpg,3,3
3517032241_4048040232.jpg,13,13
3610001091_106409232.jpg,8,5
3646092719_1409004232.jpg,7,8
4003670222_1756994232.jpg,11,11
4012105810_232232.jpg,0,0
4072550639_2330870232.jpg,3,3
4080350041_192056232.jpg,9,9
4238997779_1042661232.jpg,10,10
432900982_3146719232.jpg,13,4
442560237_2749565232.jpg,9,9
469785248_267899232.jpg,6,6
526583229_529207232.jpg,1,1
661453700_3075286232.jpg,6,8
736450792_3814151232.jpg,9,9
1049664356_21868233.jpg,9,5
1129284972_1376740233.jpg,11,11
1230835343_2230279233.jpg,13,13
1571236548_3299643233.jpg,2,2
1809359229_2134081233.jpg,5,5
1846056304_3646754233.jpg,9,9
2154996698_2020687233.jpg,2,0
2168329378_1039927233.jpg,0,0
231759483_2967787233.jpg,5,5
2451627046_236220233.jpg,4,5
2791643851_219903233.jpg,10,10
2827581856_4218562233.jpg,5,7
2969990639_696458233.jpg,11,11
3085644970_2419405233.jpg,2,0
3372937627_3035739233.jpg,3,1
3401305029_3320016233.jpg,4,0
3677354581_735088233.jpg,1,7
3744150524_217521233.jpg,1,1
3991287598_1618783233.jpg,3,3
4038319636_211089233.jpg,12,0
4187430811_947595233.jpg,10,10
517099505_4247808233.jpg,11,11
675683036_556784233.jpg,3,1
877094991_4149475233.jpg,13,13
988730401_3040912233.jpg,3,1
990359125_2644702233.jpg,10,10
1114931913_2901524234.jpg,0,2
1195570702_2925522234.jpg,10,10
1332723871_3136351234.jpg,0,0
1711532497_487664234.jpg,2,2
1780514934_3311134234.jpg,6,8
1788041849_3042394234.jpg,10,10
1850646793_2878750234.jpg,8,6
1863894834_1031512234.jpg,10,10
1933644652_2535663234.jpg,3,0
1966988095_4011939234.jpg,9,7
2152131301_1954295234.jpg,4,12
2325006258_2412126234.jpg,10,10
2444368571_337322234.jpg,8,8
2657323138_2467247234.jpg,2,2
2784781310_1080003234.jpg,13,4
2917838213_1219173234.jpg,6,6
3258195745_1192299234.jpg,9,7
3434887147_1350974234.jpg,5,5
3873980770_3413348234.jpg,9,9
3961638040_2613842234.jpg,13,13
4025066029_2439982234.jpg,12,13
4044642333_3096840234.jpg,8,7
524156971_1990936234.jpg,5,2
612257597_429271234.jpg,9,9
633057537_1979438234.jpg,11,11
790347200_1325500234.jpg,8,6
1086221273_334663235.jpg,2,3
1226586093_2016642235.jpg,4,2
1266825047_1296458235.jpg,0,0
1349408237_3935628235.jpg,9,9
1407687727_2677714235.jpg,0,0
1430206651_4081974235.jpg,9,6
1577038331_231965235.jpg,4,2
1726208221_4238523235.jpg,5,0
1803711901_3195884235.jpg,10,10
1808571973_3889927235.jpg,10,10
2105286804_3008638235.jpg,3,3
2331086424_1066750235.jpg,10,10
2355662527_1684123235.jpg,13,12
2542440726_2237483235.jpg,1,1
2764573114_3330569235.jpg,13,0
2808496982_2179326235.jpg,6,6
3109699751_1198469235.jpg,12,12
3179290077_1307883235.jpg,11,11
3268402533_3038588235.jpg,13,12
341405375_830841235.jpg,9,9
3603090890_908558235.jpg,1,1
3632975174_2032887235.jpg,10,10
3687067110_1435263235.jpg,0,0
3906115787_2997515235.jpg,7,7
407228273_382576235.jpg,1,1
4223596597_3283084235.jpg,4,2
545569886_1506520235.jpg,4,2
554678908_2957326235.jpg,12,12
693247348_3468720235.jpg,10,10
847493037_4111971235.jpg,3,3
908829176_1947964235.jpg,11,11
1124588633_1678071236.jpg,8,8
1917154406_80090236.jpg,1,0
2006122781_2468430236.jpg,13,13
205485528_3302885236.jpg,5,5
2438444139_2137835236.jpg,1,0
2948510431_2077922236.jpg,4,2
3024991992_3147919236.jpg,9,9
3178149799_735795236.jpg,9,6
3304405177_1006164236.jpg,3,3
3328526347_1613852236.jpg,13,12
333422068_3777475236.jpg,9,7
3560201878_535830236.jpg,13,13
3611787348_682520236.jpg,1,1
3701352723_2088296236.jpg,3,3
4047859298_1098547236.jpg,10,10
4082779237_3952301236.jpg,0,0
4156411849_2265972236.jpg,9,9
438994274_610573236.jpg,0,0
902027149_1681513236.jpg,8,8
1046934910_670910237.jpg,2,2
1073034788_3144222237.jpg,1,2
1159985068_717701237.jpg,12,11
1490273170_15273237.jpg,3,1
1540737115_1423312237.jpg,5,5
157916912_4048969237.jpg,0,0
1592385578_688724237.jpg,6,1
1648262264_3400548237.jpg,6,6
1850593980_1258038237.jpg,8,8
1872521829_783696237.jpg,3,11
2126820489_4187680237.jpg,1,1
2200582435_3931885237.jpg,12,12
2239018598_710988237.jpg,4,2
2332295145_3197627237.jpg,4,2
2371054311_3333851237.jpg,12,12
2651863640_882507237.jpg,10,10
2777451348_3202193237.jpg,8,10
3122392059_4051567237.jpg,11,3
3185667975_1037371237.jpg,8,8
3380447886_1267027237.jpg,10,10
3465963256_2702015237.jpg,1,3
3562851620_3769579237.jpg,4,2
3616954128_471232237.jpg,9,9
3797418842_1233531237.jpg,0,5
3816743948_521504237.jpg,11,11
3928338795_1939974237.jpg,11,11
3937502635_309070237.jpg,9,9
4034303986_1340856237.jpg,8,12
4198423837_1056915237.jpg,8,8
4211437472_3981250237.jpg,7,6
487770980_461959237.jpg,13,0
654551380_384253237.jpg,0,0
689385103_244057237.jpg,3,11
835748525_768884237.jpg,8,8
1032066272_2559684238.jpg,8,12
1214588147_3513107238.jpg,11,11
128276184_530127238.jpg,12,12
1310682543_2596402238.jpg,11,11
1706456774_1656064238.jpg,6,8
1759279423_4044923238.jpg,1,1
1800018472_2974041238.jpg,3,1
196809364_3856230238.jpg,11,11
1998538395_1847160238.jpg,0,0
2014499014_3348417238.jpg,0,0
2242658806_2868642238.jpg,8,8
2889342973_1429008238.jpg,10,10
296247702_308092238.jpg,9,9
3166385787_1678845238.jpg,6,6
3266266492_3686258238.jpg,9,2
335482278_897084238.jpg,1,1
3440142820_3965027238.jpg,1,1
3531645034_3968389238.jpg,4,2
3709263407_3854962238.jpg,4,2
3890502758_2522587238.jpg,10,10
4044225950_3958350238.jpg,4,4
1060197426_3187180239.jpg,11,11
1362592079_3156474239.jpg,6,9
1402968635_902422239.jpg,10,10
1517624741_3961013239.jpg,5,5
1545035631_1239762239.jpg,6,7
1703585365_2521270239.jpg,12,11
1901401497_3667689239.jpg,13,13
2163328246_1588060239.jpg,1,1
2215585776_2545033239.jpg,11,11
2304159718_3746124239.jpg,3,0
2499223277_2865023239.jpg,8,8
2519739518_2521101239.jpg,11,0
2542537737_2459327239.jpg,8,8
2627390544_548297239.jpg,12,11
2739822523_3106268239.jpg,4,2
2749360037_2605829239.jpg,3,1
2820631191_2999616239.jpg,9,9
2890408400_3018785239.jpg,6,6
2982037321_1320358239.jpg,13,4
3320801218_3215349239.jpg,13,12
3430308332_3555844239.jpg,7,7
361880966_3745523239.jpg,13,13
4176418852_714743239.jpg,9,9
431772431_244880239.jpg,4,2
528693651_3369707239.jpg,1,1
639383287_840034239.jpg,5,5
64635835_1400999239.jpg,11,11
701432532_2013331239.jpg,3,1
1167652641_2145678240.jpg,3,3
1294679705_2263771240.jpg,11,13
1297020453_1091515240.jpg,13,13
1479011145_2148113240.jpg,11,11
150070155_3719212240.jpg,13,13
169669788_1702474240.jpg,5,5
1876660698_1480819240.jpg,9,9
1957105300_3698337240.jpg,3,1
1966582310_1990863240.jpg,3,3
2287404667_2222698240.jpg,8,7
2521580379_2676276240.jpg,13,13
2526587715_608259240.jpg,2,2
2606714748_1258398240.jpg,13,13
2686667254_2351556240.jpg,4,11
2704280037_2169922240.jpg,1,1
2734766476_2181130240.jpg,0,0
2782854328_4214261240.jpg,9,9
2896644368_1566487240.jpg,13,13
2924095365_2159680240.jpg,12,11
3056405990_2931381240.jpg,9,11
3326448159_946728240.jpg,12,11
3326742204_173168240.jpg,7,12
33994406_1647827240.jpg,0,7
3449089456_468962240.jpg,5,5
646965196_1680490240.jpg,0,0
673865529_2451431240.jpg,9,9
681847609_2532981240.jpg,1,1
722026931_104518240.jpg,9,9
768747408_101309240.jpg,3,3
835310172_3137854240.jpg,8,8
1057742260_1536916241.jpg,0,7
1076843731_1086641241.jpg,12,12
1199975277_2039994241.jpg,4,0
1309687624_2332330241.jpg,8,7
1317403088_1070674241.jpg,4,2
1437572110_1977731241.jpg,11,11
1499587742_3419998241.jpg,5,7
1619746750_583889241.jpg,8,13
1643808092_4103432241.jpg,1,7
1670971268_3615554241.jpg,5,2
1744182519_40726241.jpg,8,12
184603832_1239037241.jpg,1,1
1881466314_4126886241.jpg,0,0
1927579405_1914787241.jpg,0,0
202367324_3437476241.jpg,8,5
2318505421_1778414241.jpg,4,11
2680767034_1011603241.jpg,13,13
283011342_2014416241.jpg,8,8
2997135963_956824241.jpg,0,0
3098374455_2564492241.jpg,11,11
3121032160_4165001241.jpg,13,13
355197067_2934825241.jpg,11,11
3573270087_3688751241.jpg,12,11
4175503996_1558550241.jpg,12,12
594691759_3067320241.jpg,7,0
894027429_2715634241.jpg,13,13
1757965433_1985443242.jpg,3,11
1999500351_215001242.jpg,10,10
2027443216_294476242.jpg,3,11
2035630720_1315914242.jpg,8,12
2105164473_1060747242.jpg,8,8
2232977718_2741526242.jpg,2,0
2332255834_3604224242.jpg,11,11
2363725920_2894825242.jpg,3,1
2487655599_2247793242.jpg,4,2
2743654282_1739876242.jpg,2,2
2807972400_3335746242.jpg,0,7
2917324084_3478651242.jpg,8,8
295536523_3082882242.jpg,4,2
2986255630_1970394242.jpg,1,1
3142017823_200222242.jpg,5,5
3161205757_2951738242.jpg,9,10
3321925175_1516088242.jpg,10,10
3444058875_2764969242.jpg,3,0
3474608492_3500494242.jpg,4,6
3566953013_1785261242.jpg,5,6
3692468758_2816441242.jpg,12,12
3847848304_2245444242.jpg,3,0
3894087047_3836261242.jpg,5,5
3919655923_1423607242.jpg,5,5
3956638603_3857606242.jpg,13,13
3981908354_3773955242.jpg,9,6
414971008_4201542242.jpg,10,10
4171300059_2218439242.jpg,9,9
502166565_2909063242.jpg,9,9
1056721501_3246208243.jpg,10,10
113439907_1487002243.jpg,1,1
123109987_1593133243.jpg,13,13
129872859_1427942243.jpg,3,3
1344040377_3118948243.jpg,8,6
1889569606_72430243.jpg,13,13
2020476532_2118262243.jpg,7,6
2090547743_415022243.jpg,11,11
2208130484_4043719243.jpg,12,12
2426831765_3345261243.jpg,9,9
254415673_3842642243.jpg,13,13
2697395332_3094009243.jpg,13,13
3023199361_3031719243.jpg,9,9
3346287788_1550081243.jpg,12,11
3454156693_3313008243.jpg,3,3
3482265681_3160585243.jpg,0,0
3573043911_2223018243.jpg,5,7
3777736911_3717264243.jpg,11,11
3793725967_3459985243.jpg,5,5
3803669491_3898789243.jpg,4,0
4006292419_2790128243.jpg,11,11
4018528335_841668243.jpg,9,6
4027588846_2626756243.jpg,13,13
4203903710_1536144243.jpg,12,11
4238817213_402739243.jpg,9,9
614659489_319618243.jpg,3,3
629360849_2480864243.jpg,6,6
1006993987_1446211244.jpg,10,10
1013306324_263614244.jpg,11,11
1097279871_3472195244.jpg,9,9
1142053620_1061389244.jpg,9,6
1345028883_282220244.jpg,13,12
1434618696_644737244.jpg,0,0
1543587530_430691244.jpg,13,13
1588006772_1800715244.jpg,11,11
1685069141_2667359244.jpg,0,0
175232466_166785244.jpg,2,0
2291157543_2876647244.jpg,8,7
2429749936_814858244.jpg,6,6
2485190230_3325795244.jpg,12,3
2641927073_2719569244.jpg,10,10
2690028129_1178051244.jpg,9,9
2807252662_2989569244.jpg,11,11
3147808538_690455244.jpg,3,3
3154024751_860552244.jpg,11,6
3347437891_2816701244.jpg,9,9
3404902002_524265244.jpg,11,11
3432421948_4149883244.jpg,6,6
3599460721_884632244.jpg,5,9
389249681_1891182244.jpg,8,8
4203505451_1465812244.jpg,10,10
4277675152_4069817244.jpg,9,9
584715539_269885244.jpg,11,11
813081312_2043403244.jpg,1,1
1024206086_3035336245.jpg,8,8
131795703_2588597245.jpg,7,7
1490966615_441538245.jpg,12,11
1591415444_1795089245.jpg,2,4
1628398665_4014878245.jpg,5,5
1805764749_3030033245.jpg,5,2
1903474878_658909245.jpg,3,3
2083417620_3045273245.jpg,12,12
2128690468_3784991245.jpg,3,3
2136403300_3557560245.jpg,6,8
214561233_3524532245.jpg,7,11
2151676743_3505603245.jpg,5,5
2272719518_2127560245.jpg,13,13
2305587046_931862245.jpg,5,2
2390942155_54303245.jpg,13,13
2755542776_3596195245.jpg,12,11
2875092604_1594749245.jpg,9,9
2948932221_3104714245.jpg,0,0
3072249210_431082245.jpg,11,11
3158523717_3083638245.jpg,12,12
3192954182_210523245.jpg,0,13
3195974996_1356062245.jpg,11,6
3279850515_2273971245.jpg,3,1
3425307142_1453169245.jpg,9,9
3527917635_2768663245.jpg,3,0
3569932134_2109730245.jpg,9,2
3661758359_3427309245.jpg,5,5
3675627280_3441101245.jpg,8,7
3873621980_1550496245.jpg,3,11
3916309436_452418245.jpg,12,11
3969427976_2516624245.jpg,8,8
4231694660_2718156245.jpg,9,9
424139551_423374245.jpg,4,2
4244228193_1568713245.jpg,11,11
586043228_531725245.jpg,4,0
61343142_2160882245.jpg,6,6
839287742_2989372245.jpg,11,11
1052577956_3533970246.jpg,13,13
1150107238_3926881246.jpg,3,11
1174958072_2225483246.jpg,10,10
1204950378_2881971246.jpg,9,11
16532262_2716364246.jpg,11,2
2448815721_2066288246.jpg,2,1
2630659357_570315246.jpg,3,0
2654838102_1097048246.jpg,10,9
2745277080_519084246.jpg,10,10
2756762139_4167255246.jpg,5,5
3027443830_3907799246.jpg,4,2
3134124470_1155228246.jpg,8,6
3290920235_2244102246.jpg,4,0
3929247672_1670683246.jpg,4,4
4216671049_2954558246.jpg,6,11
4288073615_1558318246.jpg,9,6
449850806_1676973246.jpg,12,2
546976738_202925246.jpg,8,9
667218822_1164724246.jpg,1,1
891542234_2210249246.jpg,0,7
907625023_129073246.jpg,9,9
996850590_3848288246.jpg,1,1
1240973596_2555705247.jpg,6,8
1351203544_158766247.jpg,5,2
1474468726_968308247.jpg,3,3
2189288047_1352942247.jpg,3,11
2219327604_4281931247.jpg,8,8
2489517147_4084366247.jpg,8,8
2584349974_2630176247.jpg,13,13
2691462975_639024247.jpg,3,1
2822125676_1427396247.jpg,6,6
3164232368_538101247.jpg,12,12
3289869540_2409955247.jpg,0,2
3489881833_3338185247.jpg,9,9
3620558429_1013843247.jpg,3,3
3809814964_2995763247.jpg,11,11
3833810065_2105725247.jpg,0,0
415157345_2750322247.jpg,3,3
4230910343_1848729247.jpg,0,0
709051927_427098247.jpg,1,1
927445908_2993292247.jpg,11,11
1142659587_1259341248.jpg,1,1
1232107214_233366248.jpg,10,10
1387887233_3124307248.jpg,2,4
1456459590_3348361248.jpg,5,5
1524465730_571511248.jpg,3,3
1747554736_1527283248.jpg,4,2
2090118792_2214206248.jpg,5,5
2185563397_3353441248.jpg,2,0
2418196033_1130509248.jpg,3,3
2514836519_2886869248.jpg,13,13
2961086742_3236228248.jpg,8,6
3146510423_2028406248.jpg,9,9
3471364152_1377759248.jpg,13,0
3690560884_4037676248.jpg,3,1
4217013073_2115726248.jpg,9,9
444462934_906960248.jpg,0,0
1095446213_1240303249.jpg,9,9
1136155858_2075238249.jpg,5,5
1302496172_3883031249.jpg,0,0
1491163569_2885841249.jpg,12,12
1572621221_4190673249.jpg,8,8
1741342794_1859870249.jpg,12,12
1772376512_1199438249.jpg,9,9
1890448114_3551974249.jpg,10,10
2047829908_785731249.jpg,3,11
2196873911_34661249.jpg,8,7
2209140195_3022873249.jpg,8,8
2376740013_3903655249.jpg,11,11
2439037207_1543183249.jpg,1,1
3063258953_2534796249.jpg,0,0
3136511215_673064249.jpg,7,7
3196293001_1539857249.jpg,5,5
3246426957_2416587249.jpg,3,3
3311131439_2062733249.jpg,1,1
3488011796_2899034249.jpg,3,3
3515930756_22983249.jpg,12,7
3739001308_3804569249.jpg,6,6
3768467302_1946332249.jpg,6,6
3857723048_2264802249.jpg,9,9
4107332501_1804209249.jpg,9,9
558542244_1119221249.jpg,0,0
733374158_309616249.jpg,2,2
77468852_1848293249.jpg,11,11
896737273_716870249.jpg,0,0
1238346208_2947099250.jpg,7,7
1267615391_1817495250.jpg,12,12
1319695745_2516784250.jpg,0,2
1331855771_3392195250.jpg,13,13
1470781515_2224554250.jpg,8,7
1694597817_3896913250.jpg,9,9
1856357880_410572250.jpg,13,0
1934996690_3900892250.jpg,8,7
2080316781_944782250.jpg,3,3
2217795722_518783250.jpg,8,6
2247016296_3606176250.jpg,6,6
2380757959_2602002250.jpg,0,2
2425977980_2991303250.jpg,12,12
2499150395_80883250.jpg,4,2
274948030_2192065250.jpg,3,0
294642478_2609650250.jpg,12,12
2975025985_2921393250.jpg,9,9
3374142331_3209365250.jpg,0,0
3504626882_2834461250.jpg,3,11
3586885107_2479431250.jpg,3,11
36111128_2805012250.jpg,13,11
3831236253_2949046250.jpg,13,13
3844959429_3448605250.jpg,5,5
3985489999_3539556250.jpg,7,7
3993730411_1819804250.jpg,8,8
4047799355_1128966250.jpg,11,12
4063323490_1248634250.jpg,3,1
4066934991_1231743250.jpg,0,0
4260527036_2626555250.jpg,4,0
627767543_83439250.jpg,13,13
703237499_1362766250.jpg,12,11
883409493_2265402250.jpg,8,8
925746534_3109495250.jpg,0,11
1088430196_1117035251.jpg,7,1
1176960644_1323584251.jpg,9,9
1349281077_3041119251.jpg,12,2
1445394733_358996251.jpg,8,5
148955491_764347251.jpg,10,10
1596026554_4271258251.jpg,3,1
1780576591_245218251.jpg,12,2
1814230573_3872962251.jpg,10,12
1858621097_3440548251.jpg,0,0
2036966463_1088086251.jpg,13,13
2097303211_1215136251.jpg,0,0
2128872914_3565382251.jpg,10,10
2184357809_618859251.jpg,0,2
2292188847_984765251.jpg,1,11
2313902951_559641251.jpg,0,2
2449544536_502004251.jpg,0,4
2486146108_1458254251.jpg,9,9
2613616184_1492526251.jpg,7,12
2715566249_3813318251.jpg,12,12
2989801892_3316797251.jpg,1,1
3158827789_2288935251.jpg,5,5
3411106762_2228710251.jpg,3,1
3647893313_1113938251.jpg,0,0
3758183016_3950194251.jpg,12,12
4130588663_562929251.jpg,5,5
876602963_1292696251.jpg,3,3
1125326405_3054714252.jpg,0,11
1237040139_1322928252.jpg,6,6
1241513366_3135273252.jpg,3,0
1364574370_2999507252.jpg,0,11
1426162580_4060795252.jpg,6,8
1623384985_956668252.jpg,8,12
1698075012_31929252.jpg,12,12
1777329263_2441832252.jpg,7,6
3008733233_2512313252.jpg,8,8
3010875559_1117039252.jpg,12,11
3352114898_1619964252.jpg,4,2
3392741436_1271381252.jpg,3,3
3713536819_1682996252.jpg,3,3
3886972433_3742271252.jpg,7,6
4259232164_1679353252.jpg,1,7
592007701_3254287252.jpg,10,10
814704678_743374252.jpg,0,1
940798180_1955792252.jpg,12,13
1218411476_2445971253.jpg,9,9
1953979450_1782172253.jpg,0,4
2440550051_2675688253.jpg,12,12
3153497838_720329253.jpg,12,12
3372596114_868537253.jpg,1,0
3594671250_1339488253.jpg,13,13
3834578015_2862747253.jpg,6,6
4018708700_2991973253.jpg,10,10
4108246354_177734253.jpg,1,1
4252115746_3265002253.jpg,12,11
437662567_84234253.jpg,1,1
516775732_4075454253.jpg,6,11
565754065_1949898253.jpg,6,6
645623509_3308698253.jpg,11,11
668374014_3582613253.jpg,13,13
760853797_2233921253.jpg,13,13
773059300_4067818253.jpg,1,1
899909829_2120896253.jpg,10,10
958641677_2617573253.jpg,1,1
1052921115_2015804254.jpg,6,6
1378013084_787605254.jpg,9,9
1435402032_236368254.jpg,9,12
1464430803_4014493254.jpg,7,7
150058278_2335666254.jpg,9,9
1807056392_3652990254.jpg,12,13
2146880144_3489912254.jpg,1,1
2172649704_3499393254.jpg,9,9
2233058662_1233030254.jpg,1,1
2847116866_2601088254.jpg,2,0
2862101421_3081105254.jpg,0,0
3351964507_2892864254.jpg,0,13
3544329955_3969277254.jpg,3,2
3713111578_1249371254.jpg,12,12
372701718_4075585254.jpg,8,7
3787343967_2018079254.jpg,9,9
3837894033_2419764254.jpg,1,1
387155375_4243149254.jpg,8,6
4020777044_3754270254.jpg,4,0
4065182381_564231254.jpg,11,11
416023401_2327203254.jpg,13,13
421551798_3535021254.jpg,6,7
605266696_1357824254.jpg,0,0
614645255_1352210254.jpg,7,8
685430058_1671348254.jpg,12,11
937099757_3793820254.jpg,3,1
1218357684_4257688255.jpg,4,2
1237723907_1195729255.jpg,3,3
1393739925_3401288255.jpg,5,5
1455768174_2111151255.jpg,11,11
1463987306_4261375255.jpg,1,1
1599092541_778007255.jpg,8,6
2188444486_1070331255.jpg,0,0
2241678751_3387973255.jpg,3,11
2632472091_1265564255.jpg,9,9
2676431400_318134255.jpg,3,1
3115431100_1437395255.jpg,10,10
3375269293_3537867255.jpg,3,0
3756632502_3180787255.jpg,0,11
3775798554_2730510255.jpg,13,13
3851728599_676556255.jpg,9,9
3889452725_3870172255.jpg,2,2
3905810042_2115456255.jpg,5,2
4127083711_60551255.jpg,3,1
514463245_3465392255.jpg,12,12
803513087_1397395255.jpg,10,10
987901701_1116096255.jpg,6,6
1031038761_4230813256.jpg,11,11
1145885409_5846256.jpg,11,12
1172581564_3144805256.jpg,2,2
1241763266_1828951256.jpg,10,10
138072610_1932415256.jpg,13,13
148437326_2383930256.jpg,12,11
1504626703_3993630256.jpg,6,6
1577774759_236450256.jpg,8,5
1876716642_586255256.jpg,4,4
2116973419_1764517256.jpg,5,5
2333214071_185082256.jpg,13,12
2567597606_2656654256.jpg,9,9
2749891911_334815256.jpg,12,12
2796412869_2910561256.jpg,11,11
290554909_261510256.jpg,0,0
3053974500_3873825256.jpg,0,0
3324925547_2942113256.jpg,9,9
3936361824_459294256.jpg,4,2
4031208294_3404800256.jpg,5,5
4178828149_3603893256.jpg,1,1
536626778_1116280256.jpg,1,1
760544654_4126607256.jpg,3,1
85328613_1765675256.jpg,5,7
95826647_3123996256.jpg,3,3
2115663044_829561257.jpg,0,0
248897786_2185786257.jpg,7,6
2835557594_754587257.jpg,3,0
2912379681_955669257.jpg,1,0
2935971923_3245888257.jpg,5,5
3462857893_760167257.jpg,5,7
3556542602_1314500257.jpg,13,13
3650409469_3197619257.jpg,8,8
3845758811_157555257.jpg,2,0
4009780478_3788179257.jpg,10,10
4050992461_2854803257.jpg,1,1
4176282289_378622257.jpg,1,0
447504788_3252776257.jpg,1,1
464386904_1476639257.jpg,3,3
544014806_2826424257.jpg,1,1
770574941_536984257.jpg,7,7
1018441617_3204510258.jpg,6,6
1269875145_4090095258.jpg,3,1
1360156315_2249906258.jpg,12,12
146173467_365584258.jpg,3,3
154005625_4187698258.jpg,0,0
1629903709_1487742258.jpg,5,5
1685979412_3379671258.jpg,13,13
1700358496_3241943258.jpg,13,13
1816531383_3553517258.jpg,4,2
200633916_3402164258.jpg,7,5
2058269445_3934177258.jpg,6,9
338411487_2730070258.jpg,9,9
366923616_1549226258.jpg,9,9
369599953_1981667258.jpg,1,11
4040579610_3374472258.jpg,5,6
62080156_3694004258.jpg,2,2
627132605_701154258.jpg,5,7
765071267_1045637258.jpg,2,2
771152785_3144032258.jpg,10,10
102501975_3258688259.jpg,12,12
1057618304_1740731259.jpg,0,0
113722597_673870259.jpg,5,7
1366529414_4034502259.jpg,2,2
1516238351_893703259.jpg,9,9
1561959385_1193854259.jpg,3,3
1656871195_1986525259.jpg,12,2
168962730_3992774259.jpg,13,13
1712253077_3506786259.jpg,6,6
2041342644_651711259.jpg,9,9
2069622031_3315190259.jpg,0,5
212916888_2640412259.jpg,12,11
2534724071_340152259.jpg,13,13
3174896461_677689259.jpg,1,1
3201934929_3408509259.jpg,5,5
3559157500_1763249259.jpg,9,9
3596774285_2585256259.jpg,5,5
3771068991_2787660259.jpg,3,3
3869195574_1668578259.jpg,6,8
3977058880_1225177259.jpg,9,9
4005306815_1243830259.jpg,1,3
4070095794_1928346259.jpg,5,5
4084964368_834077259.jpg,9,11
4102588048_2297460259.jpg,1,7
675067366_1961230259.jpg,7,6
697177810_1058460259.jpg,11,11
102601704_108785260.jpg,10,10
1678584446_696392260.jpg,12,12
1977123148_3111817260.jpg,3,3
2151510298_1194485260.jpg,1,0
2250686308_2447331260.jpg,9,9
23686476_226293260.jpg,13,13
2409746875_3459103260.jpg,9,11
2439363551_779523260.jpg,8,7
2481598625_498489260.jpg,2,1
2774218354_2733296260.jpg,5,5
2849736120_3774722260.jpg,10,10
2920394940_445512260.jpg,6,6
3204752754_644697260.jpg,5,5
3344385015_364790260.jpg,0,0
3441466778_982024260.jpg,9,9
3459590098_1726699260.jpg,8,8
3532071116_1296983260.jpg,8,6
3584696994_1012913260.jpg,11,0
3897614318_260863260.jpg,13,13
3917661669_282752260.jpg,12,11
4102024348_367261260.jpg,13,13
4114514726_109572260.jpg,10,10
4185649104_60478260.jpg,8,6
516858118_4125145260.jpg,8,8
607346125_1793862260.jpg,1,1
658074935_2279987260.jpg,13,13
811542753_1180618260.jpg,12,11
984441976_1809188260.jpg,3,3
1058756540_4119019261.jpg,7,11
132203331_1367886261.jpg,4,0
1435640442_488270261.jpg,13,13
152166981_1721988261.jpg,4,2
1675176694_963781261.jpg,9,9
1833757843_418635261.jpg,3,3
1915061295_309925261.jpg,5,5
1929479801_2352820261.jpg,12,12
2216788154_2750631261.jpg,8,7
2380681295_2839746261.jpg,2,0
2402613087_1016475261.jpg,12,12
2780136666_3520845261.jpg,1,1
3278948141_3881842261.jpg,13,11
3414477567_3938392261.jpg,3,3
3478687615_4045632261.jpg,8,8
3742628247_1232986261.jpg,3,3
3830579827_3895050261.jpg,3,3
3971672052_2715195261.jpg,1,1
4062592204_636344261.jpg,7,6
4072059377_1323053261.jpg,3,0
535700438_965529261.jpg,13,13
779809882_1786046261.jpg,4,2
880078064_1541181261.jpg,13,13
140364850_3180667262.jpg,7,7
1405413932_354211262.jpg,3,3
1410317487_2601720262.jpg,11,11
1595884217_3231266262.jpg,11,11
1599714806_2842361262.jpg,1,1
1630702729_1951640262.jpg,3,11
1862695702_1445735262.jpg,9,5
1914594023_2640414262.jpg,5,5
1919607647_1489942262.jpg,11,0
2081822750_450952262.jpg,3,6
2193469819_1629839262.jpg,3,1
2377127788_2755926262.jpg,13,13
2520314684_1947686262.jpg,1,1
2871854851_2071202262.jpg,1,11
2873802692_1206016262.jpg,9,9
2912245834_927141262.jpg,0,2
3002379324_2766962262.jpg,11,12
3119220301_3175967262.jpg,1,1
3218603716_681310262.jpg,1,0
334327563_2847077262.jpg,0,0
3640206419_3963625262.jpg,11,11
3713722412_2158596262.jpg,5,5
3795614677_3106705262.jpg,2,4
3916599406_276550262.jpg,11,11
4121309084_4142553262.jpg,12,11
4247949355_26448262.jpg,10,10
469858139_2335791262.jpg,8,8
594960234_2494089262.jpg,1,0
604038940_1671714262.jpg,13,13
844669997_1055752262.jpg,12,11
944715032_2260183262.jpg,8,7
123835399_4218656263.jpg,13,13
1578256757_3554602263.jpg,1,1
1659731965_4258857263.jpg,2,2
171623343_38786263.jpg,6,8
1790964062_130191263.jpg,11,11
1885060794_2888260263.jpg,8,8
1982866368_1916619263.jpg,13,11
2041548646_2016251263.jpg,0,0
2253398109_2648867263.jpg,8,12
2776144967_1936811263.jpg,4,2
2780617671_738612263.jpg,11,11
3027275914_2170648263.jpg,11,11
3047377285_3303763263.jpg,2,2
3050059782_187432263.jpg,3,2
3118410649_1686450263.jpg,0,0
3135660167_2045865263.jpg,3,1
3376110449_4250758263.jpg,9,9
3643660674_480797263.jpg,9,9
3700397747_4107775263.jpg,1,0
3768578217_2591765263.jpg,8,6
4032826800_2692876263.jpg,10,10
4101094231_3532654263.jpg,2,4
4128164009_2923098263.jpg,1,11
4136878385_123133263.jpg,0,2
4188097207_62677263.jpg,10,10
4237805797_3077734263.jpg,2,0
796097984_1838041263.jpg,12,12
873742282_2411149263.jpg,13,13
1456162034_2758215264.jpg,13,13
1522873891_2602491264.jpg,2,0
1668228109_3362657264.jpg,10,10
1718687528_488458264.jpg,11,11
1754188891_2185827264.jpg,13,12
1821266248_3088086264.jpg,11,11
1990369987_3762780264.jpg,13,12
2003293125_274454264.jpg,8,8
2230096282_3296446264.jpg,8,12
2306072937_3921867264.jpg,7,1
2463241846_1583953264.jpg,8,8
2541241133_2634309264.jpg,11,11
2703312456_3988178264.jpg,12,11
3009263076_548026264.jpg,8,6
3302185882_797707264.jpg,3,1
3410447877_252808264.jpg,11,2
3493581164_3297302264.jpg,5,5
3576985519_3185821264.jpg,13,13
4000417300_2927748264.jpg,1,1
4017531047_2305277264.jpg,9,9
4156978955_1077573264.jpg,9,9
520291262_2467951264.jpg,9,11
820252831_444197264.jpg,9,9
133236269_3982313265.jpg,10,10
1409304323_1210235265.jpg,5,5
1737417259_2242973265.jpg,11,11
1738586496_242813265.jpg,11,0
1767392523_3901478265.jpg,1,1
2010818853_2677567265.jpg,6,7
2102006623_644737265.jpg,0,11
2195306812_528117265.jpg,9,9
2454823264_2536503265.jpg,4,0
2491940897_1123659265.jpg,6,6
280088877_1984035265.jpg,3,3
2854652972_623186265.jpg,10,10
3299169637_1972485265.jpg,5,5
3400906095_645138265.jpg,5,5
353352147_1268430265.jpg,1,1
365637117_3661802265.jpg,9,9
3677394015_3757691265.jpg,1,3
3678571476_3747775265.jpg,13,13
3700986536_1826791265.jpg,1,1
3792229417_2328709265.jpg,12,12
3855382336_2033393265.jpg,3,11
4037601235_1764732265.jpg,9,9
4200001860_2538106265.jpg,1,1
4218377161_1578677265.jpg,10,10
655500051_1381888265.jpg,10,10
98447383_899159265.jpg,11,11
1338306129_2719087266.jpg,5,2
135427795_1144874266.jpg,10,10
1404009440_2346147266.jpg,5,5
1523729975_17871266.jpg,10,10
165471008_1554084266.jpg,4,0
1821575694_710694266.jpg,12,12
1935357559_1687961266.jpg,0,7
1952507401_3701163266.jpg,13,13
2265679116_3979349266.jpg,3,11
2281625313_754374266.jpg,8,8
2580172749_1140134266.jpg,8,8
2598597701_1965852266.jpg,8,6
2802787023_3515639266.jpg,9,9
3132520585_2706249266.jpg,5,7
3146203007_1178873266.jpg,2,4
3192216208_3011815266.jpg,1,2
3196517774_2607567266.jpg,13,13
320603825_2644795266.jpg,11,2
323325137_3422047266.jpg,7,7
325199451_3177692266.jpg,1,0
3732586837_1303556266.jpg,11,11
3786277275_2337686266.jpg,13,13
3788916552_3583109266.jpg,5,5
40058496_1793221266.jpg,3,0
4036172911_2529087266.jpg,12,11
4045660632_2563422266.jpg,2,4
406748207_4121317266.jpg,11,3
4177994533_2991717266.jpg,5,5
493152385_3095123266.jpg,10,10
692303332_377894266.jpg,3,3
698844702_1422326266.jpg,3,3
998583821_1613874266.jpg,11,11
1067902014_3393087267.jpg,3,1
1091107468_2745774267.jpg,1,11
1406255045_3214348267.jpg,3,3
1546685913_2799689267.jpg,5,5
1692629934_249839267.jpg,1,9
1788726529_3148517267.jpg,9,9
1801062788_938740267.jpg,8,7
1888598169_2508857267.jpg,5,5
1897314485_31569267.jpg,1,1
1942800475_347453267.jpg,12,11
2076605281_2748965267.jpg,0,13
2379971088_6589267.jpg,6,8
3487328821_2046626267.jpg,6,6
3576569179_2299471267.jpg,11,11
3634105123_3052541267.jpg,12,11
3946671431_1678289267.jpg,1,1
4242246741_4206212267.jpg,11,11
523205901_1731160267.jpg,1,1
620892167_3445883267.jpg,9,9
1137753842_2991454268.jpg,10,10
1244898190_2869055268.jpg,12,11
134398845_3625801268.jpg,8,8
1475887887_151665268.jpg,10,10
148430167_3416221268.jpg,8,8
1616083601_131597268.jpg,4,2
1697901455_2432190268.jpg,1,1
172842697_80284268.jpg,10,10
1976776593_106391268.jpg,8,12
219481575_2442358268.jpg,1,1
2329989330_2504884268.jpg,3,0
2340859474_1235688268.jpg,8,8
2494403560_3013226268.jpg,8,8
2554377360_3434326268.jpg,1,1
2555129212_1857423268.jpg,5,0
280899475_3000033268.jpg,12,11
290659766_2689887268.jpg,3,0
2915259908_1367480268.jpg,9,9
2992353881_2207898268.jpg,11,11
3048940398_4138039268.jpg,5,7
3288018198_2174132268.jpg,9,9
674839671_981064268.jpg,12,12
775047911_3529852268.jpg,6,6
780944115_1555013268.jpg,13,13
822393764_1095141268.jpg,11,11
874701510_4112526268.jpg,13,13
1070601441_3642586269.jpg,5,7
1081794058_958079269.jpg,1,1
1274396509_3165735269.jpg,6,6
1282894764_2064371269.jpg,1,1
1386333502_2015982269.jpg,13,13
1408725483_3044011269.jpg,1,1
1581949307_3307834269.jpg,2,6
1593213031_3429826269.jpg,3,3
1665600385_921600269.jpg,8,8
1737991845_799762269.jpg,10,10
2216663727_1193118269.jpg,3,0
2242825905_1406747269.jpg,6,6
2265704240_1796809269.jpg,11,11
2414950239_2466064269.jpg,13,13
3154569936_3463968269.jpg,7,7
333305371_2623281269.jpg,7,7
352883577_3264034269.jpg,3,0
3716872071_2267992269.jpg,3,0
3846139856_1214865269.jpg,0,0
391463759_3440092269.jpg,11,11
3965110451_3706434269.jpg,8,12
438357013_3799627269.jpg,13,12
554282603_3824267269.jpg,8,7
853134735_4083243269.jpg,12,11
1167554335_2989144270.jpg,9,9
1310997805_2537047270.jpg,0,4
1360772329_617758270.jpg,1,1
140490617_3942026270.jpg,13,13
1789156665_176717270.jpg,12,11
1944543697_417470270.jpg,9,9
2001545272_3778889270.jpg,13,13
2102065394_3066320270.jpg,10,10
2243472708_2938539270.jpg,13,13
2289009026_3028164270.jpg,10,10
2373162425_1312055270.jpg,0,0
2571491136_300275270.jpg,12,12
262215603_1844455270.jpg,0,0
2705646166_3554556270.jpg,4,2
2849875991_439268270.jpg,12,0
3068205153_2559523270.jpg,12,11
3313149781_559930270.jpg,8,8
3674334036_3164022270.jpg,3,3
3706526146_691772270.jpg,1,1
4290918126_4183284270.jpg,2,0
461768432_2403657270.jpg,0,2
606547861_534919270.jpg,6,6
962248240_1137355270.jpg,11,11
1108484118_3952050271.jpg,11,11
1145273371_1356612271.jpg,3,3
118298172_3579207271.jpg,4,2
1303434877_3003547271.jpg,8,12
1312044490_1999784271.jpg,8,8
151003957_2399263271.jpg,7,6
1738458804_932672271.jpg,5,7
1791082772_771420271.jpg,11,11
1835368614_1685521271.jpg,1,1
1841271022_115505271.jpg,3,11
2007648203_3636463271.jpg,13,13
2077987235_1285300271.jpg,11,11
2442748343_730169271.jpg,1,1
2534099550_2340450271.jpg,3,1
2546996296_1200196271.jpg,3,3
3174171348_2354122271.jpg,6,6
3228597736_1581461271.jpg,11,11
3436911879_3545624271.jpg,12,11
3654484932_2716433271.jpg,5,5
3687220535_250790271.jpg,13,12
3723054726_3723437271.jpg,10,10
3916412378_3821228271.jpg,11,12
3940224173_3936512271.jpg,10,10
4175213747_1041697271.jpg,7,7
4272476188_1594716271.jpg,13,13
4289569850_1989201271.jpg,1,0
796009813_45118271.jpg,12,13
1107344606_3921190272.jpg,2,0
1255148016_3370253272.jpg,5,7
1279630076_1398707272.jpg,2,4
1380804723_1546263272.jpg,10,10
1431983373_3857404272.jpg,4,6
1484398699_2880482272.jpg,13,13
181870917_56308272.jpg,11,11
1853324133_3400076272.jpg,4,2
2009662566_4279614272.jpg,9,6
2310875499_2141358272.jpg,2,2
2439070730_799945272.jpg,3,3
2532106138_3353730272.jpg,9,9
2620794334_2169028272.jpg,10,10
3024515760_3569602272.jpg,8,12
3165611221_1632826272.jpg,7,7
3312026658_936321272.jpg,9,9
3374439689_1012818272.jpg,13,13
3418673317_3808280272.jpg,12,0
345526608_206228272.jpg,3,1
3487352675_3297176272.jpg,8,12
3489628754_2834777272.jpg,1,0
3719045786_72795272.jpg,5,12
3946931789_3931068272.jpg,13,13
4042419117_3707187272.jpg,1,7
4074702355_536636272.jpg,0,0
4275219791_3554556272.jpg,8,8
545194413_1622684272.jpg,9,6
734795716_2531228272.jpg,13,13
826861592_800088272.jpg,12,12
906677481_119441272.jpg,1,1
1012945973_4000057273.jpg,0,0
1067166646_184721273.jpg,2,2
1288388056_1915960273.jpg,8,1
164624093_2533518273.jpg,1,2
2096229565_1994509273.jpg,6,6
2276292712_3293265273.jpg,1,1
2327378285_3937310273.jpg,9,9
2474946219_1448238273.jpg,5,2
2490888841_508170273.jpg,4,2
2608982367_4084112273.jpg,12,0
2771961995_1512298273.jpg,8,6
2950054586_2131558273.jpg,10,10
2962742020_2070771273.jpg,7,7
3374481768_3358293273.jpg,9,6
3646810661_1047285273.jpg,9,6
3706466443_4004303273.jpg,4,2
4260727708_2832453273.jpg,3,1
455121716_273258273.jpg,6,6
509087381_919799273.jpg,9,6
731422039_755764273.jpg,1,1
765258914_1234484273.jpg,3,1
839044412_1310485273.jpg,4,2
94971495_952672273.jpg,0,0
1030638493_3462447274.jpg,8,12
1116655242_531158274.jpg,0,0
1442938825_2814257274.jpg,11,11
1446801248_2170874274.jpg,3,11
151814948_1646522274.jpg,5,2
1775393458_1527748274.jpg,5,5
1813746235_211351274.jpg,11,11
2039785100_2572663274.jpg,3,0
2323182835_2668030274.jpg,2,4
2736445243_3662997274.jpg,11,11
2992353531_3766796274.jpg,3,3
3191655135_3761281274.jpg,8,6
3514666822_3481007274.jpg,6,6
3532376297_3699125274.jpg,8,8
3570024340_1665713274.jpg,0,13
3603326558_4277362274.jpg,9,6
4037391426_814493274.jpg,1,1
483929353_2895773274.jpg,13,12
660938768_2161761274.jpg,5,7
1271554476_2949971275.jpg,11,12
1313771586_2406400275.jpg,10,10
1340534566_84972275.jpg,1,0
1972454102_4290429275.jpg,0,0
2087315849_492386275.jpg,3,0
2213471001_2400883275.jpg,1,1
2252783992_2017015275.jpg,9,6
2654031650_1055715275.jpg,5,5
273064600_3212529275.jpg,9,9
2876013973_180204275.jpg,1,1
3351322221_213877275.jpg,13,13
3358577165_1198603275.jpg,1,0
3368548485_2758319275.jpg,10,10
338013364_4041169275.jpg,1,1
3644892560_1739049275.jpg,1,1
3673583142_4248043275.jpg,1,1
3907176603_1595154275.jpg,13,13
4112903075_924431275.jpg,0,9
4157124224_2226050275.jpg,2,4
558493813_3874189275.jpg,13,13
1358614017_903615276.jpg,7,7
1363345660_151668276.jpg,5,2
1371363952_3680400276.jpg,8,8
1376199269_1526159276.jpg,10,10
1414966797_3900102276.jpg,1,1
1732799244_1685286276.jpg,4,12
1805676069_1113503276.jpg,13,13
2083564070_3755263276.jpg,8,6
2358951118_2978631276.jpg,12,11
2381971932_1268929276.jpg,8,8
2648543607_258138276.jpg,3,3
2990551882_3530114276.jpg,11,11
3084424431_2719467276.jpg,7,7
3111557535_816060276.jpg,6,6
3125080621_684023276.jpg,3,3
3322470299_1151551276.jpg,8,8
3441214050_2676897276.jpg,4,2
3441717383_3158298276.jpg,11,11
3463071358_1648661276.jpg,6,6
3640898495_1744868276.jpg,0,0
3772784065_877367276.jpg,5,7
751930233_1795113276.jpg,0,5
78445961_72485276.jpg,13,12
144531899_4150169277.jpg,12,7
1899239931_1286854277.jpg,13,4
2087289111_2661233277.jpg,4,2
2312869342_3743924277.jpg,1,1
2423435611_2644261277.jpg,1,1
2455791390_1278172277.jpg,9,9
2469654842_3219274277.jpg,0,0
2481733045_2850879277.jpg,5,7
2546366995_2730819277.jpg,11,11
2642339083_3447238277.jpg,1,1
2689537607_3686845277.jpg,13,13
2857119320_1832652277.jpg,6,8
2880271499_3267582277.jpg,12,11
32147950_3670609277.jpg,3,3
3326124206_3806203277.jpg,1,1
3363713359_138416277.jpg,3,3
3470127287_3142215277.jpg,9,9
3497466135_2972584277.jpg,11,11
380080116_2098325277.jpg,4,0
3908392252_2522790277.jpg,9,9
3911843953_4090827277.jpg,11,11
4065504152_1454900277.jpg,13,12
4226114487_3636172277.jpg,8,7
4291159458_1205420277.jpg,12,12
661515623_688223277.jpg,9,11
758871553_3600961277.jpg,3,0
867821331_473338277.jpg,4,2
922971046_1389145277.jpg,12,11
929432184_2304744277.jpg,3,11
976367676_4026180277.jpg,1,0
1211791352_2591012278.jpg,1,1
1430845291_1494511278.jpg,13,13
1768656771_3387374278.jpg,12,12
1843996750_2325318278.jpg,7,6
2577842954_3455046278.jpg,8,8
274071905_2158428278.jpg,12,12
3290967009_881701278.jpg,5,5
3434139102_2732931278.jpg,0,0
3508488026_960868278.jpg,8,8
3693640078_1177654278.jpg,10,10
3815877686_2647675278.jpg,11,11
4153775180_3917842278.jpg,5,8
67820319_313868278.jpg,11,11
799118428_2559019278.jpg,13,13
1118051815_2510880279.jpg,13,13
1421852843_3138829279.jpg,8,8
1508839156_2133303279.jpg,8,8
1807020754_2306346279.jpg,0,2
211447065_3450180279.jpg,1,1
2282381630_175007279.jpg,13,13
2437146017_1976624279.jpg,3,3
26336524_1495644279.jpg,7,6
2664097398_2973683279.jpg,2,4
2738491240_3272812279.jpg,8,8
2780716576_1914973279.jpg,8,6
2923923875_3694274279.jpg,3,3
2961730795_3668737279.jpg,0,5
2962928156_3293152279.jpg,9,6
324925839_351318279.jpg,1,9
3512608806_2570336279.jpg,6,6
3592173129_1572484279.jpg,11,11
3753592328_2412800279.jpg,8,8
3986645436_3792562279.jpg,7,11
4242577545_795591279.jpg,8,6
429891262_2364879279.jpg,5,5
444003505_1697484279.jpg,13,13
910264350_2867181279.jpg,8,8
987212106_2736733279.jpg,1,1
1376655184_4224577280.jpg,13,13
1395271950_2863633280.jpg,1,1
1456406872_3939048280.jpg,11,12
1491540432_1725484280.jpg,12,11
1730695199_1739537280.jpg,3,1
2222957681_3526685280.jpg,8,6
2250024206_3136642280.jpg,11,11
227670974_1048541280.jpg,9,2
2317713977_1891185280.jpg,6,6
2321686524_1986189280.jpg,13,13
2523035413_2278052280.jpg,13,11
2576606817_3616061280.jpg,11,11
2586672522_706217280.jpg,1,1
2746157067_1315009280.jpg,4,2
3050374412_2406700280.jpg,1,7
3151634876_3863679280.jpg,2,2
3166921044_222071280.jpg,8,8
3284941669_925527280.jpg,1,0
3454311761_1416039280.jpg,11,11
3737308382_1127300280.jpg,8,6
434797691_3141699280.jpg,8,8
503354223_3657765280.jpg,12,12
682881826_1723434280.jpg,4,2
97214716_545230280.jpg,11,11
1048492375_4183378281.jpg,7,8
118262499_1569627281.jpg,11,0
1413186582_4204605281.jpg,6,6
1424337508_202746281.jpg,13,11
1487425352_787081281.jpg,3,3
1498580218_2159635281.jpg,13,0
1855477932_993132281.jpg,9,6
1994727080_3376239281.jpg,9,9
2034127696_795698281.jpg,2,5
2274764594_4024021281.jpg,3,11
2308721519_3067644281.jpg,12,12
2316034971_1744336281.jpg,4,4
2458537100_1205754281.jpg,3,3
2472179159_2004992281.jpg,4,2
2503543914_1555800281.jpg,9,9
2519186167_3439134281.jpg,2,0
2927160234_2507696281.jpg,12,0
3090118574_2710433281.jpg,6,8
3108657079_2033036281.jpg,11,11
3110273091_2800811281.jpg,13,13
3137470966_3035050281.jpg,1,1
34692481_1022476281.jpg,12,11
3497057830_2793144281.jpg,10,10
3578010763_226750281.jpg,0,0
3821711400_1171451281.jpg,13,13
3983297075_1581555281.jpg,12,12
4199533693_978871281.jpg,3,3
4293430417_718076281.jpg,12,0
500762442_3273065281.jpg,3,11
593541067_1625743281.jpg,4,0
628157730_3204610281.jpg,6,6
716088802_2316227281.jpg,4,2
1017660168_4039922282.jpg,10,10
1062258471_3592628282.jpg,10,10
1085080527_1634822282.jpg,9,9
1486548180_34272282.jpg,12,7
1946003575_3246842282.jpg,9,6
1997654936_1384201282.jpg,0,0
2027997196_1500822282.jpg,9,9
2078881494_526296282.jpg,6,6
2084053489_1947145282.jpg,3,3
2595686168_1907021282.jpg,1,1
2722145570_2915013282.jpg,5,7
2888016406_3594494282.jpg,7,7
3155737240_2035895282.jpg,8,8
3402619281_1442809282.jpg,10,10
392043989_169162282.jpg,5,5
4029598853_4201708282.jpg,7,8
4188783319_223230282.jpg,13,13
532532473_1776916282.jpg,9,6
729442268_1848264282.jpg,5,5
775672220_522272282.jpg,8,8
79589378_826066282.jpg,8,6
79679342_789781282.jpg,3,1
844411027_2010419282.jpg,12,12
101702547_1414941283.jpg,0,1
1292484996_2186617283.jpg,3,0
1602271540_2073675283.jpg,3,3
165115222_4179029283.jpg,8,8
1703155823_1507636283.jpg,1,1
176021028_1370422283.jpg,13,4
1846006794_3112906283.jpg,11,2
2109326035_1692315283.jpg,13,13
2145823530_1123220283.jpg,10,10
2330928182_3173223283.jpg,6,6
2364967143_3915850283.jpg,3,0
3145044330_1558721283.jpg,5,5
3205485610_1634114283.jpg,2,4
3419892832_2368549283.jpg,9,9
3917920045_2494760283.jpg,8,8
4265204776_1060429283.jpg,3,3
442439294_3004067283.jpg,8,12
455418156_3490157283.jpg,10,11
825140180_672803283.jpg,8,8
1229228182_15245284.jpg,6,6
1524704866_3552590284.jpg,1,0
1639154797_549297284.jpg,2,4
2008142436_281600284.jpg,9,9
2033164157_4241822284.jpg,12,11
2168115439_3964261284.jpg,7,7
2194051541_882108284.jpg,5,5
2230481358_1802756284.jpg,5,5
2292850318_2863987284.jpg,11,11
2484109879_3174208284.jpg,13,13
2554589936_2594658284.jpg,10,10
2635418791_1225784284.jpg,12,0
2646365652_1633860284.jpg,2,2
2760044730_2305185284.jpg,12,11
2760899032_1866167284.jpg,11,11
2897990783_1361815284.jpg,4,12
2929018489_987941284.jpg,12,11
3336627821_3698761284.jpg,11,11
3801760510_1041131284.jpg,8,8
3851187397_1184323284.jpg,1,1
3867808562_3421569284.jpg,4,2
3921634800_3721015284.jpg,5,5
4147697520_2578584284.jpg,10,10
725279125_3800194284.jpg,9,9
849885767_4106850284.jpg,0,0
1209025173_530191285.jpg,0,0
1312908225_2873555285.jpg,10,10
1533425751_387194285.jpg,2,4
1713109993_1313806285.jpg,8,12
1964511416_2191931285.jpg,1,3
1983574199_3879553285.jpg,2,11
2038303478_2973717285.jpg,12,11
2209740360_1551546285.jpg,0,0
2333460920_3461746285.jpg,2,2
2479287440_2363739285.jpg,4,2
288478890_3918941285.jpg,9,6
3150065694_3105782285.jpg,13,13
3319513405_3504804285.jpg,6,7
3427523656_574090285.jpg,13,13
3506930748_3405360285.jpg,8,8
3659029790_1991745285.jpg,4,2
3779153103_1198538285.jpg,8,6
3795542354_4172335285.jpg,11,11
3854145032_2459418285.jpg,2,1
3975075259_2351167285.jpg,4,2
505245346_26805285.jpg,10,10
653011884_1464389285.jpg,3,3
696017218_2208680285.jpg,13,13
713750353_4107651285.jpg,7,6
1033658047_1263715286.jpg,7,7
110964968_1778729286.jpg,8,7
1341333454_3686823286.jpg,6,8
1474994271_545558286.jpg,11,11
1692003881_1773646286.jpg,9,6
178945650_1929186286.jpg,10,6
1937681224_3528258286.jpg,9,7
2056707896_3112568286.jpg,2,2
2107903341_556092286.jpg,5,5
220656441_3699764286.jpg,10,10
243789168_341399286.jpg,9,6
2685499409_3965431286.jpg,6,6
2808177779_3973003286.jpg,11,0
3034750124_3776036286.jpg,5,5
3034890089_4289442286.jpg,1,1
3263491262_2274317286.jpg,12,12
3514243900_4142394286.jpg,1,13
3629527533_4270905286.jpg,0,0
3888594675_2806896286.jpg,13,13
393095489_4099585286.jpg,9,9
4093650433_1769323286.jpg,8,8
4267126187_2869069286.jpg,11,11
494575475_4282894286.jpg,10,10
522356543_1182923286.jpg,3,3
726039930_5389286.jpg,2,2
787794096_1658040286.jpg,12,12
1039472407_3085420287.jpg,6,6
1230240610_3336040287.jpg,13,0
1238697337_507503287.jpg,10,10
1581233519_935737287.jpg,7,7
1876396202_4005932287.jpg,12,11
2127428987_2864909287.jpg,11,11
2414730661_2990174287.jpg,9,11
2745556008_3317134287.jpg,3,3
2966432979_1441508287.jpg,13,13
3678960769_651634287.jpg,9,9
3753279687_2917531287.jpg,13,13
379274679_2152296287.jpg,9,9
4027907248_853078287.jpg,1,1
407899797_1528840287.jpg,0,5
4086618398_3535861287.jpg,5,7
522993496_2055074287.jpg,7,7
70809916_2815475287.jpg,11,11
717008989_1154710287.jpg,5,5
803916800_355804287.jpg,1,1
843430219_787119287.jpg,9,10
888213775_4071404287.jpg,9,9
934144696_1872802287.jpg,1,1
1332389718_1896888288.jpg,5,5
1637221700_2072933288.jpg,1,1
1967021500_892295288.jpg,3,3
2057318066_2803255288.jpg,1,1
2172303098_4108123288.jpg,0,11
2432967562_322546288.jpg,5,5
2714247944_3186107288.jpg,6,6
2867042182_1061498288.jpg,13,13
2909408981_2599888288.jpg,12,12
3436456804_342448288.jpg,12,12
3520895812_2481522288.jpg,3,0
3533592860_3242483288.jpg,13,13
3579799964_2710941288.jpg,6,7
3680427783_1231827288.jpg,10,10
3853397566_657434288.jpg,9,9
4156542146_1808340288.jpg,13,13
751842075_2672197288.jpg,3,3
893669748_3064801288.jpg,10,10
981422023_2506421288.jpg,9,9
1280745146_2021160289.jpg,3,3
1282974957_2942593289.jpg,1,1
1406368161_3899933289.jpg,2,2
1547587766_2924394289.jpg,13,13
1949098457_2110317289.jpg,1,1
2121306754_73183289.jpg,10,10
2216018897_4091266289.jpg,11,11
2686890108_2433086289.jpg,4,2
2788601321_1878455289.jpg,8,8
3282827599_3449111289.jpg,9,11
3320881830_3323906289.jpg,11,0
3346882789_4294065289.jpg,11,1
3434447581_1877171289.jpg,2,4
3562754066_1744002289.jpg,5,5
3671045771_3216153289.jpg,13,13
3924101817_2822006289.jpg,3,1
3980749375_1345852289.jpg,13,5
400242564_357226289.jpg,10,10
4100325713_3443215289.jpg,3,1
4168026519_3166229289.jpg,13,13
4273420592_1162231289.jpg,8,8
4294520543_1987965289.jpg,4,2
555180998_458384289.jpg,6,6
739133640_4084336289.jpg,11,11
754936437_4258185289.jpg,11,11
827376431_1317234289.jpg,4,2
1181750196_361861290.jpg,3,1
1282808198_1990561290.jpg,9,9
1461543046_2299888290.jpg,11,11
1849493536_585271290.jpg,4,2
1858257790_3553461290.jpg,6,8
1982459250_3107651290.jpg,9,6
2553725383_512910290.jpg,5,7
2585881321_1893023290.jpg,6,6
2596320615_145042290.jpg,0,0
289023860_40435290.jpg,5,5
2904778144_248113290.jpg,4,11
2937622630_293171290.jpg,6,6
2942415402_674429290.jpg,11,11
2970422903_4148164290.jpg,9,9
3081463206_3494362290.jpg,5,5
3256705169_3518211290.jpg,13,13
435223329_3625563290.jpg,6,6
896454838_279216290.jpg,5,5
963464287_144789290.jpg,10,10
1182670272_794633291.jpg,12,12
1377974173_2347399291.jpg,2,0
1598752051_3481938291.jpg,0,0
1732402620_73512291.jpg,6,6
1750649776_2972478291.jpg,3,0
1767691304_2217492291.jpg,11,11
1871217349_4178655291.jpg,12,11
2514698104_1551829291.jpg,11,11
2687677243_1182591291.jpg,9,9
2698186556_1553716291.jpg,8,8
2726269285_63377291.jpg,13,13
2896290471_3471965291.jpg,11,11
2904744458_3986212291.jpg,9,9
3123593625_2375654291.jpg,9,9
3240616709_1440020291.jpg,13,0
3522512118_3605104291.jpg,3,3
370095089_1657233291.jpg,3,3
3780922493_723112291.jpg,13,11
385444976_2276896291.jpg,5,5
4120530489_1988951291.jpg,3,0
4234168114_696021291.jpg,5,5
439413515_623847291.jpg,10,10
736438687_22928291.jpg,4,4
78972873_4083674291.jpg,1,1
828438498_1540623291.jpg,5,5
839892812_721554291.jpg,9,6
971764642_3207951291.jpg,10,10
978560778_4186551291.jpg,10,10
1108256881_239628292.jpg,5,5
1617162056_167390292.jpg,8,6
1618505534_1647988292.jpg,2,2
2101560666_3061337292.jpg,3,3
2198757204_2908702292.jpg,4,2
2339569471_265008292.jpg,10,10
2397116650_3891437292.jpg,8,8
2454532953_2545366292.jpg,3,1
2460767483_367103292.jpg,7,6
2486033048_1181874292.jpg,2,2
2584935093_3595984292.jpg,3,1
261393254_2819424292.jpg,3,3
2920183567_1697549292.jpg,12,11
3055995344_302168292.jpg,13,13
3225296704_348260292.jpg,4,2
3431207404_3701257292.jpg,11,11
3716459312_234630292.jpg,11,11
563214252_2439075292.jpg,6,7
949276617_1226685292.jpg,8,7
962216152_885356292.jpg,1,1
112996467_1043400293.jpg,10,10
1229270690_440002293.jpg,1,1
1232798006_334705293.jpg,10,10
1592904991_2794896293.jpg,12,12
1672625362_1636568293.jpg,8,8
1737259311_178347293.jpg,1,11
1963260223_1178272293.jpg,3,3
2135443318_2408487293.jpg,13,13
229833915_227934293.jpg,1,1
2509889435_2323474293.jpg,0,1
2740616882_725970293.jpg,13,13
2863385372_3334781293.jpg,10,10
2918728252_1116618293.jpg,5,7
2978376378_2771930293.jpg,0,4
3145796558_3436085293.jpg,7,1
3722180444_3589125293.jpg,1,1
3762863858_1499218293.jpg,3,3
3960856556_457496293.jpg,2,4
4153884102_3393912293.jpg,2,4
4240183681_3650586293.jpg,12,12
741477249_3504891293.jpg,1,1
813522938_2419585293.jpg,3,1
927161514_1390552293.jpg,4,2
952319009_558360293.jpg,6,6
1351424135_3388973294.jpg,2,2
1804431048_463121294.jpg,13,13
1934089447_398395294.jpg,0,0
1969581490_3561541294.jpg,13,13
205170614_657012294.jpg,11,11
2826765907_588722294.jpg,8,7
3427264743_3652827294.jpg,10,10
3885667657_2316355294.jpg,11,13
4120508655_1167557294.jpg,11,11
4225909283_3231636294.jpg,13,12
475551241_3325657294.jpg,12,12
519702291_1326993294.jpg,13,0
569229569_1116031294.jpg,13,0
668482255_1453602294.jpg,8,7
852949991_3819158294.jpg,11,3
1036281521_3841832295.jpg,1,1
1350950735_1022364295.jpg,9,6
1419122688_347023295.jpg,8,6
1502315290_3800377295.jpg,2,1
1567798459_2672248295.jpg,11,11
1629584495_2129878295.jpg,7,7
1979193420_697637295.jpg,13,13
2165010492_2377893295.jpg,3,3
2186772746_3615900295.jpg,11,11
2207208826_2611409295.jpg,1,1
2312927166_3218125295.jpg,1,1
2442325209_3830488295.jpg,3,0
2469551045_2824407295.jpg,0,13
2564189206_2942742295.jpg,5,7
2799304767_336810295.jpg,5,7
2825720518_3416331295.jpg,12,12
307215325_3259427295.jpg,5,6
308647069_1367208295.jpg,1,1
3454214034_3104027295.jpg,10,10
3587428423_1498697295.jpg,10,10
3969545187_1482989295.jpg,6,8
3995531500_2585262295.jpg,3,3
408588546_2068683295.jpg,9,6
4102146583_474511295.jpg,7,7
4142670266_1238612295.jpg,0,0
4151623507_3618248295.jpg,8,8
4159933186_2251265295.jpg,2,11
4289058935_2106586295.jpg,11,11
625643070_2535341295.jpg,7,7
913312497_1438300295.jpg,6,6
1192960516_1992751296.jpg,0,1
1250742092_1150055296.jpg,13,12
149545680_3373597296.jpg,2,4
1884586173_653553296.jpg,7,1
2054408891_1208086296.jpg,8,8
2341791627_4213429296.jpg,13,13
3017980318_3159144296.jpg,13,11
3158906626_1353506296.jpg,9,4
3182487574_3866342296.jpg,4,2
3355617189_1102112296.jpg,5,2
3462028031_3631956296.jpg,6,7
3510785641_701034296.jpg,9,9
35716626_693327296.jpg,5,5
3681148367_2732401296.jpg,12,12
3696934311_1177090296.jpg,4,2
3857883621_1253506296.jpg,8,6
3935941476_1936946296.jpg,13,12
4092248695_1546868296.jpg,9,6
475262798_843751296.jpg,6,6
509847396_2664675296.jpg,3,3
546666729_897233296.jpg,10,10
1047434321_2045307297.jpg,10,7
1076481850_853944297.jpg,1,1
1601980690_3219682297.jpg,5,5
1663488122_1322214297.jpg,12,11
1745713472_1594839297.jpg,5,7
1776945332_3517323297.jpg,0,0
2164993706_3783042297.jpg,3,11
2292303315_991595297.jpg,11,11
2364733503_416230297.jpg,3,3
2645270096_844475297.jpg,9,9
2741411957_3237841297.jpg,5,5
2756543981_1843130297.jpg,6,6
2820946536_4041410297.jpg,9,9
3136935037_1154842297.jpg,8,7
3748651965_2474321297.jpg,3,0
4031668928_667768297.jpg,0,0
410457952_344924297.jpg,6,6
62826832_4065085297.jpg,12,11
729035255_98813297.jpg,12,12
793694484_2893576297.jpg,0,0
885652058_1128379297.jpg,1,11
1062423591_3040161298.jpg,8,12
1276537438_470284298.jpg,12,12
1831950296_2997694298.jpg,9,9
2007916935_1537513298.jpg,10,10
2370151624_2284930298.jpg,4,11
2470842528_2475298.jpg,1,1
2584566374_1429297298.jpg,4,4
2782987227_974197298.jpg,12,11
3085326832_3568101298.jpg,1,1
3224748126_2356629298.jpg,13,0
3322910309_3409773298.jpg,2,2
3400419238_3744008298.jpg,3,11
3556538334_1840963298.jpg,12,12
3934995897_2464014298.jpg,10,1
4009379664_3529613298.jpg,11,11
489401626_2027960298.jpg,11,11
528878120_4284136298.jpg,3,3
611958156_1996236298.jpg,10,10
741773617_3529192298.jpg,9,9
1153761314_430180299.jpg,0,0
1215163576_2953782299.jpg,5,5
1246259800_47541299.jpg,9,9
1273905287_3029120299.jpg,6,6
1413687106_3989369299.jpg,8,12
1575774374_715212299.jpg,13,13
1590751037_2177694299.jpg,12,12
1814824132_4047420299.jpg,0,5
1816188776_1614687299.jpg,2,0
1961795511_2607592299.jpg,9,9
2153911686_1248695299.jpg,4,2
2219548835_1718657299.jpg,9,9
2338568753_1795500299.jpg,13,13
2356912218_35873299.jpg,11,12
2362847143_59016299.jpg,11,11
2547250741_2778199299.jpg,8,6
265679824_1197328299.jpg,0,0
2775892868_1479307299.jpg,5,5
2885338495_796447299.jpg,2,2
3250427129_973802299.jpg,5,5
3395326701_2525847299.jpg,9,9
3459154386_1448902299.jpg,1,9
3544390288_3588982299.jpg,8,7
3773880571_3081760299.jpg,6,8
3820115856_1960457299.jpg,10,10
4009262376_2324632299.jpg,12,0
600500286_406262299.jpg,5,7
653124928_3712839299.jpg,9,9
77545841_255298299.jpg,8,8
839127552_596639299.jpg,3,0
858970905_4083760299.jpg,3,3
1004520485_3175611300.jpg,4,4
1166823281_4079416300.jpg,11,11
1216560509_3141712300.jpg,3,1
1715637495_3802351300.jpg,12,13
1848789083_449743300.jpg,10,10
2455481902_255579300.jpg,3,3
2613579214_707279300.jpg,0,0
2672545703_2874956300.jpg,1,1
2793530508_1585328300.jpg,10,10
2832853586_213977300.jpg,13,13
2965397154_3785971300.jpg,3,3
3528119346_4270885300.jpg,10,10
3815281263_4146625300.jpg,13,13
4081896209_2712444300.jpg,1,6
750161582_3441826300.jpg,11,11
762308408_1805175300.jpg,1,1
764084369_4199830300.jpg,9,7
859718895_238000300.jpg,3,3
1068338107_2434183301.jpg,3,0
1101884098_2421694301.jpg,4,4
1143657365_3693084301.jpg,10,10
1476578727_4055538301.jpg,3,5
1500325105_373081301.jpg,1,3
1699897329_992420301.jpg,1,1
1940697932_2813127301.jpg,13,13
2223050047_4083584301.jpg,1,1
2323261695_888259301.jpg,5,6
2491397486_57655301.jpg,12,3
2507123639_640981301.jpg,9,9
2566779005_1877326301.jpg,11,11
2582139414_483701301.jpg,13,13
3027811113_3750243301.jpg,4,2
3162695074_2327531301.jpg,8,7
3456955913_3954977301.jpg,11,1
3478150537_1155081301.jpg,8,10
3484189615_1806633301.jpg,6,6
3792293168_1355114301.jpg,12,11
3987002551_1504576301.jpg,5,5
4187160708_345474301.jpg,11,12
4280583325_1302305301.jpg,1,3
708410437_964770301.jpg,7,6
722124227_3161541301.jpg,12,11
78404370_182039301.jpg,6,8
833254645_931406301.jpg,9,9
1086543453_2359621302.jpg,11,1
1327167298_2164429302.jpg,10,10
1440390845_2596464302.jpg,8,8
150532541_4023144302.jpg,3,3
1560556544_2083192302.jpg,13,13
1748105380_900191302.jpg,4,4
1781637787_1945026302.jpg,0,0
1962657110_2431985302.jpg,4,2
2184066495_40205302.jpg,3,3
2438192729_2899107302.jpg,13,13
2480589312_1086115302.jpg,10,10
2599397472_1007368302.jpg,11,2
2722435459_1641126302.jpg,1,1
2731054325_1327930302.jpg,3,11
2749889045_2235831302.jpg,9,9
2934681966_735024302.jpg,2,4
2969799732_1805374302.jpg,3,1
3012756926_2189367302.jpg,5,5
3450701898_321401302.jpg,6,6
3465944749_3726346302.jpg,11,11
3940999309_100841302.jpg,1,1
4202842115_231747302.jpg,10,10
524101193_1106388302.jpg,13,5
635618283_1688682302.jpg,6,8
1038648264_2613881303.jpg,7,6
1124921188_1855879303.jpg,11,11
1151457603_3911530303.jpg,8,8
133628206_2459488303.jpg,3,11
1417523443_673798303.jpg,5,5
1438712130_126612303.jpg,13,13
1521553760_467642303.jpg,1,1
1766051854_92043303.jpg,1,1
2038153877_3474568303.jpg,1,1
2094677329_282688303.jpg,1,1
2276518012_770781303.jpg,3,0
2362686565_487783303.jpg,7,6
237506935_3242115303.jpg,13,0
2537439340_2373570303.jpg,12,12
2820123538_1267441303.jpg,3,1
3121724344_4062329303.jpg,5,5
3145300988_389633303.jpg,9,6
3321765676_4107406303.jpg,3,3
3567875123_16227303.jpg,9,9
3588715925_3907493303.jpg,12,12
3758017634_3470159303.jpg,3,5
3949990081_3367342303.jpg,11,11
3957979989_1428662303.jpg,5,7
476980864_4027083303.jpg,3,1
585430981_732977303.jpg,8,8
612821020_670703303.jpg,1,0
1133293838_3045904304.jpg,13,13
1287627216_4078762304.jpg,0,13
1814317198_812957304.jpg,7,6
1828145255_690486304.jpg,3,1
1931012753_686884304.jpg,7,7
1958184525_1379670304.jpg,6,6
2060119773_904676304.jpg,7,7
2083961481_1637086304.jpg,3,1
243307230_236170304.jpg,7,7
2538588460_165173304.jpg,6,9
2816455600_4283950304.jpg,1,1
2869719948_18654304.jpg,10,10
3289707624_744056304.jpg,3,11
3530930702_2877900304.jpg,9,7
3539948483_3257565304.jpg,5,5
3911654510_2049348304.jpg,10,10
4101901453_2025809304.jpg,6,1
4138722536_3087062304.jpg,13,13
4233851439_1281104304.jpg,5,7
568141957_495053304.jpg,3,3
727406030_2652525304.jpg,9,6
782099114_3604948304.jpg,12,11
976810275_206175304.jpg,3,3
983570762_2927270304.jpg,9,11
1083366832_3098406305.jpg,10,10
1201745232_1619928305.jpg,0,0
1279449823_3660322305.jpg,5,5
1320444882_3001271305.jpg,11,6
1396781260_2191717305.jpg,13,13
1648444461_1173666305.jpg,2,11
1755975598_734985305.jpg,8,6
1893816091_15731305.jpg,11,11
1978287699_873246305.jpg,0,7
2178829611_398846305.jpg,12,12
2391802270_2146044305.jpg,12,11
2446221251_2596043305.jpg,10,10
2461207655_3043198305.jpg,8,6
2651889355_1854650305.jpg,5,6
2830518202_77334305.jpg,13,13
3258794090_608617305.jpg,3,11
335968217_2524829305.jpg,13,13
3639755628_266743305.jpg,9,6
3716642770_2928680305.jpg,3,11
3762155301_3672714305.jpg,12,13
3932984545_2595908305.jpg,9,6
4021467562_2497596305.jpg,13,13
435659272_783564305.jpg,2,12
550845801_880396305.jpg,12,12
584668630_3718860305.jpg,11,11
752234564_2940850305.jpg,1,1
1234158664_2411874306.jpg,1,1
1352029156_2346395306.jpg,13,13
1447512044_1765010306.jpg,6,8
1721942129_3381301306.jpg,5,5
1808425601_903709306.jpg,9,9
2112120765_1369518306.jpg,11,6
2152046605_345832306.jpg,5,5
2596017152_1756404306.jpg,4,2
2650820308_3099479306.jpg,10,10
2707256043_3261028306.jpg,3,0
2741946955_2559205306.jpg,0,0
3056625560_3549401306.jpg,12,1
3059370800_3632144306.jpg,0,13
3242390311_3232058306.jpg,5,5
3452751611_3519148306.jpg,13,13
3618397144_3286890306.jpg,9,9
363846464_630499306.jpg,3,3
420056424_1589098306.jpg,6,6
791845331_1918820306.jpg,9,9
884168628_1762992306.jpg,13,13
1005501668_398648307.jpg,11,11
1045761831_1512869307.jpg,0,0
1183712908_1254110307.jpg,5,9
1523018163_3318905307.jpg,6,6
1732764257_1306685307.jpg,10,10
1791053467_2632555307.jpg,9,7
1866337421_639234307.jpg,6,8
1934436773_657152307.jpg,1,0
2012399670_3113790307.jpg,5,5
208497252_724705307.jpg,3,3
2087214668_1246338307.jpg,9,6
2314851313_956336307.jpg,3,1
2492686655_1549853307.jpg,6,6
2755224861_1415603307.jpg,3,0
2812669424_3033746307.jpg,13,13
2838504071_1389911307.jpg,11,11
2948785864_835590307.jpg,1,1
3415298540_1266368307.jpg,2,2
3567513090_729057307.jpg,12,11
375813608_3540174307.jpg,13,13
3811837452_1976131307.jpg,12,0
403147951_458519307.jpg,0,0
4288495684_2477098307.jpg,3,3
538176690_1272221307.jpg,12,3
673212495_3571918307.jpg,0,5
828443336_3652436307.jpg,2,2
939364558_2698683307.jpg,13,13
1620276273_1601671308.jpg,12,13
184092843_2300493308.jpg,9,9
1941547909_1564699308.jpg,9,9
2022917835_4004753308.jpg,3,3
2231163137_2862435308.jpg,5,5
2249962896_148496308.jpg,5,7
2381634841_330603308.jpg,6,6
243580850_2460124308.jpg,8,6
298766237_717575308.jpg,9,9
3021875106_3288509308.jpg,4,2
3116707437_3891781308.jpg,11,3
3126325548_2297579308.jpg,12,12
3244223562_1953826308.jpg,1,1
3455017671_3628649308.jpg,0,0
3460029652_3808008308.jpg,8,8
3475127199_3748409308.jpg,3,3
3482098764_1164210308.jpg,6,8
349947038_2388305308.jpg,3,1
3926389519_3435860308.jpg,9,9
3990479304_4054773308.jpg,13,12
55144665_1556027308.jpg,4,2
563840586_4283272308.jpg,11,11
698185733_3944994308.jpg,6,11
942257596_4172299308.jpg,12,11
1302415817_3094657309.jpg,3,3
1987513052_3989574309.jpg,1,3
2182587496_3282844309.jpg,1,11
2477506315_728461309.jpg,13,13
2495219968_1535213309.jpg,4,2
2558376193_3720390309.jpg,9,9
2712389078_4201651309.jpg,13,12
2831931192_579180309.jpg,8,12
2841043152_1819966309.jpg,9,9
3001200106_974520309.jpg,3,1
3101191855_1000341309.jpg,1,0
3149805875_2858000309.jpg,10,10
3238235049_3473055309.jpg,3,11
3320557964_4054372309.jpg,12,0
3445411692_278277309.jpg,9,6
3920195068_1232542309.jpg,7,6
40342113_1919906309.jpg,3,1
4207979537_2293169309.jpg,11,11
4219501180_245405309.jpg,6,2
42887446_1839876309.jpg,4,0
58619630_1459299309.jpg,8,12
708519267_3713097309.jpg,0,0
930699507_1115960309.jpg,8,8
1016523988_2870136310.jpg,4,2
1154316949_105670310.jpg,12,12
1677694584_1139568310.jpg,8,8
1879421405_1069337310.jpg,12,0
192891742_3302546310.jpg,13,13
209486476_1448580310.jpg,10,10
2131707057_1834876310.jpg,8,6
2164909924_1852828310.jpg,6,8
2265776203_1003847310.jpg,0,11
2341725019_2574607310.jpg,5,7
2487270879_1238854310.jpg,0,13
2539493636_2112096310.jpg,5,5
2728537255_2064326310.jpg,11,11
2971627233_1254305310.jpg,10,10
3281637413_3590498310.jpg,13,13
3285366163_3928195310.jpg,1,1
3568749261_3597907310.jpg,2,4
3635953174_4218882310.jpg,8,8
3724789365_1701083310.jpg,1,1
377435821_1696061310.jpg,13,13
386470229_1227161310.jpg,8,6
4122067868_760340310.jpg,4,0
441766847_3024356310.jpg,8,8
497496328_2363853310.jpg,5,6
550560220_1219396310.jpg,1,1
733891852_3918296310.jpg,8,8
914894027_3020672310.jpg,11,11
978078605_3309496310.jpg,1,1
122948698_2086595311.jpg,3,11
1575982971_2385252311.jpg,11,11
1608492154_3146155311.jpg,7,7
1639638231_3835098311.jpg,7,7
1845423196_900160311.jpg,6,6
1857769319_507011311.jpg,8,6
2004670148_3178714311.jpg,11,11
2211374261_2320967311.jpg,0,0
2307444092_498355311.jpg,4,4
2482970736_254667311.jpg,4,4
2967223644_2726536311.jpg,0,0
3000118252_3889020311.jpg,1,1
3041624106_2757004311.jpg,1,1
3047715412_4018413311.jpg,9,11
3267633491_2633738311.jpg,12,3
3413827564_1272029311.jpg,11,11
3554516280_2829194311.jpg,5,5
3584918336_1349095311.jpg,4,2
3615294854_747147311.jpg,0,0
3801669130_998309311.jpg,5,9
4219706914_931629311.jpg,11,2
478594436_741517311.jpg,3,1
749204941_3204620311.jpg,1,0
782086120_365548311.jpg,6,6
1008408854_1791647312.jpg,12,12
1046320845_2191188312.jpg,11,10
1051148271_1277361312.jpg,0,11
1069326747_646906312.jpg,2,4
1108453969_703014312.jpg,13,12
1238549293_1883744312.jpg,12,12
1245422879_2710758312.jpg,7,11
1487544676_3096685312.jpg,12,12
1577027829_2424633312.jpg,10,10
1659263213_1119589312.jpg,2,0
1747071714_2899334312.jpg,10,10
2224817898_1826142312.jpg,0,0
2393840140_3455073312.jpg,1,1
2750903889_2576665312.jpg,10,10
280680174_1472397312.jpg,13,0
3056545726_2763278312.jpg,12,12
3110190410_3517617312.jpg,3,11
3424942828_556365312.jpg,0,0
3463151938_908814312.jpg,0,0
3545624128_3940988312.jpg,11,11
3573659761_2044241312.jpg,3,3
3967900521_1306736312.jpg,12,12
4032381659_3513874312.jpg,9,6
4221043231_886461312.jpg,6,6
438363638_3796581312.jpg,8,8
500372155_377413312.jpg,12,12
543062493_877461312.jpg,4,11
649415914_1136208312.jpg,9,9
729786684_2840143312.jpg,13,1
777145242_131143312.jpg,6,2
909993946_776716312.jpg,6,11
1126481815_729105313.jpg,1,11
1468221682_715984313.jpg,9,6
1707740173_1437871313.jpg,11,11
1742674536_1907301313.jpg,12,12
1896901713_1587270313.jpg,4,2
2081722086_1712579313.jpg,4,2
2095622428_131769313.jpg,1,1
228859392_1622184313.jpg,9,9
2314396584_981589313.jpg,8,6
2422191422_1431501313.jpg,11,11
2854633361_71675313.jpg,3,12
3214241247_1978077313.jpg,4,2
3458524445_1117864313.jpg,6,6
3561933310_3799653313.jpg,12,12
3563959835_3050566313.jpg,0,2
3893346938_1912439313.jpg,0,0
3924072410_830406313.jpg,5,5
424314554_1069752313.jpg,9,6
496722537_2463977313.jpg,8,8
650290701_570618313.jpg,10,10
654831043_2665442313.jpg,7,6
705892880_1828397313.jpg,6,6
1076604585_3478419314.jpg,11,11
1081919192_2328589314.jpg,11,2
1253717412_238355314.jpg,0,0
1333374496_884953314.jpg,3,11
1400233054_1288024314.jpg,0,2
1626433975_3263663314.jpg,9,11
2129105797_195195314.jpg,1,1
2372723840_1230242314.jpg,12,12
246640_2786037314.jpg,8,8
251637750_3304487314.jpg,7,7
277944372_261976314.jpg,10,10
285418488_2133510314.jpg,1,1
291360227_168831314.jpg,5,5
2995972507_2759152314.jpg,11,11
3093915716_2586272314.jpg,6,8
3100251620_3864318314.jpg,11,11
3212270396_396027314.jpg,1,1
3293801580_885864314.jpg,1,1
3300964627_2215684314.jpg,0,0
3305723782_2313263314.jpg,9,9
3471782896_2248011314.jpg,8,6
3693710632_2025878314.jpg,12,11
373278481_1426999314.jpg,6,6
4286562100_3352135314.jpg,5,5
532629394_1821898314.jpg,10,10
631489958_4221595314.jpg,10,10
885302074_2593542314.jpg,3,3
900286852_2916193314.jpg,8,8
944430704_3438394314.jpg,5,5
1046975431_341809315.jpg,11,11
1134795738_4091219315.jpg,2,2
1204087155_1474707315.jpg,10,10
1344531831_1910912315.jpg,4,2
1389736154_657986315.jpg,13,13
1503812751_2179603315.jpg,0,0
1637183645_74719315.jpg,0,3
1668173027_2904013315.jpg,5,5
1672672464_3407754315.jpg,10,10
1778232315_1774978315.jpg,11,11
1878637578_4047928315.jpg,0,0
1899368113_1946366315.jpg,6,6
1969821776_1303772315.jpg,12,12
1976261093_972823315.jpg,7,5
2195194638_457684315.jpg,3,11
2256783424_440602315.jpg,11,6
2328726354_3273139315.jpg,1,1
2353318683_1803862315.jpg,8,7
2378435299_286477315.jpg,3,3
2411699475_3146495315.jpg,3,1
2425552485_3616610315.jpg,8,8
2458628152_3495669315.jpg,9,9
2473398947_2914251315.jpg,9,9
2696325919_119766315.jpg,12,12
2756294597_665778315.jpg,12,0
2780295995_1537385315.jpg,10,10
2794284591_2689204315.jpg,1,1
294346254_1108345315.jpg,1,1
3072188983_3503500315.jpg,12,0
3252711277_3541872315.jpg,6,6
338980541_4157434315.jpg,5,5
3983394_1519052315.jpg,11,11
585895045_3871295315.jpg,5,2
647159617_2659917315.jpg,4,2
889837740_1014475315.jpg,8,8
1280172858_615742316.jpg,7,7
1292045087_76824316.jpg,1,1
1660053069_710476316.jpg,8,8
1782705628_3185541316.jpg,8,12
1859652115_932340316.jpg,12,12
1899183577_2486297316.jpg,3,0
2207031160_1248369316.jpg,6,8
2230720962_3115094316.jpg,12,11
224723750_2836506316.jpg,0,0
2579497261_3079985316.jpg,0,0
2654201234_2006030316.jpg,5,2
274493561_892904316.jpg,1,1
2936944170_4139995316.jpg,9,9
3120403254_2456074316.jpg,9,9
3128572829_1951641316.jpg,5,5
3522529395_2850689316.jpg,0,0
3578593419_2877248316.jpg,1,1
3608882395_1996541316.jpg,0,2
3611310988_4025390316.jpg,10,10
3970532985_743944316.jpg,3,0
4020532939_1192757316.jpg,9,9
425291599_4180796316.jpg,0,0
461394409_2144219316.jpg,11,11
504294199_79904316.jpg,3,3
952713535_1554889316.jpg,8,8
963829387_1814893316.jpg,9,9
991959312_501300316.jpg,7,7
1182897471_1299643317.jpg,2,2
1200562314_3652771317.jpg,2,4
1284794657_3574299317.jpg,3,5
1784195350_941020317.jpg,3,1
1824619057_2068364317.jpg,9,9
184053838_2118081317.jpg,2,1
1922026165_3903356317.jpg,0,0
2025341813_1904123317.jpg,5,5
2057304186_2940495317.jpg,1,1
2138431214_3062362317.jpg,9,9
2286951648_2233897317.jpg,9,9
2413912034_1671113317.jpg,11,11
2555441030_1739344317.jpg,13,11
2655568772_806889317.jpg,0,2
2745877924_144731317.jpg,13,13
2765487052_1212742317.jpg,13,13
296534548_3688640317.jpg,11,11
2982637030_2366670317.jpg,5,2
3016490055_2678986317.jpg,11,1
3505545540_2551601317.jpg,10,6
3751041746_2929330317.jpg,10,10
3785091214_2727603317.jpg,3,1
3836115063_2413928317.jpg,6,6
4109845182_774967317.jpg,13,13
4198777373_3721120317.jpg,12,13
4213626013_419984317.jpg,9,6
437108926_1202445317.jpg,10,10
615532777_2596430317.jpg,13,13
901340057_3807310317.jpg,3,0
920772302_2161333317.jpg,10,10
931540248_2157765317.jpg,1,2
1037008053_3647120318.jpg,3,0
1180610455_1338508318.jpg,8,5
1182943700_2384461318.jpg,8,8
1217777018_2138616318.jpg,13,2
1445129208_1037137318.jpg,9,9
1509593455_974307318.jpg,9,9
1574013920_3002398318.jpg,8,12
1587075571_1289801318.jpg,4,4
1641507069_3970324318.jpg,1,9
1642152337_947150318.jpg,8,5
1846411967_1704241318.jpg,5,7
2021144008_2904345318.jpg,1,1
2458440131_3999761318.jpg,5,5
2482568979_1488693318.jpg,12,11
2590594046_1745452318.jpg,1,1
2612944222_1190464318.jpg,1,0
2674400336_2704688318.jpg,1,1
2736226803_56222318.jpg,1,1
2822727555_3609981318.jpg,10,10
3063298447_3060846318.jpg,3,11
3491145249_796649318.jpg,3,3
3517469796_1423001318.jpg,13,13
4081195471_31990318.jpg,10,10
484022989_904954318.jpg,6,6
565658184_84368318.jpg,12,0
669996434_430306318.jpg,9,9
702914316_3995057318.jpg,9,9
907243721_4282762318.jpg,1,1
91485425_2734480318.jpg,2,4
103920022_1612914319.jpg,9,9
1603501825_3657806319.jpg,5,7
1786513734_1831847319.jpg,11,11
1887174890_2779587319.jpg,10,10
1993460734_1147986319.jpg,0,0
2158321381_305083319.jpg,10,10
2169776900_871719319.jpg,8,8
270058094_316528319.jpg,6,8
2712287130_177701319.jpg,9,9
2816574446_3376268319.jpg,5,5
3087185428_4181596319.jpg,10,10
3147185132_627920319.jpg,5,0
3335690414_3330887319.jpg,6,11
3349482065_259128319.jpg,1,1
4026878683_655423319.jpg,13,13
480908488_3057563319.jpg,5,7
735770815_4238752319.jpg,12,12
865543607_2048832319.jpg,3,3
909898542_2063603319.jpg,4,2
973705711_3707108319.jpg,12,11
1164259972_1906752320.jpg,8,8
1634181844_1454232320.jpg,0,0
1730791417_1850787320.jpg,4,2
2033567975_461847320.jpg,1,1
2219276847_996052320.jpg,4,4
2436589162_960846320.jpg,11,11
2442275623_2240565320.jpg,5,5
2460166186_2335213320.jpg,4,2
2487773738_1191155320.jpg,3,9
2664798633_2365841320.jpg,6,7
3100943464_3987981320.jpg,10,10
3205672993_2036585320.jpg,11,11
330201768_2389595320.jpg,4,2
3304785147_2101696320.jpg,1,1
3473260571_262119320.jpg,11,1
4002950474_1009738320.jpg,5,5
4074804623_993179320.jpg,0,0
503180763_821465320.jpg,1,1
64857745_1605755320.jpg,8,8
84291776_2535676320.jpg,2,2
997613426_1332551320.jpg,5,5
1185674375_4065069321.jpg,8,7
1211781669_2467726321.jpg,9,9
1489663053_2449197321.jpg,11,11
1633490431_2940005321.jpg,0,0
1795718997_1439260321.jpg,8,7
2659212162_4128602321.jpg,4,2
2702130517_2478117321.jpg,1,1
2836579556_1601005321.jpg,10,10
291178793_4293369321.jpg,12,12
3074103060_708890321.jpg,11,11
3147548880_1820442321.jpg,9,9
3160540689_1042717321.jpg,7,6
3223114833_121932321.jpg,13,11
3434661263_3117183321.jpg,10,10
3514275041_2477422321.jpg,6,6
3518011279_1110692321.jpg,1,1
3757688858_439693321.jpg,3,0
4061348283_4076987321.jpg,13,13
4167429786_1046098321.jpg,8,7
4193113386_828669321.jpg,13,13
4194499519_1110421321.jpg,5,5
481915093_4076735321.jpg,7,1
766932496_133415321.jpg,4,2
894635852_1653210321.jpg,13,13
896169812_1962776321.jpg,3,7
1149604034_4041042322.jpg,1,1
1212482997_646468322.jpg,4,4
1385010158_2785130322.jpg,1,0
1507236056_3084388322.jpg,4,2
1542987952_2464502322.jpg,2,0
1579834202_1254251322.jpg,2,2
1782168113_1361092322.jpg,10,10
1848746392_3075802322.jpg,11,11
1961843792_944669322.jpg,3,3
2061913566_1536684322.jpg,11,11
2361329146_2330652322.jpg,9,7
2418663254_1412370322.jpg,4,2
2627923880_391909322.jpg,4,4
2640640802_2281228322.jpg,8,12
2722472136_2627767322.jpg,0,1
2817118115_37761322.jpg,13,13
2838505342_597692322.jpg,1,1
3133569086_4165231322.jpg,12,12
3364519982_2215199322.jpg,4,0
336541909_1774926322.jpg,3,3
33934875_1558369322.jpg,11,11
345651620_3597402322.jpg,10,10
3468602587_3454314322.jpg,12,11
3704551591_2389419322.jpg,12,12
3732715113_3675138322.jpg,12,0
3777860270_4153101322.jpg,10,10
3934041182_3479679322.jpg,11,11
3963230720_3310984322.jpg,13,13
642092118_4278667322.jpg,12,13
1128461528_848838323.jpg,2,2
1518066374_1288847323.jpg,5,5
164449595_2078615323.jpg,0,0
1734890125_823291323.jpg,12,12
1749726931_1197536323.jpg,12,12
1799949362_1996306323.jpg,1,1
2265157957_3771521323.jpg,7,7
2562733363_1472328323.jpg,9,6
2598628937_3270505323.jpg,2,2
2620391706_1615530323.jpg,5,5
2629877724_1922596323.jpg,4,0
3016666533_515211323.jpg,3,11
3099812090_557091323.jpg,12,12
3139142042_2636957323.jpg,3,3
3519396185_3569456323.jpg,0,2
3725015860_2464995323.jpg,11,12
3828267954_4004779323.jpg,8,8
456718268_1523718323.jpg,2,2
493262435_2346752323.jpg,4,2
522761219_2460465323.jpg,13,13
603478841_3713506323.jpg,3,11
1078567177_3389835324.jpg,2,4
1137638034_1881378324.jpg,3,3
1298909248_2961367324.jpg,8,8
1370041149_3232163324.jpg,10,10
1449756458_3264494324.jpg,5,5
1695783312_1244694324.jpg,2,4
1919941095_2197328324.jpg,11,11
2249954257_3522131324.jpg,8,8
2870947781_1184732324.jpg,2,2
3602712291_3684562324.jpg,11,11
3657449450_619218324.jpg,10,2
3707010595_944843324.jpg,13,13
3732051572_3947899324.jpg,13,13
3820996406_4035010324.jpg,10,10
3913866759_2846316324.jpg,0,2
3915257323_2984045324.jpg,10,10
3944344552_1969162324.jpg,2,2
4158299438_2166766324.jpg,5,5
4259759941_3529663324.jpg,6,9
524423954_4024298324.jpg,8,6
759151554_540311324.jpg,0,0
81242444_1430912324.jpg,6,8
92680101_3877679324.jpg,5,5
1002008335_325657325.jpg,8,8
1166178631_2836590325.jpg,9,9
1192812311_2473745325.jpg,12,11
1214707626_2564116325.jpg,12,12
1231879923_2503867325.jpg,7,6
1448083611_3601206325.jpg,3,0
158578379_2945164325.jpg,10,10
1680347767_3971994325.jpg,13,13
170036250_898424325.jpg,0,0
2101325425_275867325.jpg,13,13
2179417427_1611331325.jpg,12,0
2372492083_4184074325.jpg,6,10
2479142449_3835378325.jpg,12,11
251233067_1522193325.jpg,12,7
2827997165_1192022325.jpg,12,11
3038186701_1656718325.jpg,10,10
3141999512_4072796325.jpg,3,3
3298170334_1752144325.jpg,0,11
3488567437_2924430325.jpg,6,8
3595594587_3118757325.jpg,1,1
3679280064_3703255325.jpg,9,6
3791412135_3733228325.jpg,1,7
388375320_3757075325.jpg,11,2
3955468573_2738488325.jpg,10,2
4018878937_2365782325.jpg,4,2
4172536387_2528149325.jpg,4,11
812227914_4157674325.jpg,4,2
902807471_584496325.jpg,11,2
1052704983_4099458326.jpg,2,2
1162569936_3076997326.jpg,13,13
119887546_2632018326.jpg,10,10
1533827945_2432471326.jpg,4,2
1600577724_3929196326.jpg,5,5
1682799632_3194926326.jpg,8,8
1891972567_3386878326.jpg,12,12
2157972269_2256229326.jpg,12,12
2178149512_3610523326.jpg,6,8
2186762860_1931463326.jpg,4,2
2270548889_3132436326.jpg,11,6
2370295315_4293307326.jpg,7,1
2411983511_3161686326.jpg,13,12
2476448428_2417413326.jpg,13,13
2516291974_324369326.jpg,13,13
2530253639_21256326.jpg,11,0
2585924060_875932326.jpg,1,1
2674791936_892148326.jpg,6,6
2745706328_3292317326.jpg,12,12
2799821263_1817445326.jpg,3,3
2883862944_2402390326.jpg,9,6
3012017612_1355701326.jpg,3,3
3023644840_3246609326.jpg,10,10
3084554111_180641326.jpg,11,11
3134759508_2663487326.jpg,11,11
3441580043_2218439326.jpg,11,11
3449163768_3449984326.jpg,2,4
3457438212_2064652326.jpg,3,11
3902837576_3688329326.jpg,6,8
3989438642_2825406326.jpg,13,0
627876434_1036044326.jpg,8,6
643792468_3249722326.jpg,13,12
69934838_1023157326.jpg,11,11
711397483_2245086326.jpg,11,11
835450906_659704326.jpg,11,2
1113545881_959634327.jpg,9,9
1259896149_3118856327.jpg,3,3
1455280150_2759164327.jpg,1,1
1521943940_3541815327.jpg,11,11
1617611742_3601087327.jpg,6,8
1768120248_3263551327.jpg,8,6
2379733112_362490327.jpg,3,3
2751695411_2918750327.jpg,13,13
2889024925_1684025327.jpg,11,11
3052123533_1076625327.jpg,9,6
3245994831_3636482327.jpg,12,12
3620331427_3857661327.jpg,5,5
3627325628_260747327.jpg,10,10
4116696821_738807327.jpg,9,9
412099265_3622749327.jpg,11,12
573504130_1948818327.jpg,0,0
699143654_2265134327.jpg,3,0
706225158_672633327.jpg,12,3
800431380_3500250327.jpg,8,12
1166558204_2163342328.jpg,13,13
1231613760_2026260328.jpg,3,3
1361725306_1580856328.jpg,6,8
1629357297_3067503328.jpg,9,9
1698891857_3359185328.jpg,11,3
1713048374_1976454328.jpg,3,1
1780502104_1931685328.jpg,2,4
1813526118_799882328.jpg,3,3
199552826_3289568328.jpg,1,1
2058758806_4178485328.jpg,5,5
2083958074_2861110328.jpg,10,10
2401239275_3291028328.jpg,5,2
2512170373_1699397328.jpg,7,1
2636500701_3883279328.jpg,9,11
2750905350_311128328.jpg,10,10
2885272567_4118178328.jpg,3,1
2999991089_3609984328.jpg,6,8
3289972361_4230256328.jpg,8,7
3440118918_2417541328.jpg,1,1
3701851334_3934513328.jpg,11,0
3818617507_2856706328.jpg,10,10
3865032764_2207449328.jpg,4,11
3970140083_1844933328.jpg,8,6
4184969535_3465643328.jpg,11,11
4192494548_856524328.jpg,5,7
528775711_2657239328.jpg,5,7
734344415_1371261328.jpg,8,7
826592117_2263982328.jpg,3,3
878442467_2397570328.jpg,12,0
886135065_4246534328.jpg,10,10
1290552924_3607562329.jpg,11,11
1795943760_2611027329.jpg,1,1
1808398279_3615434329.jpg,5,5
1961568441_2926047329.jpg,12,11
2046128935_3074551329.jpg,13,1
2112372801_3927274329.jpg,8,8
2311557125_4092960329.jpg,1,3
2543878313_3808029329.jpg,3,3
2588494102_658024329.jpg,3,11
2630182802_2148705329.jpg,5,5
2860664711_3678527329.jpg,6,8
2883652990_45462329.jpg,3,0
2926966841_4160628329.jpg,9,9
2988013167_9020329.jpg,5,5
3103775938_3764400329.jpg,9,9
3219031268_1289462329.jpg,7,7
3354444090_1776012329.jpg,12,11
3398913776_1757517329.jpg,12,11
3460727207_3573998329.jpg,10,10
4130230801_2819814329.jpg,13,13
4183773261_3267178329.jpg,6,7
53708489_2139686329.jpg,11,11
538843677_3734967329.jpg,3,2
584714195_3083988329.jpg,4,4
679496395_3020393329.jpg,3,1
708468376_4014199329.jpg,1,1
1008603090_3752542330.jpg,1,11
1036779542_2089278330.jpg,8,8
1378798799_2670213330.jpg,4,2
1583457785_2388828330.jpg,11,11
1689370133_1615835330.jpg,12,11
1878934436_3513585330.jpg,11,11
2006379293_79222330.jpg,6,8
2065092756_2124424330.jpg,0,0
2255537456_2897067330.jpg,13,13
293458541_3333938330.jpg,1,2
313981904_3097513330.jpg,2,10
3337291147_3626946330.jpg,9,9
3348754068_36570330.jpg,3,1
3367641355_3881851330.jpg,3,1
3611707309_3301798330.jpg,12,0
4146340189_854175330.jpg,6,13
4184185260_2942181330.jpg,8,12
1276230033_2736127331.jpg,12,12
1513262812_840055331.jpg,9,9
1753443690_2522223331.jpg,3,4
2053585324_840115331.jpg,10,10
2462222604_3849805331.jpg,13,13
2647806567_144543331.jpg,7,7
2660661384_2121418331.jpg,10,10
2991284712_2327056331.jpg,5,5
3127201456_2388754331.jpg,7,6
3194006094_548967331.jpg,3,3
3609015005_830212331.jpg,0,0
3681349761_1856315331.jpg,10,10
719039451_2856602331.jpg,5,5
854417711_1989186331.jpg,0,0
1038241221_1310563332.jpg,5,5
1245120420_3893672332.jpg,8,8
1608404418_2435800332.jpg,13,13
1666224482_712855332.jpg,10,10
1734671746_1951687332.jpg,6,6
1785135849_2929728332.jpg,9,9
178683570_3284701332.jpg,3,2
1863080221_3694919332.jpg,5,5
1922559800_3354173332.jpg,0,0
1986545457_1570979332.jpg,3,3
2171545789_3033069332.jpg,5,7
2384059747_3252877332.jpg,10,10
2408450553_3424132332.jpg,3,0
2583428210_2767616332.jpg,13,13
269344421_4227933332.jpg,5,5
2799961558_3053331332.jpg,7,6
2856729572_249732332.jpg,3,3
289337421_773842332.jpg,12,7
3004420745_2048186332.jpg,6,6
3203751903_1038985332.jpg,6,8
3229824804_4278576332.jpg,6,6
33092869_937818332.jpg,9,9
3484737852_3837843332.jpg,4,2
35412596_1836658332.jpg,10,10
4214674511_155697332.jpg,8,8
471752446_3646321332.jpg,0,13
574807572_38931332.jpg,1,3
580595801_329646332.jpg,9,9
649449795_1787165332.jpg,1,1
736830935_2735998332.jpg,8,8
780844048_2455239332.jpg,0,0
1075485413_2398549333.jpg,8,7
1109184536_1268056333.jpg,5,5
1740609461_859750333.jpg,1,0
1835748739_2201116333.jpg,13,13
1959607644_618498333.jpg,1,1
2096192783_2830011333.jpg,3,0
2321848512_2769984333.jpg,9,9
2436587213_3558906333.jpg,11,11
2950123805_1294377333.jpg,9,9
2991027787_4266313333.jpg,1,1
3016579675_1849071333.jpg,1,1
3066607571_460609333.jpg,1,1
3384332940_685822333.jpg,6,6
3395986935_584361333.jpg,9,2
3772477265_2683547333.jpg,3,0
391320456_2317791333.jpg,0,12
3978192680_2887261333.jpg,11,11
761289730_2004194333.jpg,4,2
873329116_1035697333.jpg,12,13
969441535_1161732333.jpg,3,3
1045883715_202023334.jpg,13,13
1074286651_2706796334.jpg,5,5
121271363_924433334.jpg,1,2
129162310_2052689334.jpg,1,3
1296186816_1087591334.jpg,5,5
1468742440_2458757334.jpg,3,3
1543139141_4294653334.jpg,11,2
1909685246_2390461334.jpg,13,13
193469930_511351334.jpg,10,10
2149202930_3855689334.jpg,2,4
2324432733_1157687334.jpg,5,5
265107921_3320713334.jpg,3,1
2708445095_1437469334.jpg,8,8
2710950366_3827475334.jpg,11,11
2860572262_1218027334.jpg,12,11
3005060991_4571334.jpg,12,12
3176424044_3355779334.jpg,0,0
3186243885_1647474334.jpg,9,9
3330453641_3429270334.jpg,12,3
3690108975_1238393334.jpg,9,7
3791367719_3066819334.jpg,11,11
3862366577_3132186334.jpg,5,5
642678964_2548734334.jpg,9,9
1064059031_1174761335.jpg,4,2
1356826509_3569022335.jpg,7,7
1642024197_2959445335.jpg,2,0
1658145124_1794223335.jpg,6,6
183644265_1057703335.jpg,1,1
1991790321_1072663335.jpg,8,8
1995740528_2387894335.jpg,11,11
2066775150_3662145335.jpg,6,6
2160987727_3394739335.jpg,12,12
2667221891_3177658335.jpg,4,0
2739908718_4242607335.jpg,13,5
2754781563_2534230335.jpg,3,3
2975193346_2942736335.jpg,12,11
3108049245_3503765335.jpg,13,13
3146567181_808620335.jpg,5,5
3180551859_3150793335.jpg,4,2
3276074969_1541867335.jpg,2,2
330260149_2466162335.jpg,0,0
335382303_2749558335.jpg,13,13
3357237765_2515147335.jpg,13,13
3525604146_3490577335.jpg,5,7
3574520956_170098335.jpg,1,1
3853198943_741305335.jpg,9,9
394404026_1522627335.jpg,12,12
396938180_3520403335.jpg,12,13
4202895157_466169335.jpg,2,0
4206743160_2827492335.jpg,0,5
850186417_1609266335.jpg,5,5
960571933_3370480335.jpg,9,9
1063194847_1314391336.jpg,4,2
1188362198_3509564336.jpg,9,9
1301791026_1891938336.jpg,13,13
1527623443_4006336.jpg,9,9
1581979652_79066336.jpg,1,1
1660154661_4072916336.jpg,10,10
1735599367_942283336.jpg,3,3
1891092571_809752336.jpg,1,1
2023423424_821273336.jpg,13,12
2085954649_1401270336.jpg,2,4
2435986269_1966879336.jpg,6,11
279140683_1616420336.jpg,2,4
318941012_66414336.jpg,10,10
3243261484_3979020336.jpg,6,6
3834591122_560676336.jpg,9,9
3896878798_2057322336.jpg,10,10
3931455663_2749099336.jpg,3,3
4085693446_49418336.jpg,9,9
4189574835_3275571336.jpg,1,1
479879209_2937282336.jpg,6,6
696456042_110314336.jpg,12,11
723935598_2830785336.jpg,12,12
102881824_783084337.jpg,8,8
1029397257_2781049337.jpg,11,11
1387135729_911152337.jpg,11,11
1895292349_4042428337.jpg,10,10
2035827366_1631811337.jpg,5,5
2098855327_345118337.jpg,1,1
2373328314_1513706337.jpg,8,6
2582099948_1161597337.jpg,13,12
2760541964_3579769337.jpg,10,10
3157216890_2907196337.jpg,13,13
320905854_3263657337.jpg,13,5
3214264563_3346944337.jpg,3,0
3495362775_1686759337.jpg,5,5
3530779184_2337176337.jpg,0,0
4252818457_3400338337.jpg,1,1
55638088_3664392337.jpg,0,0
796169680_3738940337.jpg,10,10
894778580_3832325337.jpg,5,5
949264209_3377377337.jpg,11,11
1085427044_2531082338.jpg,8,12
1118627444_147517338.jpg,12,12
1212998112_1076359338.jpg,1,1
1276752420_2980783338.jpg,0,12
1282099914_1347717338.jpg,11,11
1831904751_1419457338.jpg,4,2
1869333402_3894669338.jpg,5,5
1896677873_2325070338.jpg,5,5
1936917314_1329848338.jpg,7,7
2239490584_3893480338.jpg,10,10
2277707349_3703162338.jpg,3,0
2441125088_1802454338.jpg,4,4
2920561182_3442360338.jpg,13,13
3114900128_124536338.jpg,4,4
3126780481_2084946338.jpg,8,8
3230189319_2913694338.jpg,9,9
4106583766_923570338.jpg,1,1
4130438487_844142338.jpg,5,5
941656514_1082460338.jpg,7,7
99006896_604663338.jpg,1,1
1068354257_3975502339.jpg,8,7
1181876379_3393124339.jpg,12,11
1190584497_2174568339.jpg,3,3
1549457684_3529664339.jpg,6,6
1936392287_411250339.jpg,13,12
2008945436_419876339.jpg,10,10
2359509221_1922284339.jpg,8,12
2923746837_1684466339.jpg,12,12
296091486_2385473339.jpg,9,9
3102192237_3081688339.jpg,6,6
3156719386_3674233339.jpg,1,1
3603804953_2127083339.jpg,13,13
4247654868_1556488339.jpg,13,13
43797794_1763239339.jpg,12,12
615260107_597145339.jpg,3,1
840422812_3232129339.jpg,13,12
1056280324_1792486340.jpg,12,11
1124645449_1978101340.jpg,3,0
1865818211_4008696340.jpg,12,12
1932870205_3058643340.jpg,0,11
2049085681_1397845340.jpg,10,1
2213674384_2311339340.jpg,8,8
2331432437_2477636340.jpg,1,1
2341393487_2671877340.jpg,10,10
2398654095_2780540340.jpg,8,8
2535058075_1194421340.jpg,4,4
2687077368_3948299340.jpg,13,13
2780926457_2466911340.jpg,9,9
2964906588_1735554340.jpg,3,3
3107569625_1316867340.jpg,3,1
356588646_1920234340.jpg,11,5
3571826045_1100536340.jpg,13,13
3619926443_2173573340.jpg,12,12
3666388625_2841208340.jpg,11,11
4088258942_2297669340.jpg,3,0
528157228_1880099340.jpg,12,12
597308090_2978540340.jpg,13,13
886986134_222029340.jpg,11,11
1033778222_189323341.jpg,10,10
1310731439_535502341.jpg,12,11
1326008461_3377832341.jpg,9,9
141676132_4197905341.jpg,5,12
2003496809_2458289341.jpg,9,9
2079792993_1146624341.jpg,4,4
2237094557_1107608341.jpg,1,1
2263272504_3878260341.jpg,1,1
2313707183_3031166341.jpg,13,12
2350086595_2971487341.jpg,5,7
2463552398_614526341.jpg,0,0
2601986030_1207033341.jpg,8,8
2675554942_2702927341.jpg,11,11
2776291173_1796526341.jpg,5,5
2829386202_2743460341.jpg,9,9
2933895961_67508341.jpg,7,7
3253574654_1940312341.jpg,12,12
3336843733_343343341.jpg,13,13
3589724980_127877341.jpg,6,11
367525235_2148974341.jpg,0,0
3872921594_3534299341.jpg,9,9
3910687380_306031341.jpg,10,10
3987440035_226590341.jpg,11,6
4139193619_3985557341.jpg,6,7
676331178_3031016341.jpg,9,9
683502945_92959341.jpg,5,5
1015983422_3228536342.jpg,8,6
1128753803_887279342.jpg,9,9
1202110157_610436342.jpg,8,12
1314058845_2077132342.jpg,13,13
1361447145_2341175342.jpg,4,0
1400464637_3492388342.jpg,4,4
148975262_982045342.jpg,10,10
1746584722_27794342.jpg,11,1
180959238_2188697342.jpg,2,0
1912292212_1681460342.jpg,1,1
2134218787_2750016342.jpg,6,6
2202524814_1656080342.jpg,2,4
2401832018_3494624342.jpg,2,2
2461369232_2526280342.jpg,13,13
259327732_2583308342.jpg,4,13
2625697267_3099138342.jpg,4,4
2638762179_1151570342.jpg,1,1
2665092456_755013342.jpg,2,2
2686117869_333295342.jpg,8,6
2741293004_1428124342.jpg,8,8
3000422496_4283037342.jpg,11,11
3191193938_3432018342.jpg,9,9
3308082851_3470957342.jpg,9,7
3423791661_2244154342.jpg,5,7
3449302977_1550242342.jpg,5,7
3775039194_3118005342.jpg,12,11
3803151391_2597776342.jpg,8,6
3805612055_43018342.jpg,9,6
3812012800_4119826342.jpg,13,13
3958071481_564897342.jpg,13,13
399633661_1192657342.jpg,8,7
4140637321_2190776342.jpg,11,2
594986997_2775888342.jpg,12,11
722486197_2323519342.jpg,13,13
771289481_1493017342.jpg,0,5
993939038_1988083342.jpg,3,3
1031044047_1144357343.jpg,0,0
1178301524_1381157343.jpg,2,0
1284926884_1205175343.jpg,0,5
1311271471_1145969343.jpg,12,13
1351134612_1027961343.jpg,3,3
1374178984_366112343.jpg,13,13
1560500975_3946391343.jpg,13,12
1779740699_1973827343.jpg,13,13
2516053260_818423343.jpg,3,1
2545133131_3224648343.jpg,7,7
2813989229_213403343.jpg,3,0
3109117825_3188450343.jpg,8,7
3125345499_2667510343.jpg,12,11
3249657795_1151326343.jpg,3,3
3260935322_948701343.jpg,5,5
3363097224_4122908343.jpg,4,1
3482534898_2185158343.jpg,3,0
3659703457_1961518343.jpg,7,7
3724725143_2850796343.jpg,13,13
3972394358_878468343.jpg,13,13
4119278227_227633343.jpg,9,6
4272824124_686895343.jpg,8,12
459155340_3414563343.jpg,9,9
770359170_1234659343.jpg,10,10
961512061_3932197343.jpg,5,2
990721291_2652411343.jpg,8,8
990988825_522972343.jpg,4,12
1176951941_1524110344.jpg,11,11
1192782803_2648533344.jpg,5,5
1442262300_3186689344.jpg,13,4
1471304807_3433012344.jpg,5,5
162873097_3686854344.jpg,13,13
1858267557_3457221344.jpg,9,9
2146726117_4200920344.jpg,13,12
2258816214_671759344.jpg,3,3
2399732518_3185127344.jpg,2,2
2487225309_3626078344.jpg,5,8
2494283003_1046120344.jpg,3,3
2610879554_1729055344.jpg,0,0
2788680707_548957344.jpg,3,3
283367798_3068468344.jpg,5,5
3287486933_1085251344.jpg,11,11
331423696_2894689344.jpg,11,11
336996358_520657344.jpg,5,5
3462629456_2894660344.jpg,9,9
3478639908_804110344.jpg,3,3
3616382355_3700316344.jpg,11,13
3633346082_1460111344.jpg,5,5
3834686064_1068676344.jpg,9,9
3929300564_1229379344.jpg,13,11
3932546329_530947344.jpg,13,9
398014209_2837350344.jpg,13,13
464016360_383163344.jpg,11,11
605441637_1753695344.jpg,10,10
1151443084_3241202345.jpg,0,0
1166792055_1214402345.jpg,1,9
1213999819_272241345.jpg,8,8
128578959_2506218345.jpg,8,7
1288596410_3682271345.jpg,12,12
1457237615_37968345.jpg,2,5
1550980094_2834718345.jpg,10,10
1721448200_3558175345.jpg,11,11
1827450422_1488216345.jpg,9,6
1908506255_2935490345.jpg,13,13
1966851027_1734189345.jpg,9,9
1996890296_3735396345.jpg,9,6
2129198025_782966345.jpg,4,2
2453949022_2207819345.jpg,6,6
2461771079_2388952345.jpg,0,0
2478671049_443476345.jpg,13,12
2620653483_1697755345.jpg,6,6
269421483_1358588345.jpg,13,13
3100390801_3937123345.jpg,1,1
3273565583_1432763345.jpg,13,13
3321340019_1970342345.jpg,6,8
3405893686_1998194345.jpg,13,4
3445456806_3586877345.jpg,12,12
3748879437_3015529345.jpg,4,2
380097597_3048588345.jpg,10,2
4073546943_3268716345.jpg,9,9
438438188_2255898345.jpg,1,1
825945427_2303143345.jpg,13,13
105305672_1218456346.jpg,3,3
1311188069_3760482346.jpg,9,9
1492893375_3647796346.jpg,12,12
1903586125_4132840346.jpg,1,1
1963090910_3210942346.jpg,12,13
2037461899_4133209346.jpg,5,0
2288192353_769571346.jpg,4,0
242378687_3780346346.jpg,1,1
2521585151_1996114346.jpg,4,2
2597553066_1008420346.jpg,2,2
2610757387_2019020346.jpg,3,1
2715302279_4029252346.jpg,4,2
2896738326_2214244346.jpg,12,12
3444032706_311578346.jpg,3,3
3482441836_2108299346.jpg,13,13
3592513656_1395564346.jpg,3,3
365113064_3583871346.jpg,5,5
3722116455_3360353346.jpg,11,11
3810203160_897345346.jpg,11,11
4029441869_419833346.jpg,7,6
4224081206_1320786346.jpg,2,2
4265474816_148645346.jpg,10,10
745669620_3939315346.jpg,1,1
886220946_4028435346.jpg,12,12
977065647_294423346.jpg,4,2
978654408_2268710346.jpg,12,0
1219196680_2307827347.jpg,3,11
1366766365_2951631347.jpg,6,6
1378349334_17801347.jpg,5,5
178493646_3120009347.jpg,11,11
1954747287_2418898347.jpg,10,10
2387554442_3349958347.jpg,9,9
2420312012_2706257347.jpg,9,9
2606288243_4136411347.jpg,12,12
2717530204_1434091347.jpg,8,8
2896108865_346018347.jpg,1,0
2993368281_409564347.jpg,13,0
3149505137_3689454347.jpg,9,9
3205512273_3783436347.jpg,13,12
329427098_1627120347.jpg,9,9
3296040417_2211645347.jpg,11,11
1130158405_523446348.jpg,8,8
1147357288_2861116348.jpg,4,2
1247015182_171736348.jpg,10,10
1313309898_3584010348.jpg,8,8
1375821073_1085278348.jpg,3,1
1432660875_2762766348.jpg,4,2
1537175855_510173348.jpg,7,7
1863339664_1864739348.jpg,11,11
1872804091_3167756348.jpg,1,1
198231174_1151958348.jpg,8,8
2018129975_997216348.jpg,4,2
2125241336_2723243348.jpg,3,3
2328545303_143519348.jpg,5,5
2697052717_116406348.jpg,13,13
2761818154_2687587348.jpg,11,11
3231491547_792898348.jpg,10,10
326440360_1942467348.jpg,9,7
3367690790_3581706348.jpg,7,1
3648341521_481983348.jpg,9,6
3785405897_3842932348.jpg,8,7
3981499449_1343802348.jpg,9,9
4015243095_3529063348.jpg,0,0
4119908099_2952908348.jpg,3,11
4263522161_723728348.jpg,7,7
588780759_1897466348.jpg,3,3
599755444_4075702348.jpg,6,7
1005265375_1524538349.jpg,1,1
1347677343_1952239349.jpg,8,8
1367160676_3261760349.jpg,7,6
143960381_2731088349.jpg,4,5
178946421_129276349.jpg,6,9
1804639895_3280529349.jpg,3,1
1947139138_599809349.jpg,0,5
1996321175_2755649349.jpg,6,11
2003089154_1403792349.jpg,6,6
2010214140_4185953349.jpg,3,11
2458735061_3827839349.jpg,8,8
2930895_2632021349.jpg,9,9
3039937846_881393349.jpg,12,11
3127666346_204264349.jpg,5,5
3271382119_1466657349.jpg,3,1
3328913564_2142418349.jpg,11,11
347052275_502047349.jpg,13,13
3580709090_2789771349.jpg,3,0
3613554068_169230349.jpg,11,0
3738864780_739221349.jpg,11,11
3748943830_3038775349.jpg,8,8
4182210610_836430349.jpg,4,2
4276500031_3561263349.jpg,8,1
709764968_15598349.jpg,0,0
720208047_3078714349.jpg,10,10
931840599_465182349.jpg,9,9
1170929209_1265002350.jpg,5,5
1567068333_2496626350.jpg,11,3
176757141_2220403350.jpg,12,12
2047399437_687176350.jpg,1,1
2279576867_2486321350.jpg,1,1
2331566583_325067350.jpg,12,0
2418029714_2841700350.jpg,8,6
2775938618_2425795350.jpg,9,9
3010202032_391865350.jpg,12,0
3061906170_1579606350.jpg,5,5
3127811262_2245229350.jpg,5,5
3445010811_291897350.jpg,7,7
3502114592_1439080350.jpg,3,3
3645983710_3862355350.jpg,6,2
3907594206_1770286350.jpg,12,11
397587388_903994350.jpg,3,1
4002553551_1239461350.jpg,2,2
4263731569_520445350.jpg,0,0
552191009_94525350.jpg,12,11
649997241_3013675350.jpg,8,8
700215099_2631220350.jpg,8,8
748054230_239876350.jpg,0,0
808948004_426710350.jpg,12,12
1097347963_60416351.jpg,11,11
1230320927_4213142351.jpg,0,0
130048512_3304138351.jpg,12,0
142634915_1374788351.jpg,6,6
1499088179_2948289351.jpg,1,1
150311859_1392712351.jpg,9,10
1539343313_3245823351.jpg,9,9
1549904726_3771791351.jpg,2,11
1577360895_958336351.jpg,1,1
1601797673_289987351.jpg,5,5
1637606659_718429351.jpg,13,13
1955729520_845293351.jpg,13,12
1964691584_2355184351.jpg,5,5
2063577609_1772811351.jpg,6,8
2160464656_1775484351.jpg,9,9
2283715197_3554412351.jpg,1,1
2564513198_3271371351.jpg,12,12
2704988512_2043595351.jpg,13,13
3015759007_2630633351.jpg,10,10
3298930097_736266351.jpg,2,2
3361428780_214226351.jpg,6,10
3370710308_807560351.jpg,9,9
339809375_2343673351.jpg,13,13
3560815792_3777623351.jpg,3,3
3709082925_4271357351.jpg,13,13
3845893917_1024654351.jpg,8,6
4241256870_3133938351.jpg,10,10
431490994_2561987351.jpg,8,8
82196718_1576431351.jpg,12,12
1243506521_3492674352.jpg,2,2
1283466493_3961525352.jpg,11,11
1460357018_3743860352.jpg,12,1
1798222515_1621860352.jpg,13,13
199426240_2025918352.jpg,4,2
2058948344_1291147352.jpg,3,3
212132376_773318352.jpg,3,1
2793166466_4240678352.jpg,5,5
3015576352_771742352.jpg,3,3
3060310696_2557966352.jpg,6,11
3069410512_3410307352.jpg,1,1
3078314750_1467840352.jpg,3,12
3206869031_2674353352.jpg,13,13
3302530612_4056484352.jpg,12,13
335918143_1058472352.jpg,5,5
34267609_3964363352.jpg,6,11
3789603548_914186352.jpg,3,1
3912022285_679601352.jpg,9,9
4000473439_583416352.jpg,6,7
4042630240_2033433352.jpg,13,13
4184776217_520083352.jpg,11,11
4267966555_2659955352.jpg,3,3
48154560_2990193352.jpg,2,4
487513172_2502195352.jpg,8,7
642919509_1986261352.jpg,5,5
854949260_1685793352.jpg,13,12
856848058_2210501352.jpg,0,0
947178561_619608352.jpg,13,1
1294917519_2829991353.jpg,5,5
1485522687_1806180353.jpg,0,5
1496575783_2739197353.jpg,8,8
1612108118_2996449353.jpg,3,1
1691241810_3343302353.jpg,3,12
2023158918_860310353.jpg,0,0
2118486412_3064816353.jpg,5,7
2118718900_2413252353.jpg,13,13
213429706_1326521353.jpg,1,1
216748690_2744002353.jpg,3,0
2239331966_488420353.jpg,12,11
2417098460_2421714353.jpg,6,7
2756040118_3515048353.jpg,11,2
3011488730_1414927353.jpg,9,9
3157037317_330757353.jpg,10,10
3545984991_6154353.jpg,1,1
3609931441_1178342353.jpg,11,11
3967965844_585219353.jpg,12,11
412884929_3508455353.jpg,9,9
4185024873_1744538353.jpg,2,2
4289223126_2874034353.jpg,0,7
681716034_1160100353.jpg,6,11
871808810_1705511353.jpg,13,13
1307951984_1342036354.jpg,10,10
1731774149_2299945354.jpg,0,0
1925086065_198522354.jpg,9,9
2123440628_3194608354.jpg,5,5
2167770823_3582299354.jpg,3,3
2290066682_2009849354.jpg,1,3
2316071683_2726680354.jpg,5,9
2348906587_885089354.jpg,13,13
2696546430_913333354.jpg,3,0
269978292_2380112354.jpg,3,3
2772659495_1248042354.jpg,5,7
3038300734_1517361354.jpg,8,10
3078824505_2399785354.jpg,3,3
3118517007_565564354.jpg,9,9
3797498204_1542154354.jpg,10,10
4182559095_1297144354.jpg,1,1
492758927_4020930354.jpg,10,10
51998198_1231573354.jpg,9,9
557787021_2295592354.jpg,12,0
591340413_3392433354.jpg,5,5
636882575_3833140354.jpg,3,1
940237364_2814518354.jpg,1,1
992355028_3002868354.jpg,0,0
1017281418_158758355.jpg,3,3
1079543627_2932172355.jpg,8,8
1114861809_1093343355.jpg,5,5
1261841058_162485355.jpg,1,1
1380723433_2006486355.jpg,11,11
1781480709_2680423355.jpg,13,12
1941634697_13861355.jpg,13,12
2032753499_934481355.jpg,0,0
2077693389_3902072355.jpg,11,11
2163647836_105790355.jpg,6,8
2701190434_67666355.jpg,2,4
2776259265_4135310355.jpg,10,10
2779126557_2821775355.jpg,8,8
300176759_1589307355.jpg,12,12
3120915044_2072329355.jpg,12,12
3195600778_3275352355.jpg,0,2
3619223909_3616023355.jpg,11,0
3703163672_2112686355.jpg,8,5
3818071902_4058205355.jpg,7,6
3989279810_781471355.jpg,4,0
4047528257_2709986355.jpg,12,11
4175401680_954202355.jpg,6,6
534120932_1159358355.jpg,6,11
873890911_1111834355.jpg,4,2
962762790_2137496355.jpg,11,11
1192702756_1774488356.jpg,7,7
1193148580_2584743356.jpg,5,5
1206516930_1815941356.jpg,11,11
1222831836_3338124356.jpg,12,12
130135538_3731062356.jpg,6,6
1363404486_1003830356.jpg,2,6
1606164411_1610530356.jpg,9,9
1607411155_2585317356.jpg,10,1
1681143579_3819097356.jpg,13,13
1747627199_3000350356.jpg,0,2
2313712771_1889767356.jpg,13,13
2679267812_3159648356.jpg,8,7
2682450513_3627695356.jpg,11,11
2823955483_3489394356.jpg,13,13
3037165673_88890356.jpg,1,1
3046665177_1569398356.jpg,8,8
3209851055_1063092356.jpg,5,4
3435614643_3332999356.jpg,10,10
3514461352_1725061356.jpg,5,5
3678809110_2303107356.jpg,10,10
3683380051_2787125356.jpg,3,0
3707185600_2964949356.jpg,13,13
3964944522_3020772356.jpg,1,12
399129167_1804155356.jpg,13,12
4008622273_3611765356.jpg,2,2
4072501749_747473356.jpg,12,12
4077667927_2633963356.jpg,5,5
421713380_597935356.jpg,10,10
4258957570_1061993356.jpg,7,7
56997405_2727858356.jpg,0,1
88577518_3696747356.jpg,6,9
95539941_363949356.jpg,5,5
1143724082_3038732357.jpg,3,3
147974488_3556023357.jpg,12,11
1542054512_3650728357.jpg,3,12
2139784161_4046598357.jpg,2,5
2257557321_1751024357.jpg,10,10
2271786555_3471197357.jpg,8,8
2353012912_529210357.jpg,4,2
2568246370_1477999357.jpg,4,11
2975837330_171057357.jpg,1,1
3109118396_435321357.jpg,5,7
3185760942_3582337357.jpg,12,11
3212359498_3777995357.jpg,10,10
3232718188_2958959357.jpg,6,6
3250771866_3857723357.jpg,10,10
3618841624_2626937357.jpg,5,5
3620796848_2627322357.jpg,0,13
3665737221_2568314357.jpg,4,2
3728546228_2559107357.jpg,4,4
3791115461_1478807357.jpg,6,6
3969018496_3447952357.jpg,0,0
4178570417_4162532357.jpg,3,1
4190236510_1151747357.jpg,8,8
500082048_3764763357.jpg,1,2
721449947_2903185357.jpg,13,0
748736279_907196357.jpg,1,1
834728515_2902509357.jpg,6,6
139774966_2583780358.jpg,10,10
1600820168_1175610358.jpg,8,7
1693878141_2346245358.jpg,12,7
2151897310_1545628358.jpg,8,6
219912715_3202993358.jpg,12,12
2636847518_2008822358.jpg,11,11
3126307878_2444677358.jpg,1,6
3320640334_4051466358.jpg,13,13
3560296394_3978597358.jpg,8,8
3680964777_2294004358.jpg,9,11
3703258892_2875549358.jpg,5,5
3762507277_3408966358.jpg,1,9
4076701620_86182358.jpg,7,6
442515420_3942226358.jpg,8,8
632741683_1347155358.jpg,5,5
666490375_1732838358.jpg,3,0
840959272_4247093358.jpg,8,8
124899980_4199390359.jpg,6,6
1355311995_446191359.jpg,1,0
1663300109_2515512359.jpg,7,7
1679374568_4021258359.jpg,11,11
1689680862_2241664359.jpg,1,1
1917234575_1288508359.jpg,13,0
1926225743_2154708359.jpg,11,0
2019261019_1398209359.jpg,2,4
2119195740_3816874359.jpg,11,11
2304415540_659459359.jpg,12,12
2373150035_431534359.jpg,5,5
2506742315_1607493359.jpg,4,2
2774849994_1527476359.jpg,8,8
2827025980_2497443359.jpg,0,1
316287831_3474727359.jpg,7,7
3351127735_1183399359.jpg,13,13
3443644590_2312311359.jpg,1,1
3573121248_3480208359.jpg,0,0
3620388197_998469359.jpg,13,13
3776827878_702405359.jpg,9,9
3970572051_3220889359.jpg,10,10
4039447059_358069359.jpg,4,4
4111168989_3136678359.jpg,8,8
644865231_1018970359.jpg,3,3
812243347_1089449359.jpg,9,11
846960272_1761092359.jpg,10,10
847793417_2494972359.jpg,1,1
1666071934_1101996360.jpg,12,12
1770973933_2949187360.jpg,1,1
1823776923_2101569360.jpg,9,9
1972753357_1019193360.jpg,9,9
1984392578_1773447360.jpg,6,8
2058215334_2869898360.jpg,3,0
2099580561_3554558360.jpg,10,10
2273012472_1726714360.jpg,5,5
2483337010_2500446360.jpg,9,9
2558117483_217890360.jpg,11,12
2592323365_1056768360.jpg,12,11
2688663168_664935360.jpg,4,7
2802391603_3515975360.jpg,5,5
2830491421_357092360.jpg,5,7
3338603841_4171295360.jpg,3,3
3430500156_1395664360.jpg,5,2
3641039888_4260495360.jpg,10,10
4000053833_2229650360.jpg,3,3
4210230523_3548244360.jpg,13,13
459153525_3307944360.jpg,6,11
548367644_3957299360.jpg,6,11
705081059_577718360.jpg,10,10
767008858_2680286360.jpg,3,1
827755854_2862732360.jpg,1,1
1185640760_2236260361.jpg,11,11
1233076841_1810029361.jpg,3,1
1325538150_246480361.jpg,3,0
1384026299_3692302361.jpg,3,3
1459230418_3035339361.jpg,11,11
1519813795_2643598361.jpg,10,10
1610405375_2254155361.jpg,2,2
197340649_963565361.jpg,1,3
1981702152_1207806361.jpg,8,8
2502465929_3123134361.jpg,6,6
2647020114_789641361.jpg,12,0
2789957250_14571361.jpg,8,8
2932028437_3858463361.jpg,1,1
2946511073_1270939361.jpg,13,12
2949699606_509967361.jpg,9,11
3066588454_1328977361.jpg,13,12
3132605333_914936361.jpg,4,2
344528521_3900677361.jpg,13,13
3533379761_2834495361.jpg,13,12
3646922355_2523669361.jpg,1,1
3878979710_1651148361.jpg,8,8
3972560132_4031084361.jpg,1,1
3991023912_886183361.jpg,13,13
4171991431_31546361.jpg,5,5
614963746_321111361.jpg,1,0
66977018_2941393361.jpg,12,2
746478512_1253231361.jpg,3,0
854023572_2118039361.jpg,1,1
854881870_1468970361.jpg,7,1
1193974753_70538362.jpg,9,9
1278676697_2911887362.jpg,12,12
1492328353_3171348362.jpg,9,9
1809786761_1093484362.jpg,0,11
1841659819_233142362.jpg,6,5
1843146274_4040441362.jpg,13,13
1845738425_625910362.jpg,3,3
1861364047_2761392362.jpg,1,1
1894303879_4220382362.jpg,6,5
1901299477_129149362.jpg,8,8
1956639175_2534609362.jpg,12,0
2008905945_3026704362.jpg,1,1
264187825_2264919362.jpg,3,11
2826390268_2397798362.jpg,10,10
3016722337_1423353362.jpg,12,11
3152317410_265170362.jpg,13,13
3240731787_176000362.jpg,11,11
3269390521_588527362.jpg,8,8
3498659136_561610362.jpg,6,5
3852910115_946519362.jpg,9,9
4077704940_829133362.jpg,3,1
815510461_1824672362.jpg,13,12
950667214_1268259362.jpg,10,10
1017837206_3995921363.jpg,5,5
123936714_2265001363.jpg,5,7
1287743165_1907136363.jpg,10,10
1512223510_1896184363.jpg,9,9
160948293_566836363.jpg,5,5
1756332876_1401314363.jpg,13,13
1900618432_566217363.jpg,0,0
2004098909_1845457363.jpg,3,11
2374519654_1825439363.jpg,1,1
2450774501_1666768363.jpg,11,2
2652347744_91383363.jpg,7,7
3349400195_4260118363.jpg,3,3
3470134554_1282149363.jpg,0,11
3523689850_2280523363.jpg,9,6
3571842260_24166363.jpg,11,11
3701257825_462606363.jpg,9,9
3760824386_4118149363.jpg,13,13
3937610175_4089624363.jpg,0,0
546071368_49954363.jpg,0,1
730216780_4012852363.jpg,9,9
760501970_1161400363.jpg,12,11
885513347_2926716363.jpg,8,12
90116042_3274714363.jpg,13,13
1022272785_3978051364.jpg,1,1
1166009723_2594240364.jpg,9,6
1244785457_2866778364.jpg,7,1
1602782725_275389364.jpg,0,2
1685886245_4017368364.jpg,3,0
1835324252_1904722364.jpg,6,6
1863752233_3443670364.jpg,2,2
2274113292_2768222364.jpg,8,6
2553147801_2101454364.jpg,13,13
2758717088_3758894364.jpg,6,6
2937859218_186281364.jpg,13,0
3102363117_2804887364.jpg,4,2
3387891583_3095460364.jpg,5,7
3799179643_3705197364.jpg,0,0
3810828597_1397026364.jpg,12,12
433849469_2400395364.jpg,9,9
628679930_2646122364.jpg,0,0
676324032_4174676364.jpg,12,11
891426231_2165307364.jpg,11,11
115617513_471538365.jpg,1,1
1190900236_72306365.jpg,10,10
122959561_2660111365.jpg,5,5
1295771502_3988497365.jpg,1,1
1405779644_2553750365.jpg,0,0
1463540464_3154444365.jpg,8,6
1714256622_981665365.jpg,6,7
1754812039_3711526365.jpg,8,6
1832771919_1384005365.jpg,0,0
1894766795_1392390365.jpg,6,6
1897939000_1204505365.jpg,5,7
2219908755_2510181365.jpg,4,13
2243904070_4215049365.jpg,7,6
2254847979_2226852365.jpg,2,4
2266325319_3088922365.jpg,9,9
2398200001_935407365.jpg,8,7
2453973785_362429365.jpg,0,1
276632326_3972339365.jpg,1,1
2800202093_1569777365.jpg,8,8
287379564_1634567365.jpg,5,5
365817994_1552929365.jpg,10,10
3907918727_3126210365.jpg,9,9
489189270_4196587365.jpg,9,9
530504622_2818184365.jpg,4,0
645189520_4213091365.jpg,0,0
665437713_2922773365.jpg,1,1
718595402_2143104365.jpg,7,7
985398733_1557801365.jpg,4,2
1051731786_4242625366.jpg,8,8
1075642946_2633935366.jpg,13,13
1313750076_2902801366.jpg,12,13
1327421800_466792366.jpg,11,11
1417995852_2004575366.jpg,3,1
1553733553_3860458366.jpg,0,12
1635286758_1315855366.jpg,12,12
1706324381_3520453366.jpg,6,6
1818441706_3871684366.jpg,1,1
2558456559_1509410366.jpg,6,6
264919225_1376365366.jpg,13,13
2717499572_2226228366.jpg,13,13
2867675967_874978366.jpg,5,5
3321653701_1594773366.jpg,1,1
3364289434_4127982366.jpg,10,10
3606077795_2098407366.jpg,9,9
4090644756_3458988366.jpg,6,8
4278721100_4208957366.jpg,8,7
631269187_4233458366.jpg,4,4
76896205_3225617366.jpg,5,5
773292386_1852680366.jpg,3,3
813043604_2419045366.jpg,9,6
912398473_714341366.jpg,0,0
948166236_2591402366.jpg,4,2
1410397379_2786450367.jpg,2,2
1459018863_1913657367.jpg,8,8
1525806778_2483792367.jpg,4,0
1697649381_3842375367.jpg,5,7
187339327_1829155367.jpg,8,8
1932251903_3953865367.jpg,3,3
20489590_892057367.jpg,6,8
2277831190_4171625367.jpg,9,9
235334401_2328840367.jpg,3,3
2380503892_1780150367.jpg,10,6
241381888_2262819367.jpg,1,1
2669107052_427824367.jpg,0,2
267428431_1873164367.jpg,7,7
2908333164_3218555367.jpg,7,8
3350072830_3990181367.jpg,8,8
3767317576_3839820367.jpg,8,10
3801766608_564676367.jpg,0,0
402619514_3967774367.jpg,8,8
670297331_1169528367.jpg,5,7
683629260_2751733367.jpg,0,2
799745023_4207462367.jpg,11,11
1103952528_68916368.jpg,5,5
1320369948_1032807368.jpg,2,2
1538587109_3183283368.jpg,11,11
1609760813_2469708368.jpg,1,1
1765315215_1662092368.jpg,13,13
179834113_3027329368.jpg,5,5
1927836486_3208896368.jpg,7,6
2142865065_1126956368.jpg,5,6
2332487176_1599443368.jpg,6,11
2410325648_2336444368.jpg,2,2
2481756501_1914410368.jpg,13,13
2627560961_285390368.jpg,11,11
2914637229_2353369368.jpg,2,10
3072103947_2127275368.jpg,6,11
3123182277_1277941368.jpg,13,12
3294041368_2550116368.jpg,1,1
3309022052_3789638368.jpg,4,0
3353551605_280322368.jpg,9,9
3415448555_671779368.jpg,2,2
3451571014_77719368.jpg,9,9
3689438952_169725368.jpg,8,7
3809714072_1158219368.jpg,0,0
3978682245_1811572368.jpg,11,11
901983526_2397209368.jpg,9,9
1039151501_3606828369.jpg,9,9
1370528499_3856942369.jpg,12,2
1542083161_719264369.jpg,3,2
1818176247_3659650369.jpg,7,12
2030536629_3986182369.jpg,13,13
2036792611_2702132369.jpg,1,2
2110793741_2695909369.jpg,5,7
2275492220_3886055369.jpg,11,11
2494567330_3251520369.jpg,7,7
2835593569_3365400369.jpg,8,8
2939156185_2142085369.jpg,13,13
3022748964_2847217369.jpg,2,13
3026276022_1837846369.jpg,8,7
3073912370_4291990369.jpg,9,9
3179860110_3146216369.jpg,13,13
343046500_1855713369.jpg,11,0
3502745521_3831741369.jpg,13,13
3966583940_3035444369.jpg,13,13
4201096013_2365057369.jpg,13,13
455135113_3476702369.jpg,1,1
486400916_3590725369.jpg,10,10
53681359_918593369.jpg,11,11
826510662_3687720369.jpg,7,7
930229377_35126369.jpg,3,1
159183547_3432652370.jpg,2,0
1674003755_3285509370.jpg,1,1
1682553775_2184991370.jpg,6,6
1708408852_3169012370.jpg,3,3
1775150035_3611247370.jpg,5,5
1905351253_3280575370.jpg,9,6
2146014234_2087252370.jpg,7,7
2294324508_312610370.jpg,13,12
2366035078_1689502370.jpg,7,7
2542508269_990622370.jpg,3,1
2661065838_674983370.jpg,1,1
3093473784_3120067370.jpg,1,1
3163556126_984529370.jpg,12,12
325013353_1625944370.jpg,9,9
3256726859_2426724370.jpg,1,7
3542014191_605594370.jpg,8,8
3692785534_3308622370.jpg,13,13
3731836339_1905777370.jpg,9,9
3924907855_248894370.jpg,2,2
4027663115_2290609370.jpg,1,1
4092639387_1973694370.jpg,6,6
4141591383_1204808370.jpg,3,3
4258165892_3242026370.jpg,11,3
484475049_2644872370.jpg,11,11
518974247_1515179370.jpg,1,1
657381181_1648486370.jpg,8,12
671569396_928825370.jpg,0,0
729625191_4209786370.jpg,7,7
1030627810_2968341371.jpg,10,10
1912738846_1813946371.jpg,2,13
246514388_2455556371.jpg,10,10
249944574_3415082371.jpg,13,13
2600756788_318240371.jpg,8,6
2831538310_4114970371.jpg,1,1
3268066175_2591639371.jpg,5,7
3278202983_4214564371.jpg,2,2
3385990536_1072125371.jpg,6,6
3390885509_1870013371.jpg,3,3
3488493041_3105714371.jpg,5,5
3604936950_1406577371.jpg,0,12
444125850_1980923371.jpg,9,9
77482607_10027371.jpg,13,13
86393526_51111371.jpg,3,0
928027932_1330932371.jpg,12,5
1087880246_1881335372.jpg,6,2
1219477100_3377398372.jpg,3,0
12477155_498537372.jpg,10,10
1268384218_1120754372.jpg,2,2
1449462228_1635888372.jpg,8,8
1716615334_1222341372.jpg,11,11
2309775819_3136274372.jpg,6,6
2364275128_3389622372.jpg,9,9
2496817199_977966372.jpg,11,3
2653986584_285945372.jpg,5,7
2655794226_1247385372.jpg,4,2
2673130211_3426859372.jpg,3,3
3157756698_1176189372.jpg,9,9
3759740390_1645764372.jpg,11,11
3891393027_2942141372.jpg,2,4
3973656568_3464108372.jpg,9,9
742241750_1563154372.jpg,1,1
751341258_3656603372.jpg,9,6
85108837_4214744372.jpg,12,12
1225880683_1048226373.jpg,1,11
1460933551_791210373.jpg,6,7
1656936608_437157373.jpg,13,13
1691849247_2112503373.jpg,3,0
1767343526_4115482373.jpg,4,2
2252593836_3193714373.jpg,0,0
2282782232_4145663373.jpg,11,11
2338134481_3073854373.jpg,0,0
2596626593_1204719373.jpg,4,4
2992668914_3361930373.jpg,7,6
3630562999_501622373.jpg,11,2
3947744032_417964373.jpg,1,0
4141490166_3327093373.jpg,8,12
4268860565_3825785373.jpg,1,1
444116445_1316938373.jpg,0,0
490435762_2441844373.jpg,4,5
575743040_257477373.jpg,5,5
624677532_2456491373.jpg,1,7
689168099_266569373.jpg,13,13
1236176745_1489920374.jpg,0,0
1624527993_2334905374.jpg,4,5
1670915579_4129779374.jpg,13,0
1679828270_1250638374.jpg,9,9
1743463465_2029198374.jpg,3,3
20421539_907886374.jpg,13,13
2059194283_1611103374.jpg,0,5
2200270200_4266505374.jpg,12,12
2379209700_2213894374.jpg,9,9
2526514867_3436019374.jpg,13,12
2822244208_3603607374.jpg,0,12
3026113390_659545374.jpg,3,3
3027352937_173824374.jpg,11,11
3154636389_1794970374.jpg,8,8
333509916_287608374.jpg,9,9
334506677_480715374.jpg,4,11
3359609179_2245228374.jpg,9,9
3363958752_1367524374.jpg,5,5
3402616937_1711209374.jpg,8,8
3452648162_2871505374.jpg,12,12
3483118089_2459633374.jpg,7,7
3716538196_2423420374.jpg,1,1
3903338635_3729162374.jpg,9,9
4271361044_2473322374.jpg,5,1
4291913903_2323254374.jpg,13,13
494391601_902492374.jpg,8,8
782329574_3785166374.jpg,9,6
78793547_4209688374.jpg,11,3
842124192_1442369374.jpg,9,6
868868692_3354242374.jpg,3,1
1217318677_2111025375.jpg,9,9
155976642_3536907375.jpg,1,1
1652127523_2064837375.jpg,11,11
1656262195_802592375.jpg,0,0
1722145030_4091226375.jpg,13,11
1796839281_2030286375.jpg,4,2
1904790741_3807310375.jpg,5,5
2418001030_1227516375.jpg,4,2
2539359212_85087375.jpg,4,0
2927985390_2591124375.jpg,12,11
298200912_930775375.jpg,6,6
3073917782_800119375.jpg,9,9
38003857_1215846375.jpg,9,9
382856472_3515484375.jpg,9,9
4224096714_3398008375.jpg,3,11
4244832692_244770375.jpg,4,2
577347558_560392375.jpg,12,0
656682102_3352358375.jpg,3,3
782652249_2706548375.jpg,2,0
827778725_1019819375.jpg,12,12
981208489_1524949375.jpg,2,4
1094009531_2543820376.jpg,5,7
1495603843_1231668376.jpg,3,0
1621407752_1612362376.jpg,9,11
1646997092_835947376.jpg,3,3
1706470294_192103376.jpg,12,11
1745759367_246388376.jpg,10,2
1804943606_615997376.jpg,3,3
1847246454_1245276376.jpg,7,1
1847731104_428398376.jpg,0,0
2164566836_2634067376.jpg,9,9
2234654639_47183376.jpg,9,6
2241316978_3241624376.jpg,4,2
2524903164_3871297376.jpg,8,7
2670162724_2715513376.jpg,3,1
2851376726_910827376.jpg,0,0
2884026873_3799013376.jpg,0,0
3052558724_3230008376.jpg,13,12
309991319_46412376.jpg,5,5
328450997_2893464376.jpg,8,8
3363351246_2315784376.jpg,4,0
3455243896_3293762376.jpg,8,6
3603477445_54145376.jpg,11,11
4032759471_834993376.jpg,9,9
4139758683_1195056376.jpg,0,0
461188255_3957478376.jpg,0,4
530990695_2470056376.jpg,3,3
705729018_1807874376.jpg,10,11
940857279_2729921376.jpg,11,11
100237514_745084377.jpg,2,2
1186195486_2139138377.jpg,3,3
1462148852_4286130377.jpg,9,7
1467356344_406928377.jpg,5,5
1527675915_1660042377.jpg,13,13
1967441376_3485222377.jpg,9,9
2219634778_2950242377.jpg,8,6
2405679410_3107701377.jpg,0,0
2763671368_646230377.jpg,11,4
2870176217_197834377.jpg,10,10
289426259_2818273377.jpg,9,9
2900015733_1871526377.jpg,9,9
2974500337_1673632377.jpg,5,5
3195417444_3952547377.jpg,1,0
3535044709_3507218377.jpg,12,12
3850804297_2841332377.jpg,8,8
3867894577_381821377.jpg,13,11
3869021936_516250377.jpg,8,6
4072105106_1930766377.jpg,8,8
4103481729_3492231377.jpg,12,2
541794850_3894897377.jpg,9,11
573279943_1364884377.jpg,10,10
62293572_1655606377.jpg,12,11
815552539_3880301377.jpg,4,2
82124459_488350377.jpg,0,0
874246123_2084247377.jpg,10,2
1076441451_758518378.jpg,5,5
1087230582_1680392378.jpg,4,2
1235237118_301020378.jpg,11,11
133842071_3239265378.jpg,6,6
1341569229_2403335378.jpg,1,1
1626558805_3131612378.jpg,0,0
1802128073_3767090378.jpg,8,6
1843630687_3315140378.jpg,13,13
1929064958_2343358378.jpg,1,1
1979113579_1514224378.jpg,4,2
2172060956_40481378.jpg,3,0
2249152374_69255378.jpg,13,13
2340015772_3215214378.jpg,9,9
2523238408_4085678378.jpg,8,8
2550754141_497720378.jpg,5,5
2666580226_4177429378.jpg,4,2
2689723375_3683928378.jpg,1,1
28960975_1570899378.jpg,1,1
2939893127_902298378.jpg,3,3
3042614131_2708769378.jpg,1,1
3052349513_971477378.jpg,8,6
3104502851_915246378.jpg,3,0
3301579175_3305179378.jpg,0,0
3348032511_2394855378.jpg,0,0
3462482157_3348892378.jpg,7,6
4014074225_1716345378.jpg,6,6
4250940013_141451378.jpg,8,12
571505543_365920378.jpg,0,13
1024451183_2308677379.jpg,9,6
1707515278_1552996379.jpg,5,2
1984152960_3141500379.jpg,8,6
2045990081_1689114379.jpg,2,2
2086215521_3696457379.jpg,13,13
2231818378_3451735379.jpg,3,11
2448323447_1252240379.jpg,10,10
2537965661_459790379.jpg,4,11
2562519105_1442952379.jpg,12,11
274767259_1556291379.jpg,11,6
2970660792_103698379.jpg,5,7
314655451_2898379.jpg,2,4
3615759660_349883379.jpg,11,11
3928932261_1189280379.jpg,11,11
3945656995_208357379.jpg,2,2
3948400399_2778963379.jpg,1,1
4024497987_1557069379.jpg,9,9
4090589167_432559379.jpg,6,6
4262803065_2579043379.jpg,0,2
655607254_3612037379.jpg,4,2
671139962_4250428379.jpg,1,1
800853353_305588379.jpg,0,0
1033304784_3432823380.jpg,2,4
1246870433_2916395380.jpg,4,11
1871396706_2691442380.jpg,0,0
1924434889_910571380.jpg,13,13
1994591660_1205008380.jpg,12,13
2075391894_2405672380.jpg,4,0
2193506186_408191380.jpg,5,5
2196487954_751334380.jpg,10,10
2249043264_2045213380.jpg,4,0
2560732609_1670336380.jpg,0,0
2578321100_1455710380.jpg,10,10
264706472_3784586380.jpg,10,10
2812966739_851863380.jpg,8,6
2834963316_174287380.jpg,7,7
2845191996_2540083380.jpg,13,13
3180650429_617412380.jpg,3,3
324463808_1647580380.jpg,8,6
3534487665_1653163380.jpg,13,0
3799095943_2318777380.jpg,6,8
4009716738_1541407380.jpg,6,8
4052743114_3375430380.jpg,3,3
4105774359_4057619380.jpg,5,5
4127717512_2569340380.jpg,3,3
420818315_1035188380.jpg,13,13
4238167347_45151380.jpg,12,12
590789682_1517254380.jpg,13,13
688962659_802089380.jpg,13,13
1582091005_2275428381.jpg,4,2
1813460236_2151209381.jpg,12,11
1999735688_1305418381.jpg,3,0
2034121702_1443993381.jpg,6,6
2308853570_850796381.jpg,8,12
2336227082_1054434381.jpg,1,0
2513539941_2433218381.jpg,3,3
2538091533_334420381.jpg,3,3
3029925109_4218129381.jpg,3,1
3202025370_1793626381.jpg,3,1
3206904521_62636381.jpg,3,3
3377169193_1684578381.jpg,9,9
3755544147_1108778381.jpg,12,12
4159304220_1300200381.jpg,9,9
4230648109_2875200381.jpg,8,8
538979074_1907183381.jpg,0,0
804646663_1398265381.jpg,4,4
109217029_97553382.jpg,9,6
1421476675_2871531382.jpg,3,0
1500650396_658061382.jpg,9,9
1568551677_3174961382.jpg,10,10
1751153114_211355382.jpg,3,11
2127167043_1430528382.jpg,1,1
2424433490_32457382.jpg,8,12
2643655849_2538689382.jpg,0,0
3380305347_2595089382.jpg,8,6
3511585191_2328517382.jpg,3,3
3717039449_2702015382.jpg,6,6
3964236668_1219152382.jpg,10,10
516360834_3056676382.jpg,6,0
816542952_603669382.jpg,1,1
88675073_1996140382.jpg,0,0
983450354_574216382.jpg,12,12
1488014374_1853473383.jpg,3,3
1552297077_2826285383.jpg,1,1
1640442131_2032959383.jpg,10,10
1700241121_3556967383.jpg,13,13
1722199105_1468465383.jpg,10,10
1856343306_1598982383.jpg,2,2
2042791767_3929412383.jpg,11,12
208241935_1725627383.jpg,1,1
2174532448_1664260383.jpg,6,6
2347607985_1667736383.jpg,1,1
2359688330_170990383.jpg,3,3
2369060422_902925383.jpg,11,11
2395399801_1510584383.jpg,9,9
2982029759_891137383.jpg,9,11
3074602159_737867383.jpg,5,5
3158086702_1561258383.jpg,9,9
3227898199_3082020383.jpg,10,10
3293931575_3475732383.jpg,1,1
3802603015_966909383.jpg,11,11
543790837_2514252383.jpg,12,3
562166226_4234481383.jpg,4,4
826594684_2032692383.jpg,5,5
923011264_211297383.jpg,4,2
990014769_3182320383.jpg,0,0
114306446_1350374384.jpg,4,2
1838325017_3486769384.jpg,8,8
1940572840_908291384.jpg,6,6
1946214684_2839808384.jpg,1,11
1996017683_2744493384.jpg,3,3
2158189073_3781891384.jpg,11,11
2308272516_3236686384.jpg,9,9
2344515228_1138066384.jpg,3,11
2536933750_868289384.jpg,0,0
2559554765_2820050384.jpg,4,2
2677824142_1695596384.jpg,12,12
270686994_4035593384.jpg,12,12
2857271999_144695384.jpg,1,1
3073501772_3811895384.jpg,10,10
3203936070_2150907384.jpg,2,3
3322272127_3580935384.jpg,3,1
3341616112_1455197384.jpg,13,13
3720504343_543644384.jpg,6,6
3804568485_916560384.jpg,5,0
3964057482_1748703384.jpg,3,1
4109948816_920504384.jpg,4,2
4205313341_4228111384.jpg,10,10
1157853719_4153900385.jpg,10,10
1215577422_451944385.jpg,3,0
1242450145_1448798385.jpg,0,0
1369312853_3333600385.jpg,8,8
1840113161_3156897385.jpg,4,2
2122419850_3505619385.jpg,3,3
271621120_1975909385.jpg,3,3
2787931913_920004385.jpg,13,12
3438799267_2573323385.jpg,5,2
3740425764_2162098385.jpg,3,0
3754828428_3226735385.jpg,9,9
3787614232_4226791385.jpg,1,1
3852910617_2757251385.jpg,9,9
408599767_1759523385.jpg,2,2
4112702833_3110309385.jpg,8,7
4151365074_2937046385.jpg,1,1
4185658575_4205000385.jpg,6,8
4210380748_1166936385.jpg,2,0
4223799170_830672385.jpg,13,0
884450990_587003385.jpg,5,1
965654335_1855678385.jpg,11,11
1308903524_3798314386.jpg,12,12
1321438675_25090386.jpg,10,10
1482667693_1174666386.jpg,11,11
1532790527_1808038386.jpg,9,9
1641237254_3689276386.jpg,12,12
1726312814_1316335386.jpg,0,0
1813248006_724763386.jpg,9,7
1839162674_2332631386.jpg,11,11
2167525738_992590386.jpg,8,8
2222398262_2716530386.jpg,6,8
2471255704_2511219386.jpg,9,9
2550586960_2318705386.jpg,8,6
2772160500_1564975386.jpg,11,11
2953303231_3994213386.jpg,6,6
2986028713_2810648386.jpg,10,10
3144775149_1083631386.jpg,0,0
3574782623_1210598386.jpg,9,9
3728636733_432647386.jpg,8,6
3733040091_3392348386.jpg,3,3
4009104787_35321386.jpg,10,10
496350650_2787882386.jpg,5,5
56046967_1272337386.jpg,0,0
56482818_2816498386.jpg,0,0
652663241_106147386.jpg,7,7
76997012_1192097386.jpg,3,3
899908062_3554886386.jpg,3,3
1038363231_3706532387.jpg,0,5
1204188651_1959817387.jpg,13,13
1407273701_4255536387.jpg,10,10
144548807_2891944387.jpg,2,0
1547256537_1916387387.jpg,5,5
1938525964_2683886387.jpg,12,11
1964489547_1796688387.jpg,1,1
1995858822_3137022387.jpg,5,7
2266010974_606838387.jpg,12,0
2376908282_4210045387.jpg,9,9
2394708380_2591128387.jpg,6,8
2409108466_2129113387.jpg,9,9
2589981910_164508387.jpg,3,3
2620163177_76525387.jpg,9,9
2652667291_263974387.jpg,3,1
2713773136_664495387.jpg,6,8
2789229690_756414387.jpg,11,11
2790489994_2855206387.jpg,6,7
2971389454_852004387.jpg,12,2
3005579266_1474343387.jpg,3,0
3249653378_652204387.jpg,7,6
3494280851_504712387.jpg,2,4
3751598226_466033387.jpg,13,13
4191086392_1813435387.jpg,3,1
4194108512_2214318387.jpg,3,1
448307388_4024582387.jpg,8,6
50046711_1809268387.jpg,3,3
65951814_3396671387.jpg,6,6
1010995167_359754388.jpg,1,1
1114642908_617477388.jpg,12,12
1118352167_1973805388.jpg,3,1
1447130161_1227655388.jpg,2,2
1678638475_3942262388.jpg,5,5
1787948418_1706262388.jpg,1,1
2331035779_2433264388.jpg,10,10
2418705655_3513385388.jpg,2,9
2490768038_3734041388.jpg,0,5
2768833629_868258388.jpg,5,0
2957771814_2164942388.jpg,10,10
3144584825_323593388.jpg,0,12
3482025697_3110844388.jpg,5,5
385558040_206076388.jpg,3,1
3865773714_3770792388.jpg,4,2
3941046462_1711634388.jpg,4,2
4081467654_3877823388.jpg,1,1
465315535_1283565388.jpg,4,4
711203142_3449204388.jpg,10,10
766680188_2985282388.jpg,8,8
973338042_2276654388.jpg,8,6
1333878104_4086964389.jpg,12,12
1406499722_253888389.jpg,1,1
150058175_789220389.jpg,3,3
1570124667_354373389.jpg,1,1
1818049656_2787092389.jpg,5,5
2125330524_1280106389.jpg,10,10
2151555450_3733413389.jpg,6,6
2406993301_4208298389.jpg,1,4
2430956132_3236069389.jpg,6,9
246778425_876404389.jpg,10,10
2509611518_132377389.jpg,4,4
2704222610_160342389.jpg,13,13
2711819022_2606382389.jpg,8,8
2852713038_1224974389.jpg,4,5
3119815227_3381690389.jpg,3,12
3233426712_1229521389.jpg,10,10
3321249396_1124455389.jpg,13,13
3489971761_1292451389.jpg,3,3
3560899714_1442278389.jpg,10,10
3631233588_4153719389.jpg,1,11
3663853820_3500010389.jpg,10,10
3788930857_2704295389.jpg,5,5
385124901_1644369389.jpg,1,1
3964624355_4007291389.jpg,12,11
620618237_2083347389.jpg,8,12
1216149027_2433489390.jpg,0,5
1255343526_3923769390.jpg,9,9
1357848412_1962326390.jpg,12,12
1579349123_2165364390.jpg,12,0
166342192_3975667390.jpg,5,7
1724545893_100392390.jpg,1,1
218032457_1818053390.jpg,13,13
2258292939_2122720390.jpg,9,6
2291509345_121049390.jpg,5,3
2370753471_1941359390.jpg,9,9
2461656312_1720934390.jpg,13,13
26960052_1131680390.jpg,2,2
2828613606_403048390.jpg,3,3
288875212_3902022390.jpg,6,7
3221778323_1721724390.jpg,8,11
3224598291_3332909390.jpg,11,11
3253064211_318875390.jpg,1,11
3892322743_3668865390.jpg,6,8
4067279997_1585717390.jpg,13,11
4125458077_912991390.jpg,4,0
4156345179_626504390.jpg,0,0
4159011128_2737594390.jpg,12,11
75624244_3553252390.jpg,11,11
780026319_4286823390.jpg,4,2
794221725_2812739390.jpg,9,6
826485489_4164838390.jpg,8,12
914487513_2182887390.jpg,9,9
929497248_2534441390.jpg,13,13
951711111_2765940390.jpg,10,10
1022260451_1763629391.jpg,9,9
1199776689_1149765391.jpg,11,11
1231265355_3314426391.jpg,8,8
149772529_3071908391.jpg,13,13
151498308_1953613391.jpg,1,1
1908694061_1347293391.jpg,6,1
229033446_38198391.jpg,3,3
2330437980_3600918391.jpg,6,8
2691971254_652989391.jpg,9,9
2977901665_3519967391.jpg,1,1
3609103807_3783070391.jpg,13,13
3651636809_3920837391.jpg,8,7
58137786_3012710391.jpg,3,3
759357214_1215614391.jpg,1,1
7704458_2659340391.jpg,11,3
1026087620_350939392.jpg,12,12
1031516022_3881445392.jpg,3,3
1106260950_2840213392.jpg,13,13
1159345742_60096392.jpg,3,3
1196242050_3011181392.jpg,3,1
1302626177_985858392.jpg,1,1
1521849371_3293676392.jpg,10,2
1611009798_939302392.jpg,1,1
162170323_3246151392.jpg,9,9
162205974_1876643392.jpg,2,2
1794453025_1531779392.jpg,3,3
1835030941_290615392.jpg,3,1
1911650568_1839012392.jpg,8,8
1965753432_620032392.jpg,13,12
2038412943_1429994392.jpg,6,6
2054521652_1456756392.jpg,9,9
2198817628_2171131392.jpg,3,1
2206730197_1287144392.jpg,8,8
2950959457_1492874392.jpg,3,1
2977706659_852013392.jpg,11,11
2993364002_222083392.jpg,4,4
3164341176_2119307392.jpg,3,3
3184267642_2107153392.jpg,10,2
3447761009_4216038392.jpg,9,9
3842008593_1721845392.jpg,11,3
4176812349_1229922392.jpg,1,1
4291921020_1389762392.jpg,11,11
707018365_1857521392.jpg,0,0
1427432315_794004393.jpg,3,2
1443072749_3714141393.jpg,0,5
160597249_2865846393.jpg,6,11
182687703_3808591393.jpg,4,2
19795239_2355696393.jpg,3,3
199356026_4195131393.jpg,11,11
2142754529_1756974393.jpg,8,8
2507219987_1670597393.jpg,5,5
2519266003_3765612393.jpg,0,0
2973701680_2469321393.jpg,12,12
3005936565_1957182393.jpg,6,6
3706576295_3158664393.jpg,1,1
3842114985_3368681393.jpg,6,6
4127937794_122341393.jpg,4,0
4220643484_794519393.jpg,13,13
4255749377_120255393.jpg,7,7
4290138909_2404697393.jpg,1,7
438573412_3282534393.jpg,8,7
501028793_3619962393.jpg,7,6
523764963_473382393.jpg,9,9
923165689_1149234393.jpg,5,0
941508049_3294784393.jpg,6,6
1025199648_1213392394.jpg,1,1
1036629276_618172394.jpg,1,1
1231843728_2338182394.jpg,11,11
1327099783_1894926394.jpg,9,9
1477130225_1266190394.jpg,6,6
201166761_831382394.jpg,10,10
210832565_3817065394.jpg,6,6
2986156_1761793394.jpg,9,9
3217438846_605707394.jpg,2,4
3294894936_3066761394.jpg,4,2
3336601660_1692951394.jpg,4,2
3493823058_2839027394.jpg,1,1
3778385138_4256868394.jpg,5,7
3830790725_3833269394.jpg,10,9
4008292412_2569786394.jpg,3,1
514726611_3281832394.jpg,12,13
642032311_310293394.jpg,7,7
917243874_2411668394.jpg,9,6
1023998335_732806395.jpg,8,8
1032205444_2261338395.jpg,4,0
1085632648_1283328395.jpg,7,7
113010819_3095102395.jpg,3,11
1224554874_886112395.jpg,10,10
2043290462_3925221395.jpg,9,7
2102049745_1994985395.jpg,12,12
2135428919_2128112395.jpg,9,9
2400404504_2340864395.jpg,1,1
2565731872_3612445395.jpg,1,1
2741207775_3749397395.jpg,3,11
298292979_2234005395.jpg,5,7
3212906767_220205395.jpg,3,11
3403375237_4097976395.jpg,0,1
3424791280_592690395.jpg,4,2
3512096774_2711770395.jpg,11,11
3576918738_1437129395.jpg,8,6
3700202078_2525252395.jpg,0,0
3894925312_3611433395.jpg,13,13
476190532_1036692395.jpg,13,13
5426317_3796348395.jpg,11,0
676646162_454805395.jpg,4,2
726557264_3626296395.jpg,4,2
832413822_1579608395.jpg,12,12
855895620_3724791395.jpg,9,6
105981043_1006279396.jpg,3,1
1073247988_2371694396.jpg,13,13
1610613839_693278396.jpg,10,10
1636583166_2221005396.jpg,2,11
2055002728_792057396.jpg,6,1
2081130141_606098396.jpg,13,2
2185471200_597222396.jpg,10,10
2238015867_1476431396.jpg,0,0
2370594288_1061693396.jpg,12,12
2547421750_149302396.jpg,6,6
2593131750_3395203396.jpg,7,6
2727414824_3942665396.jpg,8,8
2922124189_14049396.jpg,13,13
3090527942_3409754396.jpg,9,7
3504611163_195004396.jpg,3,1
3520437991_771118396.jpg,3,3
3635233758_3439414396.jpg,3,1
3677622768_2047946396.jpg,5,5
4096867288_844294396.jpg,6,8
740368175_843109396.jpg,6,6
1126718131_3552770397.jpg,3,1
1321348882_63567397.jpg,12,12
1393693234_498760397.jpg,0,1
1442429409_1463689397.jpg,3,0
1443037537_854184397.jpg,3,1
1617556529_232698397.jpg,4,4
1633497735_151390397.jpg,11,1
2353346708_346319397.jpg,12,0
2447859813_524187397.jpg,9,9
2475787253_4103853397.jpg,5,2
2687574517_909551397.jpg,11,0
280266313_2694016397.jpg,9,9
2938324291_3124159397.jpg,3,3
3203415971_3252938397.jpg,6,11
3320707752_247778397.jpg,0,0
3630314958_653460397.jpg,3,0
3633908526_979570397.jpg,5,5
3658064684_3859383397.jpg,3,3
374712024_1107790397.jpg,2,12
4149304684_3730555397.jpg,5,5
4186586289_388144397.jpg,8,6
1143255778_1360824398.jpg,4,4
1456651833_2117239398.jpg,11,11
1537681991_405671398.jpg,3,0
1670324053_1691194398.jpg,0,0
1817778043_1477578398.jpg,4,2
2286859977_1069417398.jpg,2,2
2332805288_2336135398.jpg,8,8
2342389517_61674398.jpg,11,11
2600676981_1594328398.jpg,8,8
2798822356_2866857398.jpg,4,2
2848825068_2690494398.jpg,7,6
3017047908_3891363398.jpg,7,5
3357183226_2699728398.jpg,1,7
3475036964_2138283398.jpg,6,6
3477787824_2470243398.jpg,9,9
356677794_301594398.jpg,12,13
3573824527_4014033398.jpg,13,13
359152765_945035398.jpg,3,3
3980716965_3730034398.jpg,10,2
4044037620_3782237398.jpg,9,9
441134363_2659821398.jpg,13,12
1022314023_954783399.jpg,4,2
1265999864_3591844399.jpg,10,10
1362973554_1272760399.jpg,5,5
1454434074_3499681399.jpg,13,12
1603978805_766057399.jpg,0,0
2241953423_1507051399.jpg,11,11
2355426780_3524168399.jpg,6,6
2385785399_799709399.jpg,9,9
2519468198_2078691399.jpg,5,7
2554936300_389732399.jpg,9,9
2601157061_3019736399.jpg,0,11
2614088163_328484399.jpg,9,11
2616885713_2709771399.jpg,4,2
2643873831_4054103399.jpg,8,8
2734439095_3232347399.jpg,7,7
2820704310_859149399.jpg,8,7
3025732871_3065887399.jpg,13,13
3065511891_20664399.jpg,2,2
3786135327_3722669399.jpg,3,3
3873860039_3022515399.jpg,12,12
4014023293_1762606399.jpg,11,11
4067147324_3405169399.jpg,12,12
538198794_3807168399.jpg,13,13
683161822_2945292399.jpg,11,11
745058568_1831034399.jpg,9,9
1006602111_2726510400.jpg,9,9
1033008525_817522400.jpg,1,7
1512183989_981206400.jpg,2,0
151665841_657662400.jpg,0,2
1749450391_2796548400.jpg,6,6
1906121877_128463400.jpg,6,6
1975825150_4098512400.jpg,12,0
2332170152_2892634400.jpg,8,12
251347609_3766751400.jpg,3,3
2670923357_3568790400.jpg,5,5
2758030775_282939400.jpg,10,10
2806793612_2772930400.jpg,6,6
2819701595_3304195400.jpg,0,5
320343760_344899400.jpg,13,13
3517176067_1791945400.jpg,8,8
4030950466_3969780400.jpg,6,6
4049952517_2020901400.jpg,9,6
443444452_1551048400.jpg,9,6
464715820_3963498400.jpg,7,6
675635488_2677653400.jpg,1,0
808183230_2545721400.jpg,0,0
88578391_3586825400.jpg,10,10
1130785502_2661404401.jpg,13,13
1157003888_438223401.jpg,1,1
1167116449_2460875401.jpg,11,11
1286440781_905460401.jpg,7,11
1393915592_2017017401.jpg,0,0
1572362076_557404401.jpg,12,11
170726432_871294401.jpg,7,6
1741618919_1859249401.jpg,11,13
1784862368_573906401.jpg,7,8
1913250649_930020401.jpg,11,11
2016886164_2408797401.jpg,9,9
2379849052_3593867401.jpg,1,0
2391834811_112924401.jpg,9,9
2640480280_2965657401.jpg,4,2
2649266975_2657232401.jpg,5,5
27824863_2333943401.jpg,13,13
2818559776_3742502401.jpg,0,0
3213260132_2206874401.jpg,3,3
3216497019_1048986401.jpg,6,6
343997922_46066401.jpg,10,10
4236052115_1667227401.jpg,6,6
448143381_2181180401.jpg,9,9
454467311_1501171401.jpg,13,13
587191982_3350164401.jpg,0,0
938546881_1062838401.jpg,10,10
985601586_2519211401.jpg,4,2
986647961_975188401.jpg,3,3
1077756523_3368467402.jpg,2,12
1224311614_191402.jpg,3,1
1735738566_286914402.jpg,2,4
1926524627_1503177402.jpg,13,13
1952343265_754211402.jpg,13,13
2348417987_1031252402.jpg,9,9
2556730149_1571759402.jpg,9,9
2582609034_1617540402.jpg,2,11
2701387299_694670402.jpg,2,13
3228334830_1560242402.jpg,10,10
3304765972_3733013402.jpg,8,8
3310840818_4101449402.jpg,0,2
3326422380_948308402.jpg,13,13
340773482_3272942402.jpg,0,11
3746625014_126260402.jpg,10,10
4285158556_1884384402.jpg,12,12
4290324298_3180376402.jpg,0,0
437092480_830109402.jpg,6,8
458335940_1594188402.jpg,11,11
779648448_3068900402.jpg,3,3
881486663_1952677402.jpg,3,11
911554200_3368220402.jpg,13,13
1009010081_1135733403.jpg,8,8
1398728076_31159403.jpg,3,11
1414181017_3403884403.jpg,13,13
1513809490_3093043403.jpg,3,1
1850312859_3115735403.jpg,0,5
2156648346_1819799403.jpg,8,12
2192289838_4279121403.jpg,3,0
2370139354_2819558403.jpg,7,6
2390422286_1313423403.jpg,2,0
2702525017_2689305403.jpg,3,3
2818195551_1532257403.jpg,1,1
2961617300_1064492403.jpg,12,11
2961683037_2621529403.jpg,13,1
3237310728_3695517403.jpg,3,3
3643488688_2650568403.jpg,13,13
4012531951_2237163403.jpg,3,0
4223288679_1094036403.jpg,0,7
465438673_2591076403.jpg,9,9
501463629_442422403.jpg,4,4
991121727_3009863403.jpg,9,9
1065701691_4212279404.jpg,6,9
1247916953_1213526404.jpg,2,0
1304000539_2426240404.jpg,13,13
1556258952_1097445404.jpg,7,6
1817700174_3533710404.jpg,1,1
255915935_681813404.jpg,5,5
2701656482_557279404.jpg,7,6
2751751568_2469767404.jpg,13,13
3109821079_3215848404.jpg,13,13
338021584_2528169404.jpg,0,2
3430485200_4086356404.jpg,9,9
3441980861_3499829404.jpg,11,11
3669682016_2185347404.jpg,10,10
3893859750_3464029404.jpg,4,2
3961967941_401863404.jpg,3,0
3964464771_1082982404.jpg,5,7
463100334_4162329404.jpg,13,13
6370977_761617404.jpg,13,2
878312369_926078404.jpg,11,11
1148382786_3033182405.jpg,12,11
1184144490_4291747405.jpg,3,3
1255805185_3981992405.jpg,1,1
1267974348_740248405.jpg,11,0
1351682097_2606052405.jpg,1,1
14151928_103364405.jpg,9,9
148327326_1911619405.jpg,8,8
1509737237_3609629405.jpg,4,4
1560788227_2281896405.jpg,7,7
1697727871_4203117405.jpg,11,11
1765497858_2345591405.jpg,9,9
1779322981_911835405.jpg,5,0
2217054382_116372405.jpg,6,6
2230695581_2083064405.jpg,4,2
2396723876_1740777405.jpg,0,0
2448179423_2183899405.jpg,1,11
2713903762_1631116405.jpg,2,2
2918880897_2106299405.jpg,9,9
3067458218_4161268405.jpg,5,5
3225919917_3253430405.jpg,0,11
3307159600_2377836405.jpg,6,6
3586395434_3217734405.jpg,5,8
3621330718_3415213405.jpg,10,10
4241620196_2062045405.jpg,2,2
508944366_5399405.jpg,0,3
520700759_297785405.jpg,1,1
588022218_1420908405.jpg,13,13
940076688_2491661405.jpg,13,13
975074737_3876396405.jpg,11,11
1016323655_3136882406.jpg,8,8
1075539905_2605884406.jpg,0,0
1397762498_15949406.jpg,13,13
1471420995_1841762406.jpg,10,10
1735882857_4052714406.jpg,9,0
2657551549_3961882406.jpg,8,12
2689692785_3149433406.jpg,1,1
2749438579_4097318406.jpg,3,3
2828805289_1239615406.jpg,11,11
2911501168_3557958406.jpg,8,8
3164439520_1698114406.jpg,9,9
3209296430_1048006406.jpg,12,11
3289565041_1917241406.jpg,11,11
3524335445_491335406.jpg,13,13
3914749205_182639406.jpg,9,9
414834240_251161406.jpg,4,0
4200051518_4074596406.jpg,4,11
478251531_196613406.jpg,6,6
54255032_3153446406.jpg,13,13
585187868_2560207406.jpg,10,10
1007638425_59698407.jpg,10,10
1042467665_1214219407.jpg,10,10
1086253707_4146324407.jpg,13,13
1120642282_1257091407.jpg,0,2
1149291645_773118407.jpg,5,5
1682762259_2349917407.jpg,11,11
1890985727_3264258407.jpg,12,0
1893273789_1715749407.jpg,11,11
2022791373_2773046407.jpg,7,6
2042224727_3595515407.jpg,3,0
2254704054_1538777407.jpg,8,8
2267296545_2395100407.jpg,5,5
2493041247_468621407.jpg,9,9
2958012368_3455190407.jpg,12,12
2962337116_4093387407.jpg,10,10
2971583124_3814555407.jpg,0,0
303828634_3064553407.jpg,3,3
3186452328_728623407.jpg,8,6
3303754510_3374936407.jpg,5,5
3479087293_4248149407.jpg,4,0
3503680221_641100407.jpg,13,0
3632030854_3066962407.jpg,11,12
3755076754_4044550407.jpg,3,1
4082025108_3946649407.jpg,3,0
5890304_2479838407.jpg,1,3
889180186_92265407.jpg,5,5
97285376_4164965407.jpg,9,9
1129423482_1043812408.jpg,3,3
1342883233_3275374408.jpg,1,9
1567671833_3503301408.jpg,7,7
1791470106_3976569408.jpg,8,7
1831143621_2400367408.jpg,13,12
2074472347_1090513408.jpg,0,0
2244548349_1182171408.jpg,11,11
2543826105_3889354408.jpg,11,11
2654756988_2585904408.jpg,9,11
2795718751_3714539408.jpg,11,11
2877627547_4241680408.jpg,13,13
2974675540_151054408.jpg,5,5
3313236642_2985830408.jpg,8,8
3324941315_3866369408.jpg,2,4
3348229329_2341429408.jpg,1,1
3444693000_211591408.jpg,9,9
3452908786_3265836408.jpg,6,6
3874409280_2498605408.jpg,11,11
410757658_684542408.jpg,12,11
4110883103_1737719408.jpg,3,3
505617235_650826408.jpg,5,7
518356100_1268225408.jpg,8,11
587166943_1188743408.jpg,0,12
815015153_2990284408.jpg,1,1
1024997182_2550497409.jpg,13,0
1307938421_3254888409.jpg,13,13
1506865462_1810328409.jpg,9,11
1721796919_2640071409.jpg,13,13
2372330924_3290804409.jpg,3,3
2831515578_2120685409.jpg,13,13
2844395849_3420934409.jpg,3,1
3042201093_3116813409.jpg,4,2
3116389605_2829462409.jpg,4,2
3409333306_3797770409.jpg,13,0
3428546802_193376409.jpg,13,12
3509087098_890966409.jpg,5,5
4077131556_4030095409.jpg,0,1
534810397_1692224409.jpg,13,12
638275369_2171019409.jpg,12,12
669354444_2338393409.jpg,11,6
689535625_36038409.jpg,0,0
1075622210_4147191410.jpg,1,1
1106144124_2661195410.jpg,2,2
1312605579_3147940410.jpg,5,5
1411305550_2219253410.jpg,7,7
1448964168_825433410.jpg,3,3
152350136_3021407410.jpg,5,5
1760065602_2725184410.jpg,8,6
1926032971_2933183410.jpg,6,7
218133775_3637232410.jpg,12,12
2191000348_3717510410.jpg,3,1
2345337526_2445884410.jpg,1,1
241167118_2158172410.jpg,3,2
2622365012_2795001410.jpg,4,13
2737721329_2393492410.jpg,1,1
2763294070_2827647410.jpg,3,1
3022948833_1583548410.jpg,6,6
3031219361_2379342410.jpg,12,12
3168931233_233232410.jpg,8,8
334150169_2247721410.jpg,11,11
3398027228_2431727410.jpg,12,12
354373553_3446184410.jpg,13,13
3660750625_713595410.jpg,0,2
378430219_3473227410.jpg,3,3
3797072097_2113270410.jpg,5,5
579780312_3432085410.jpg,12,12
579894631_4052460410.jpg,0,2
708096031_398137410.jpg,5,5
746537476_2282172410.jpg,13,13
905777699_2737190410.jpg,10,10
1531642266_3105351411.jpg,8,7
1857425696_3988588411.jpg,11,11
1893232943_2585157411.jpg,4,2
2751342029_711356411.jpg,5,5
3130380304_3550916411.jpg,0,1
3260539415_4126604411.jpg,3,1
359356927_410827411.jpg,10,10
3833370253_2679284411.jpg,5,5
3870724815_3169272411.jpg,3,3
4075471598_4278847411.jpg,12,11
4135054145_4171006411.jpg,7,7
4267120850_813608411.jpg,11,11
485484912_4249924411.jpg,0,0
695856800_4238844411.jpg,5,5
107338190_3282493412.jpg,9,6
1308885240_1934235412.jpg,9,9
1347821929_3598093412.jpg,9,3
1431696883_4260876412.jpg,12,13
1970622101_784706412.jpg,9,9
1977241945_365926412.jpg,3,3
2224200130_1679810412.jpg,6,7
2504696357_3060447412.jpg,9,9
2580203627_3422068412.jpg,3,0
2722950826_3025432412.jpg,11,11
283993441_3057388412.jpg,10,10
3085338041_3814394412.jpg,8,8
3199564087_1896087412.jpg,5,5
3229027380_2350187412.jpg,3,1
3266348608_918879412.jpg,0,0
3507530762_3291354412.jpg,3,3
3523604208_1001187412.jpg,0,13
3627719224_1119464412.jpg,11,11
3643612830_1571235412.jpg,13,0
3795581184_2033717412.jpg,3,3
4075521806_3503274412.jpg,9,7
4164127082_555084412.jpg,6,2
4235426387_3780225412.jpg,0,0
811641007_1728284412.jpg,13,13
823015490_1697249412.jpg,3,3
891697360_69480412.jpg,1,7
1096027283_2700955413.jpg,13,12
1422835656_96256413.jpg,1,2
1545078138_1570949413.jpg,1,1
1551038126_1869366413.jpg,13,13
1749093784_4243830413.jpg,12,12
2102082617_1237449413.jpg,7,7
2222176579_3104455413.jpg,12,12
2382704046_3953181413.jpg,1,1
2396335418_511331413.jpg,11,11
2629728811_3335597413.jpg,10,10
2923124450_132399413.jpg,10,10
2988885858_2458939413.jpg,8,7
3059519142_2639532413.jpg,5,7
3089092114_2516776413.jpg,3,1
338541909_3886150413.jpg,11,0
3398484652_3942218413.jpg,5,5
3437016516_2565515413.jpg,11,11
3931578383_1351354413.jpg,3,11
3956685630_935018413.jpg,4,2
407918196_2488265413.jpg,3,11
554439404_1240209413.jpg,3,3
680478671_1991462413.jpg,10,10
691113283_2940230413.jpg,4,2
700215811_1556820413.jpg,9,9
707435011_4171752413.jpg,9,9
839718485_1988463413.jpg,13,13
1158129300_2383240414.jpg,1,1
1329256060_1421851414.jpg,13,13
1415181542_2088824414.jpg,4,0
1726139496_1584825414.jpg,6,6
1827697438_1092442414.jpg,0,0
1952346665_2090107414.jpg,4,4
2072603325_1802838414.jpg,6,6
2147035051_3097848414.jpg,13,0
229010256_1805910414.jpg,12,12
2295869994_3558098414.jpg,2,4
2695472046_3002221414.jpg,4,2
2706112145_1491621414.jpg,1,1
2759765554_1761355414.jpg,4,2
3227053766_3336455414.jpg,3,1
3302254033_3654713414.jpg,6,10
3335230901_2263584414.jpg,2,2
343157338_3746642414.jpg,8,8
3536926715_3897739414.jpg,8,8
3639135532_4167203414.jpg,6,1
371316496_3298139414.jpg,5,9
4116223663_1341605414.jpg,11,11
4126014004_3749199414.jpg,5,5
79543032_2580003414.jpg,5,5
1065681376_1961425415.jpg,9,9
1144896250_2628873415.jpg,13,13
1180871984_3895099415.jpg,12,12
1417803348_3471882415.jpg,1,1
1534612653_128304415.jpg,6,11
1608024809_2273196415.jpg,12,12
1795821190_61662415.jpg,7,6
187205337_1019497415.jpg,8,8
1900732657_2097621415.jpg,0,4
2203084255_1903479415.jpg,1,1
2240402067_729515415.jpg,3,1
2484533081_2246778415.jpg,12,12
2497536390_3456217415.jpg,8,12
2613366831_1872741415.jpg,11,11
2820134434_149219415.jpg,9,9
3168821650_3213350415.jpg,2,11
3301818141_2968344415.jpg,3,1
3667772124_2842290415.jpg,1,1
3900787208_3543527415.jpg,3,3
43827110_3720784415.jpg,11,11
537696586_171324415.jpg,8,8
1027645579_460345416.jpg,3,1
1332273976_409892416.jpg,7,7
1707955701_4055313416.jpg,8,8
1769503529_516038416.jpg,4,0
1932444870_3624298416.jpg,9,9
2130753467_82952416.jpg,13,13
2426178467_3307540416.jpg,1,3
2524369766_1800855416.jpg,12,12
2605832227_442555416.jpg,5,5
2724567927_2974360416.jpg,1,1
316464130_1530127416.jpg,3,1
3184157284_3003630416.jpg,13,13
3227566421_3846371416.jpg,5,5
3330508908_2640305416.jpg,5,12
3416827966_1742149416.jpg,6,7
3570478362_2764716416.jpg,6,8
3640994650_2573514416.jpg,11,11
3694530719_2693874416.jpg,5,2
3802486851_3331638416.jpg,4,2
4044980186_250765416.jpg,12,13
663824573_4271441416.jpg,0,2
744362995_2233665416.jpg,9,9
792227162_4285952416.jpg,8,8
996769179_1283125416.jpg,13,0
1366495732_1312440417.jpg,13,11
1690045425_2201486417.jpg,12,11
1712106169_3485605417.jpg,11,11
1748937421_2072589417.jpg,5,5
2113387314_2081303417.jpg,11,11
2236677926_885297417.jpg,0,3
2317901839_2765416417.jpg,10,10
2364838276_2009878417.jpg,3,3
2782723969_4202037417.jpg,0,0
2847732624_2731833417.jpg,10,10
3044696035_2004630417.jpg,13,0
3330123203_463177417.jpg,11,11
3424608591_616383417.jpg,8,7
346930734_2190496417.jpg,3,3
3526877163_645436417.jpg,5,7
3581420017_1841446417.jpg,0,0
3583332200_1309421417.jpg,13,13
358507884_1785010417.jpg,3,0
3680729058_781180417.jpg,1,0
3711068310_579520417.jpg,13,13
3971181445_2566900417.jpg,0,2
4134920737_928060417.jpg,11,11
54609428_1514481417.jpg,11,11
1047916088_3868798418.jpg,10,10
1182805127_2335877418.jpg,12,12
1188962267_1103690418.jpg,8,6
1196872494_2339649418.jpg,5,9
159963081_1532707418.jpg,12,11
169173821_1465307418.jpg,12,12
1717371865_3915501418.jpg,7,7
2160903871_1741316418.jpg,13,13
2375509869_2451367418.jpg,2,2
2582257181_2363678418.jpg,10,10
2624207171_1465468418.jpg,0,0
2729584673_960930418.jpg,8,6
2807884666_2588577418.jpg,9,9
2816287081_1699616418.jpg,10,10
30025831_2928161418.jpg,11,11
303106026_1633683418.jpg,5,5
3064174477_4102345418.jpg,11,11
307624086_2587650418.jpg,1,1
350019766_1843397418.jpg,5,7
3562954715_1881861418.jpg,3,3
3830431724_3724519418.jpg,13,4
3875909653_806224418.jpg,0,0
4065994560_2137035418.jpg,2,2
410169403_2718804418.jpg,12,11
425655350_1899693418.jpg,6,6
495045051_3417190418.jpg,12,11
600027672_518271418.jpg,2,2
83800853_4008738418.jpg,6,8
1057355949_595754419.jpg,9,9
1062036312_1273721419.jpg,10,10
1081398694_3765259419.jpg,0,12
11012662_1949057419.jpg,3,1
1345118192_582357419.jpg,1,1
1836123992_473483419.jpg,10,10
2054623766_2215899419.jpg,2,11
2178644656_269570419.jpg,11,3
2487313285_2337146419.jpg,11,11
2520372582_2591706419.jpg,1,1
2529710143_95948419.jpg,1,11
2596149949_2079627419.jpg,10,10
2738484447_3202166419.jpg,9,6
2847156627_91838419.jpg,6,6
3128060938_3107590419.jpg,9,9
3254308046_1542556419.jpg,13,13
3291868080_2111790419.jpg,9,9
33202628_1266691419.jpg,8,5
3375303961_2239982419.jpg,6,8
3446480796_3641888419.jpg,2,4
3485826623_2287094419.jpg,10,10
3656783554_774504419.jpg,12,11
3762508446_2993287419.jpg,6,6
4179082861_301775419.jpg,13,13
500465979_2704934419.jpg,1,1
508210058_2914887419.jpg,11,12
642649371_2972497419.jpg,12,7
828703735_2310678419.jpg,12,0
897246055_2083970419.jpg,10,10
981232146_1824647419.jpg,4,0
1065981329_337366420.jpg,7,7
1531642846_4040834420.jpg,7,6
1548969669_98096420.jpg,3,1
1577889751_3172148420.jpg,12,11
1669064799_838673420.jpg,9,9
1753573629_508745420.jpg,9,9
2017613901_4236872420.jpg,13,12
2024157539_2000330420.jpg,5,13
2036110322_1236914420.jpg,3,1
2095035473_1930836420.jpg,4,2
241052003_2496418420.jpg,6,6
2420311872_893898420.jpg,6,2
2682644944_1018327420.jpg,4,5
2847265582_1562121420.jpg,6,6
3110506793_464585420.jpg,7,7
3143643763_1508194420.jpg,12,12
3266006165_2420574420.jpg,13,12
3515324191_3901983420.jpg,3,1
3768302042_3359104420.jpg,13,13
3803055743_2298295420.jpg,4,2
3885285485_1130764420.jpg,0,5
3991678478_1502205420.jpg,6,6
4006039992_2786697420.jpg,3,0
4088900625_1295566420.jpg,12,0
4166253580_4291897420.jpg,0,13
4183431609_2666665420.jpg,6,2
68936790_2194099420.jpg,1,1
72328482_3400620420.jpg,6,8
928759390_3424347420.jpg,11,11
1004231646_3897086421.jpg,13,13
1194893487_79565421.jpg,9,9
1359913614_148791421.jpg,12,7
1486070451_3289172421.jpg,12,11
1578995993_3233632421.jpg,4,2
1690066160_2613589421.jpg,1,1
182229660_1534657421.jpg,5,5
2507826145_1658761421.jpg,12,12
2636126771_1196152421.jpg,11,11
2650324921_3772219421.jpg,12,12
2702273795_3609792421.jpg,6,6
2881136095_334979421.jpg,3,3
289129063_2994703421.jpg,3,1
2935550320_1834403421.jpg,2,2
2978139169_1834017421.jpg,11,11
3029813667_2053483421.jpg,5,5
3223426514_4190531421.jpg,10,2
3261108262_4143702421.jpg,2,2
3349680064_12662421.jpg,0,2
3447648627_3857183421.jpg,3,3
3505874482_4077153421.jpg,0,2
3664475532_2014874421.jpg,13,13
3675842497_3059624421.jpg,8,8
3876693818_1462230421.jpg,12,11
3916503302_3028267421.jpg,7,7
3975627961_544837421.jpg,3,11
4074701699_478981421.jpg,1,12
4135816900_672201421.jpg,8,8
439662810_2877838421.jpg,7,7
533165496_488030421.jpg,5,0
598258112_3471857421.jpg,11,0
739732666_934871421.jpg,1,1
1157240819_877126422.jpg,10,10
1456031767_2491654422.jpg,12,13
2071204674_1257163422.jpg,4,2
2296857827_180379422.jpg,1,1
2358458094_3756747422.jpg,12,12
2654329863_2462630422.jpg,2,2
2759467075_470417422.jpg,4,2
2863001951_36059422.jpg,6,6
2913024614_2607758422.jpg,2,11
2926688841_3854515422.jpg,2,2
3103913909_1728060422.jpg,10,10
3440635102_3304579422.jpg,13,2
4014295588_3315254422.jpg,11,11
4099030102_3190487422.jpg,0,3
1101576176_2560554423.jpg,10,10
123347984_924046423.jpg,8,8
1373359945_2364513423.jpg,12,12
1376729254_2925095423.jpg,5,2
1459305133_2759585423.jpg,12,12
1534812519_1835246423.jpg,5,5
1747889210_565788423.jpg,5,5
1830264219_2779996423.jpg,10,10
1915350144_3334429423.jpg,6,1
2055486734_479250423.jpg,0,0
2201721370_3231349423.jpg,2,4
2525221385_2672286423.jpg,0,11
2589597961_3065541423.jpg,3,11
2595584655_3477237423.jpg,6,6
2684556811_2966097423.jpg,10,10
2999386384_2761504423.jpg,5,5
3867883522_3002055423.jpg,9,9
587235879_591885423.jpg,10,10
857637931_411308423.jpg,10,10
936666628_492616423.jpg,12,12
1159566239_2306789424.jpg,8,8
1311799303_1518134424.jpg,3,3
145948601_1296398424.jpg,3,1
1748039248_3046558424.jpg,1,2
175674166_995154424.jpg,1,0
2350971972_2849601424.jpg,1,1
2494751018_4147064424.jpg,1,1
2755162018_2780735424.jpg,13,13
3248214606_954907424.jpg,3,3
3346134278_2419094424.jpg,11,0
372750192_3745533424.jpg,6,5
3819996860_1596625424.jpg,8,6
3955411516_3842934424.jpg,13,13
4098383080_912374424.jpg,6,6
4226601726_387936424.jpg,13,13
477117824_2845692424.jpg,0,0
573949472_3010075424.jpg,1,1
594251554_2956376424.jpg,3,1
736678437_3732212424.jpg,12,12
763632087_1166689424.jpg,7,7
770683628_1852031424.jpg,7,7
966182634_1947753424.jpg,12,7
1012492155_1063472425.jpg,5,5
1305660822_855908425.jpg,11,7
1399587229_325375425.jpg,7,7
1407249564_1279488425.jpg,6,6
1522482622_4264221425.jpg,0,0
1795774866_1416300425.jpg,3,3
2006759327_1524857425.jpg,13,13
2046871307_329099425.jpg,7,1
2591040692_1489919425.jpg,0,0
2598417100_302286425.jpg,11,11
2910949880_4157907425.jpg,5,5
3166883495_1002395425.jpg,5,6
3209680140_440072425.jpg,8,8
3422464547_2934741425.jpg,11,10
3441176713_121458425.jpg,10,10
3530109875_3246286425.jpg,3,0
3538485813_3258799425.jpg,11,11
3547195000_3710685425.jpg,8,12
3561078331_2194211425.jpg,4,0
3657790757_4037920425.jpg,1,1
4029603485_1736529425.jpg,11,11
4060173791_2902111425.jpg,1,0
4155962345_1968267425.jpg,1,7
4287266540_1397665425.jpg,3,3
50841298_3233835425.jpg,3,3
658335896_3057355425.jpg,1,1
683072790_953885425.jpg,10,10
724601904_3384092425.jpg,4,2
863416479_779383425.jpg,7,7
892112913_4059440425.jpg,1,1
1229950428_638951426.jpg,3,11
1321256837_425666426.jpg,13,11
1413786305_1566888426.jpg,10,10
1821038257_2078197426.jpg,5,7
1987960316_3027842426.jpg,2,10
1989672940_28153426.jpg,11,11
2019212318_2307347426.jpg,5,5
2092193052_1781734426.jpg,5,7
209783598_1245281426.jpg,9,9
2107514664_3048918426.jpg,0,0
216970442_3227178426.jpg,9,9
2259053066_1352074426.jpg,11,11
22609703_650399426.jpg,3,1
2517846858_650919426.jpg,13,13
2623777437_3736855426.jpg,9,9
3012432664_3127291426.jpg,10,10
3154607245_3062147426.jpg,13,13
3411361266_792146426.jpg,9,9
367455252_3256230426.jpg,6,6
3730002243_335393426.jpg,8,1
3888397821_717420426.jpg,13,13
3920516692_1800706426.jpg,3,3
398589530_3377755426.jpg,1,1
4098934178_1005554426.jpg,3,1
77314302_2115961426.jpg,9,9
1497017475_4156290427.jpg,4,0
191567313_32273427.jpg,9,9
2009972214_1862103427.jpg,13,13
2413756882_3178860427.jpg,0,0
2662282596_1681718427.jpg,11,11
2821564216_3134466427.jpg,8,8
2857772319_3948348427.jpg,13,13
2908096523_4234833427.jpg,5,5
3363582556_2472726427.jpg,11,2
3562627311_3578165427.jpg,6,9
3826660679_2369000427.jpg,8,6
3940625910_1366809427.jpg,5,9
397471524_2912780427.jpg,4,2
4263532937_3481975427.jpg,0,7
472495902_91672427.jpg,9,9
679817476_357442427.jpg,13,12
757581682_2221789427.jpg,1,1
84291751_1560554427.jpg,5,4
106331250_3744130428.jpg,3,3
1593070027_1509422428.jpg,9,6
1758038575_2902901428.jpg,1,1
1980820619_4213709428.jpg,8,7
2005193904_275669428.jpg,13,13
2025774811_2489534428.jpg,6,6
2190334200_4164541428.jpg,7,7
2304842614_147036428.jpg,2,4
2323074644_2254414428.jpg,8,8
2398355713_1738024428.jpg,11,11
2485182412_3088398428.jpg,12,1
2913955749_1578124428.jpg,0,2
2985427940_3167134428.jpg,4,2
3207228706_559306428.jpg,9,9
3317621666_2942083428.jpg,2,2
3452365820_2780951428.jpg,1,1
362482742_3655438428.jpg,10,10
3707692235_2674141428.jpg,13,13
3967874972_612558428.jpg,8,8
497179932_1283181428.jpg,11,11
70618972_3804012428.jpg,4,2
718221756_3409151428.jpg,5,5
766039503_3054948428.jpg,3,3
799752089_3198147428.jpg,5,5
876051706_4021687428.jpg,13,13
887755607_4080898428.jpg,3,3
962135314_3822201428.jpg,11,9
1013031508_2772885429.jpg,0,0
1073911881_1729720429.jpg,11,11
1099635491_355242429.jpg,10,10
1444399427_25543429.jpg,9,9
2058141115_2274960429.jpg,13,13
2222447788_4212100429.jpg,9,12
2386591676_746684429.jpg,1,1
2405910684_2353066429.jpg,3,0
2464896328_3126668429.jpg,3,1
2494512560_1316529429.jpg,11,0
2823152699_2778219429.jpg,2,11
3017069815_459507429.jpg,8,6
3078476223_3982314429.jpg,5,12
3207252910_4055802429.jpg,10,10
371331873_3738935429.jpg,5,5
3768896776_3325736429.jpg,3,11
3869230085_3754658429.jpg,1,1
3969006969_3172024429.jpg,3,11
4038892113_1216988429.jpg,11,2
4054694462_2302536429.jpg,4,2
4150411606_3103104429.jpg,8,8
117747843_2470428430.jpg,1,1
1189946656_128202430.jpg,9,9
1315583908_1886189430.jpg,10,10
1577371608_1951341430.jpg,0,0
2124730268_1557333430.jpg,1,1
2229751631_1140914430.jpg,7,7
24063554_2759316430.jpg,3,1
2724426600_2227441430.jpg,3,3
2840713004_992283430.jpg,8,8
2900755014_565174430.jpg,11,0
3083082079_2519444430.jpg,6,6
3261820468_1450840430.jpg,3,3
330834156_2608862430.jpg,1,1
3309070764_2307677430.jpg,9,9
3441332691_1218668430.jpg,3,3
395483480_60354430.jpg,3,0
3981069930_3861065430.jpg,8,8
4280318023_45931430.jpg,10,10
65637485_1528249430.jpg,7,1
706961822_1222434430.jpg,5,7
724552090_3141220430.jpg,1,1
760520583_47372430.jpg,10,10
905480169_2950865430.jpg,12,12
1355915421_1472317431.jpg,4,3
1364809809_1732193431.jpg,11,11
1413552124_72963431.jpg,8,12
1576700185_328715431.jpg,7,7
1657493641_3664092431.jpg,3,3
1780969508_1635160431.jpg,11,11
1994344575_3058191431.jpg,8,8
2175275933_1696538431.jpg,5,5
2395327520_1610097431.jpg,3,1
2450184517_3021998431.jpg,9,9
2582263460_2978340431.jpg,10,10
2607529669_1164928431.jpg,3,0
2736303179_3733793431.jpg,12,12
276324209_3346731431.jpg,5,5
2853741510_3436963431.jpg,4,2
2893432075_2299021431.jpg,11,4
2952191112_2527886431.jpg,12,12
3526720408_2346594431.jpg,4,4
3534066353_2290260431.jpg,2,0
3636702294_2019064431.jpg,10,10
392327862_3742576431.jpg,8,8
3980483562_1301995431.jpg,5,5
3993935175_1102400431.jpg,12,11
4169068022_1986497431.jpg,13,12
4172279955_1459777431.jpg,8,0
4290917479_3108272431.jpg,7,6
815727282_1358288431.jpg,6,6
957087295_2542947431.jpg,13,13
1074673849_1492788432.jpg,9,6
1101460882_1219926432.jpg,3,0
1146585600_1546142432.jpg,11,11
1727974532_4213415432.jpg,0,0
1767898213_382961432.jpg,10,10
2159161310_1888134432.jpg,6,6
2183945501_525222432.jpg,13,13
2275523256_226706432.jpg,11,11
2294584905_2864165432.jpg,0,0
2312948667_1917249432.jpg,1,1
2472557199_2147406432.jpg,4,4
2913990876_2519432432.jpg,9,6
3150866942_3605804432.jpg,12,11
3323009479_2024851432.jpg,9,9
3508306390_30892432.jpg,4,2
3513611659_46802432.jpg,0,2
3583735899_1465696432.jpg,11,11
3588596398_3368914432.jpg,6,8
3729781132_2940472432.jpg,10,10
3840075723_2078597432.jpg,4,2
4274592043_391631432.jpg,5,5
755228042_3129203432.jpg,6,7
947526335_1362232432.jpg,12,12
964387829_3588791432.jpg,12,12
105866573_1483369433.jpg,8,8
1110796061_3019349433.jpg,10,10
1392024524_3982698433.jpg,7,9
146835502_2684537433.jpg,1,1
1543566636_3448541433.jpg,1,1
171787247_2670428433.jpg,2,0
2201998225_2911083433.jpg,5,13
222494940_3003530433.jpg,1,1
2385986237_3925392433.jpg,8,12
25021584_3247935433.jpg,9,6
3151881387_3854589433.jpg,4,2
3196095224_3084809433.jpg,13,13
3459062225_3067660433.jpg,13,13
3878940113_2055021433.jpg,5,5
4029936412_1533107433.jpg,5,5
436806070_3295889433.jpg,1,1
512210020_3011654433.jpg,4,2
583786402_1129256433.jpg,6,7
735223162_1501331433.jpg,1,1
1085339142_646215434.jpg,5,5
1100811318_2445301434.jpg,5,5
1128354206_107134434.jpg,0,11
1279983903_341607434.jpg,9,9
1566012274_359205434.jpg,5,5
1627628021_1939766434.jpg,11,11
1863612963_1625961434.jpg,12,11
2720201390_652398434.jpg,13,13
2721340130_2483732434.jpg,13,13
2758815122_3049589434.jpg,1,11
2776026476_3199571434.jpg,13,13
2837883563_2514636434.jpg,5,5
2880593176_3376909434.jpg,13,12
2887378882_373339434.jpg,2,2
3057201184_895988434.jpg,5,12
3272884583_3482761434.jpg,3,0
3467400310_350233434.jpg,7,11
3482733719_3892422434.jpg,1,1
3498775368_947853434.jpg,10,10
3553077627_1925845434.jpg,6,8
3636446282_2439323434.jpg,0,0
3825236169_1162433434.jpg,12,13
3857179820_2570845434.jpg,8,6
4181653988_3564587434.jpg,12,12
59866846_188723434.jpg,6,7
864637228_2745197434.jpg,9,9
1060032443_370087435.jpg,11,11
1488801496_1438194435.jpg,8,8
1507019698_2319452435.jpg,7,7
1853240769_4145481435.jpg,1,1
2099443503_3951173435.jpg,10,10
2275219101_2450972435.jpg,1,3
2325730529_1575128435.jpg,0,0
2417425194_1633034435.jpg,4,2
2496086046_3264325435.jpg,10,10
2683626458_2809330435.jpg,11,3
2811219793_1279013435.jpg,3,11
282710000_10329435.jpg,0,5
3113731030_4183636435.jpg,6,6
3871282966_1193251435.jpg,12,13
3892814258_1982459435.jpg,4,2
3939344641_2593711435.jpg,13,13
3982162000_14371435.jpg,7,6
4007666140_618217435.jpg,12,11
4084560889_2517040435.jpg,1,7
4153698442_3988200435.jpg,3,1
4199078619_590168435.jpg,3,3
48327922_1716715435.jpg,12,12
583931736_3803321435.jpg,1,1
856293421_3453948435.jpg,6,6
1028776519_1944865436.jpg,7,7
1062405644_632360436.jpg,8,8
1070543173_525836436.jpg,7,7
132597065_1131662436.jpg,6,6
1562869727_2270442436.jpg,13,13
1573403841_2328425436.jpg,1,1
1673293790_3457076436.jpg,1,1
183649730_313794436.jpg,9,9
1864409598_3284446436.jpg,6,8
1869284196_3365655436.jpg,3,3
19902780_1865446436.jpg,5,5
2208934618_448990436.jpg,0,0
2287643145_2908288436.jpg,0,0
2471793169_939896436.jpg,11,11
2527353024_3509681436.jpg,5,2
2907622488_85316436.jpg,7,6
2940692858_967794436.jpg,13,11
3172370230_2090338436.jpg,6,6
3197102824_1073702436.jpg,10,10
3202332779_2632976436.jpg,10,11
3607476491_2512154436.jpg,6,8
3639223855_3148670436.jpg,10,10
414430126_1809504436.jpg,9,9
4226159852_999896436.jpg,8,8
628567177_560266436.jpg,10,10
67878289_2809184436.jpg,2,4
778647249_3177621436.jpg,8,12
842780278_3653951436.jpg,0,0
1289342315_67179437.jpg,10,10
1322224370_398003437.jpg,10,10
1397789401_1724913437.jpg,1,1
169655784_3300609437.jpg,11,11
174236976_759238437.jpg,4,2
1859108476_3430252437.jpg,4,0
1982355999_814958437.jpg,0,0
2415730633_641558437.jpg,0,0
2678048734_2019003437.jpg,0,0
301687101_3145334437.jpg,5,5
3040002023_1657853437.jpg,4,0
3239164169_596794437.jpg,8,7
3494397844_958436437.jpg,1,1
349950615_3611267437.jpg,2,2
3514735910_114923437.jpg,9,9
360109794_1523437.jpg,13,13
3796373599_952749437.jpg,13,13
460165642_3031801437.jpg,3,0
469656475_2563392437.jpg,12,12
513506609_683404437.jpg,12,12
718916983_465512437.jpg,8,6
825490478_1598413437.jpg,3,11
863442739_2683947437.jpg,4,2
1133347145_2760883438.jpg,8,8
1155035256_3164896438.jpg,3,3
1202930530_2183420438.jpg,8,6
1592003932_2593693438.jpg,5,5
1994599438_46879438.jpg,9,9
2280535070_4238488438.jpg,2,4
306956821_1998865438.jpg,9,9
3286055834_2740990438.jpg,0,1
3400354653_577383438.jpg,2,4
3428892856_2236884438.jpg,10,10
3454046473_3089906438.jpg,5,5
4152879991_1507305438.jpg,9,9
4163976181_439426438.jpg,7,7
4182601269_2497687438.jpg,11,11
4228313223_3831928438.jpg,3,3
4258942815_3918175438.jpg,5,5
4270055137_1333181438.jpg,8,7
439192104_4057789438.jpg,6,7
44441533_2688297438.jpg,10,10
805316519_1979450438.jpg,13,12
1271441754_1556838439.jpg,0,0
1822015023_2341989439.jpg,10,10
2054490851_149992439.jpg,8,6
2498968454_3514655439.jpg,13,13
2728958592_1557099439.jpg,0,0
2782720954_1856330439.jpg,0,0
296006475_1581848439.jpg,9,9
2991695993_592779439.jpg,5,5
31207332_1889379439.jpg,11,11
3164202656_1943570439.jpg,5,5
3394415293_3139672439.jpg,10,10
3849688528_3985709439.jpg,13,12
4024463453_2027399439.jpg,10,10
579480612_2556560439.jpg,11,0
684355673_195874439.jpg,12,12
870155501_3367356439.jpg,10,10
879086152_3634332439.jpg,13,0
985788936_3769017439.jpg,7,0
1140840505_1515325440.jpg,5,5
1377032221_1366105440.jpg,5,5
1411140599_3162664440.jpg,3,3
1488507020_1892217440.jpg,1,1
1529362063_1710081440.jpg,2,4
2064058421_3072720440.jpg,12,12
2464147445_2897743440.jpg,11,11
2670123108_3457252440.jpg,7,7
2868389331_3841133440.jpg,8,8
2883461490_436319440.jpg,2,2
2904986476_996441440.jpg,1,1
2925110651_1386567440.jpg,9,9
2962552819_2671666440.jpg,0,0
3189442539_2542217440.jpg,5,5
324122714_4132305440.jpg,4,2
339333554_3889029440.jpg,3,11
355185529_2059403440.jpg,0,0
3740049773_549922440.jpg,1,1
3845933337_1256970440.jpg,0,13
3950165272_790373440.jpg,3,1
4284261420_2702777440.jpg,13,13
4288028993_2622524440.jpg,3,3
452516122_953903440.jpg,10,10
471613002_2343631440.jpg,5,5
87625248_2763419440.jpg,11,11
1227433585_4209256441.jpg,13,13
1239052430_2325325441.jpg,8,8
1363643015_382001441.jpg,8,8
1426551277_1990763441.jpg,11,11
1478853099_928749441.jpg,8,8
1547497600_2414858441.jpg,6,6
1550772305_227624441.jpg,12,12
1722876578_1918401441.jpg,8,0
1897134366_1043504441.jpg,3,7
1918724566_120440441.jpg,10,1
2126870451_2690760441.jpg,7,6
2206072761_3953369441.jpg,9,9
2376408699_1922200441.jpg,9,9
2378780946_3712129441.jpg,8,8
2507354680_1227617441.jpg,12,0
2920640685_2519156441.jpg,0,0
305518861_3019112441.jpg,13,12
3392989191_2616939441.jpg,12,0
3693957157_3220244441.jpg,4,2
4126211340_1685297441.jpg,10,10
4166416993_2125478441.jpg,8,6
555991113_3715854441.jpg,0,0
938261484_3032512441.jpg,11,11
1002947331_1800446442.jpg,3,1
1049014162_59724442.jpg,5,5
1115827118_267081442.jpg,13,13
11628380_4235251442.jpg,2,2
1186352245_2246846442.jpg,2,2
1406196413_1398055442.jpg,5,5
1415802193_3526810442.jpg,12,11
150404071_332215442.jpg,5,2
1814816152_1392908442.jpg,5,5
2013151710_573044442.jpg,8,8
2194925205_2569660442.jpg,2,2
2806473971_464885442.jpg,13,4
2945443962_846855442.jpg,5,5
3177526486_1472113442.jpg,3,3
3378598405_1473492442.jpg,3,3
3416155202_2387320442.jpg,2,2
3950859896_1684141442.jpg,11,11
3958245603_386512442.jpg,7,8
3994903175_180465442.jpg,1,1
4071358001_2390489442.jpg,0,0
1033906612_2324871443.jpg,7,7
1548167371_1097874443.jpg,10,10
1770887718_1507167443.jpg,6,7
2025761850_601143443.jpg,11,0
2479497511_4026757443.jpg,9,9
2574203437_2785947443.jpg,2,4
2671611007_2064273443.jpg,10,10
2742369757_1918781443.jpg,6,6
2748963708_1920033443.jpg,8,7
3170025784_453622443.jpg,13,13
3640637070_50011443.jpg,13,13
3791026915_2510060443.jpg,5,2
3794753984_930390443.jpg,2,0
3839489273_2478248443.jpg,12,0
3986330117_4207766443.jpg,9,9
401586636_2668209443.jpg,0,0
4018295211_133044443.jpg,2,2
4250443320_1550551443.jpg,13,0
687765686_3140449443.jpg,1,1
694211411_2255365443.jpg,6,11
699870906_2611599443.jpg,4,2
748503914_4175670443.jpg,3,11
996220216_1360404443.jpg,9,9
1146952286_1690869444.jpg,7,12
1716809587_3517089444.jpg,6,8
1980186997_1411179444.jpg,1,1
2103893788_2288571444.jpg,5,5
2204720035_1368545444.jpg,1,1
2420448466_1161446444.jpg,3,3
2437520249_3128085444.jpg,5,5
243843491_3835629444.jpg,8,8
2458881861_3646624444.jpg,8,8
2735225282_1054830444.jpg,3,0
2770262711_1534053444.jpg,12,13
3313862989_3908626444.jpg,12,11
3460287367_108808444.jpg,13,13
3518547986_1155131444.jpg,4,0
394467129_1529110444.jpg,6,6
801480338_3046545444.jpg,8,8
946725443_2062773444.jpg,2,4
134695068_358176445.jpg,0,0
154533813_2435378445.jpg,4,2
161159317_3746338445.jpg,6,6
1703024814_3652425445.jpg,6,6
1726942933_2985118445.jpg,6,6
1784034262_4194128445.jpg,7,7
1903467938_546920445.jpg,4,11
2238583432_2759065445.jpg,4,2
2286249478_1209692445.jpg,12,11
2418968934_2041306445.jpg,6,8
3411289652_2751379445.jpg,1,1
3768669008_3319942445.jpg,6,8
4244707789_2378084445.jpg,10,10
627315561_2863523445.jpg,2,12
847512907_3480965445.jpg,8,8
944104641_1649495445.jpg,11,11
983339007_2866440445.jpg,3,3
1604053766_705549446.jpg,12,12
1791579058_977916446.jpg,7,7
1827294162_1595558446.jpg,1,1
1912516556_1601592446.jpg,11,11
2090519379_3501266446.jpg,8,7
2198318412_3642206446.jpg,4,0
2406529966_1068202446.jpg,6,9
2465553534_3927559446.jpg,9,6
2640819354_2153788446.jpg,3,11
2699379091_1501176446.jpg,7,7
2725583712_3315512446.jpg,3,2
2749132421_228844446.jpg,3,0
2758772403_3478511446.jpg,12,0
27982060_2679458446.jpg,3,3
2842633005_2232371446.jpg,9,9
291930361_1764252446.jpg,4,5
3062697501_3869383446.jpg,1,1
3074970678_2113214446.jpg,7,7
3405824417_4145990446.jpg,0,2
3542016516_687050446.jpg,12,13
3633536441_1427919446.jpg,9,9
3679001497_112350446.jpg,7,7
3699881365_3939987446.jpg,4,0
3762061314_1954414446.jpg,12,11
3847971177_2682361446.jpg,10,10
4089743999_2124192446.jpg,8,8
4246958508_3805440446.jpg,3,3
4290661770_2446080446.jpg,4,2
705631457_1175786446.jpg,2,2
949750085_2200248446.jpg,1,1
983849619_667315446.jpg,3,3
1534316720_1474780447.jpg,9,9
187083988_4261699447.jpg,11,11
2182903379_2601707447.jpg,1,1
2226442919_3493726447.jpg,1,1
2382973373_2585283447.jpg,8,7
2463278783_614197447.jpg,8,7
2721030553_1919363447.jpg,12,11
2789116826_1222529447.jpg,9,7
2886073697_3614453447.jpg,9,7
2953089663_3944390447.jpg,9,9
3053352178_667743447.jpg,3,3
3146402476_1288506447.jpg,9,9
3236536133_235839447.jpg,0,11
3252558881_2889675447.jpg,2,4
3562202090_4101632447.jpg,9,9
3692405461_1969245447.jpg,11,11
375542767_510676447.jpg,10,10
3967800767_1999927447.jpg,1,1
571411450_2540502447.jpg,5,5
786068461_2156245447.jpg,10,10
869743908_687047447.jpg,5,0
1063225873_2452769448.jpg,3,3
1118073486_1878828448.jpg,13,10
1321122180_2411818448.jpg,9,6
137217740_4084735448.jpg,4,2
1414165255_2685359448.jpg,3,3
1511787060_3141641448.jpg,3,3
1518072129_1616633448.jpg,1,1
1741696405_4162145448.jpg,8,8
179432966_1011565448.jpg,7,6
186944577_3959632448.jpg,13,13
1893841846_3915606448.jpg,5,5
2342660189_2588027448.jpg,13,0
2385232192_3346456448.jpg,1,1
2610945183_2378532448.jpg,11,11
264883060_197343448.jpg,4,2
2691265814_3422949448.jpg,0,0
2817884996_1824727448.jpg,5,5
2918972743_2937192448.jpg,3,0
3136093440_4126042448.jpg,11,11
3291745459_68687448.jpg,9,9
352370315_2758969448.jpg,11,11
4138629152_3022934448.jpg,8,7
4168559969_1274162448.jpg,9,9
536901169_4059968448.jpg,8,7
1008515059_2111140449.jpg,4,4
1018985391_3372476449.jpg,0,0
1638361869_1571539449.jpg,9,9
1757326211_2662561449.jpg,5,7
1893185863_3139780449.jpg,12,2
1967685551_3528424449.jpg,0,11
1971692838_353856449.jpg,10,10
22288914_1303768449.jpg,0,0
2259152732_1458098449.jpg,0,0
2269687295_2904908449.jpg,5,5
2987111629_3716934449.jpg,6,6
3055192745_3292921449.jpg,5,5
3344287436_2402721449.jpg,3,1
3374110656_3704066449.jpg,6,6
3409609003_2190273449.jpg,3,3
3435009649_1151954449.jpg,12,11
3846976351_3726000449.jpg,5,5
3869421712_3196753449.jpg,13,13
3899313144_19988449.jpg,3,3
3990319467_3788139449.jpg,8,8
4037518097_2764104449.jpg,8,8
431105184_3642980449.jpg,9,9
518027270_802030449.jpg,3,3
830891497_770377449.jpg,5,5
1035328225_2134433450.jpg,12,12
1150460741_2284022450.jpg,4,2
1381917249_3391731450.jpg,9,9
141081332_4006003450.jpg,3,1
1563767139_1369159450.jpg,7,7
1563877203_1090879450.jpg,11,11
1736485982_1400041450.jpg,10,10
1833538384_1167589450.jpg,0,0
2026470448_4172360450.jpg,12,2
2105796124_2104952450.jpg,10,10
2330790015_2065234450.jpg,13,13
2356729803_3662832450.jpg,8,12
3283214674_2017994450.jpg,1,1
3457144560_3332319450.jpg,11,0
3524932065_2624971450.jpg,12,11
3548900664_2152225450.jpg,2,2
3715002621_1058147450.jpg,8,8
383176654_2366882450.jpg,10,10
4020811578_3885415450.jpg,13,13
4155700499_2941009450.jpg,5,5
4206821507_1682335450.jpg,11,11
4215566550_2354932450.jpg,1,1
556529963_2247952450.jpg,13,7
602337455_1005162450.jpg,5,5
1187299875_3664252451.jpg,12,0
1206529569_427668451.jpg,12,0
131563673_1106956451.jpg,10,10
1403109774_4083783451.jpg,9,9
1490846567_218731451.jpg,1,11
1600294398_1369088451.jpg,3,0
1603305143_3594648451.jpg,7,1
1840474996_3858184451.jpg,11,11
2129918009_1672119451.jpg,10,10
2555759128_1550200451.jpg,1,0
2702119635_1853414451.jpg,4,0
2925779589_3620649451.jpg,7,1
3115506507_3146067451.jpg,1,1
3129076623_1465516451.jpg,4,0
3280820690_496896451.jpg,0,2
3290442901_3124803451.jpg,9,9
3782560705_283154451.jpg,0,0
3806484983_3094001451.jpg,5,5
382217796_3694087451.jpg,10,10
4109983316_3507399451.jpg,4,2
4286615262_353227451.jpg,6,6
481972919_333112451.jpg,11,11
491435981_3639874451.jpg,5,5
510957420_329312451.jpg,8,6
54784323_4283101451.jpg,0,0
613011522_3716345451.jpg,5,5
753581366_370257451.jpg,4,2
13415621_2559811452.jpg,12,12
1440448510_2867724452.jpg,3,3
1932866740_1202099452.jpg,12,12
2062910124_2182804452.jpg,7,7
2072023721_1067317452.jpg,10,10
2276904212_2871947452.jpg,12,12
265027874_1641756452.jpg,8,6
293347255_3369418452.jpg,8,12
3009132572_4118993452.jpg,12,0
3096259904_682427452.jpg,13,13
3238711531_3903467452.jpg,9,9
3644654901_1020455452.jpg,8,8
3650267090_361176452.jpg,10,10
3668938690_4150994452.jpg,12,11
381049488_2579716452.jpg,13,13
3957287880_4006884452.jpg,13,13
4003116495_3398182452.jpg,2,4
4039400859_1003429452.jpg,2,2
420328368_200800452.jpg,4,0
719411335_2148138452.jpg,9,9
821422077_3590114452.jpg,9,9
1086661582_485649453.jpg,13,13
1454778097_502542453.jpg,3,3
1620360704_3439723453.jpg,11,11
1684260721_3228271453.jpg,1,1
1995101986_967821453.jpg,6,6
2575880044_1108608453.jpg,6,6
2582913441_1430955453.jpg,8,8
2653974596_3949142453.jpg,8,12
2713806574_1734383453.jpg,5,5
2966958869_1867128453.jpg,5,5
2979166438_3805523453.jpg,11,12
3014681094_2243838453.jpg,8,6
3047137196_2914229453.jpg,13,13
3077541042_2435512453.jpg,9,9
3219359261_892575453.jpg,7,7
3239120745_1839743453.jpg,11,11
3353024360_2313618453.jpg,12,12
3450803829_2667471453.jpg,1,1
3477700976_3145211453.jpg,0,0
3481614552_3478018453.jpg,12,0
3548943542_3791940453.jpg,2,2
3610372692_3074526453.jpg,1,1
3627433515_1219713453.jpg,4,2
3804488353_1213868453.jpg,4,3
3887271158_387058453.jpg,8,8
3921626763_3330122453.jpg,3,3
3923311123_3455838453.jpg,3,3
3932139514_2023540453.jpg,13,13
4052644063_753683453.jpg,3,0
4283491823_1964303453.jpg,1,1
536830412_2569745453.jpg,12,11
1250337805_139578454.jpg,0,0
1401464_1189418454.jpg,10,10
1406563327_2142746454.jpg,12,12
1420553573_881539454.jpg,7,7
195073026_3468167454.jpg,9,9
206724590_774036454.jpg,11,11
2490668445_743348454.jpg,13,13
2519642889_1448824454.jpg,2,11
2940082977_3213562454.jpg,3,0
2966844875_743381454.jpg,8,8
3072675400_90435454.jpg,13,12
310815063_3037571454.jpg,9,9
3182348818_2958320454.jpg,11,3
33123263_2553405454.jpg,13,13
3349894599_382879454.jpg,1,1
3570280120_2762001454.jpg,12,12
3769486293_154119454.jpg,6,6
402790867_1584948454.jpg,9,9
4224142790_1633441454.jpg,10,10
461616059_1341793454.jpg,12,12
703485045_1475808454.jpg,9,9
805804317_2782862454.jpg,9,9
1075630368_88906455.jpg,12,1
1264219391_329764455.jpg,3,3
1530515892_2614463455.jpg,11,2
1706855886_2699209455.jpg,8,8
1735401903_2853490455.jpg,8,8
1777257954_1201504455.jpg,1,1
1779771766_4089040455.jpg,11,0
1925324853_2048673455.jpg,12,2
1952261166_2556437455.jpg,8,6
2071342161_1192059455.jpg,12,12
212475305_175784455.jpg,3,0
2132167919_3502150455.jpg,9,7
2162013835_222241455.jpg,12,12
2319349053_842801455.jpg,2,13
2490016707_202748455.jpg,1,1
2600402154_1766511455.jpg,10,10
261010750_1016712455.jpg,4,2
3354170445_3533869455.jpg,8,8
3388357357_2963699455.jpg,10,10
3400479601_1560431455.jpg,1,1
342673768_2073974455.jpg,3,3
3533305200_3744834455.jpg,10,10
3649702563_4157294455.jpg,10,10
3721192813_2787126455.jpg,13,13
3816549054_489866455.jpg,12,12
3861576075_2557615455.jpg,5,5
3907347884_837900455.jpg,11,11
3941977541_3542363455.jpg,11,0
4039967884_1636855455.jpg,13,13
432558821_1737463455.jpg,0,0
698859879_3263960455.jpg,1,1
768856079_3829893455.jpg,2,2
1061775556_564015456.jpg,11,11
1061933394_305656456.jpg,12,11
1112163742_1603801456.jpg,2,13
1339267234_74232456.jpg,5,5
1399937666_2334018456.jpg,8,7
1567712436_3168013456.jpg,8,8
2024330018_2592865456.jpg,9,9
2065115691_548952456.jpg,0,4
207095665_3292942456.jpg,10,10
2103848383_1163223456.jpg,13,13
2340249458_2057301456.jpg,11,2
249888960_990611456.jpg,8,6
2651093280_464158456.jpg,13,12
2655596949_2892486456.jpg,2,2
2674757182_2933309456.jpg,13,13
2788699829_1614516456.jpg,5,0
2881930786_3546621456.jpg,10,10
2970464932_2298177456.jpg,8,7
3096150471_1286422456.jpg,2,5
3101539397_1629780456.jpg,9,9
3277935288_2082348456.jpg,3,3
3434461514_2945853456.jpg,11,11
345428975_262847456.jpg,13,13
3511436172_2075651456.jpg,7,7
3746388917_852233456.jpg,13,13
383182889_2711878456.jpg,9,6
3832766027_2399046456.jpg,8,12
4043507296_1517985456.jpg,9,9
4267459237_4025699456.jpg,8,8
438062111_3892611456.jpg,6,6
473910462_3575653456.jpg,8,8
498972370_354346456.jpg,6,6
719438936_2014456456.jpg,11,2
747387192_927397456.jpg,10,10
1081929588_3748003457.jpg,5,5
1105206129_2907982457.jpg,13,13
1389997491_4047090457.jpg,10,10
1882925606_2651905457.jpg,13,13
1973332635_1232848457.jpg,9,9
2170404781_2371341457.jpg,6,8
2240805621_2513097457.jpg,1,1
236888840_330905457.jpg,8,7
2387130328_2671973457.jpg,0,0
2474782636_2912040457.jpg,3,11
2561853223_319105457.jpg,3,12
3056038985_3231955457.jpg,8,8
3314841074_4255244457.jpg,0,11
353927704_42483457.jpg,13,13
3563875596_1221760457.jpg,9,9
3667427521_3134883457.jpg,3,3
3710076679_542976457.jpg,1,1
383349987_1983600457.jpg,6,6
398344657_2818078457.jpg,3,3
4115908283_1393720457.jpg,12,12
4118075817_761746457.jpg,9,9
4162981762_4001042457.jpg,11,6
4215716965_2693005457.jpg,5,5
457566546_2008975457.jpg,2,2
818594298_331007457.jpg,11,11
1361110434_1291819458.jpg,5,5
1388781043_2482248458.jpg,12,12
1604472333_4131362458.jpg,6,8
1649975022_3829119458.jpg,9,9
1985249496_1679138458.jpg,1,1
1986670084_2380128458.jpg,4,13
2016914737_813498458.jpg,1,1
2378023115_4269063458.jpg,11,11
2537083440_4146435458.jpg,13,13
2580071301_832534458.jpg,12,11
2596367233_264645458.jpg,0,0
264531115_4013341458.jpg,12,0
2678785250_3012755458.jpg,9,9
2693468007_3161601458.jpg,13,13
2861756365_1448052458.jpg,0,0
3027469203_672272458.jpg,13,13
3224530901_1301669458.jpg,2,2
3563472282_2443195458.jpg,12,12
3626869569_2784252458.jpg,3,3
3760919344_1876324458.jpg,2,1
4100870713_2727742458.jpg,12,12
4172750_2211901458.jpg,8,8
425081044_1660202458.jpg,12,0
584524632_3627873458.jpg,11,2
649710990_611325458.jpg,13,13
995622329_3142872458.jpg,4,2
1180492027_3183943459.jpg,5,5
1197618868_2370711459.jpg,12,12
1877512882_161770459.jpg,12,11
1988525631_104117459.jpg,6,7
2058292404_3225447459.jpg,9,9
2113398306_628936459.jpg,2,6
2230154198_3437276459.jpg,11,11
2320520698_445614459.jpg,8,12
2751745671_4029762459.jpg,11,11
3051833803_520028459.jpg,3,1
305624517_748592459.jpg,8,1
3099691221_999511459.jpg,3,11
3611148405_3181136459.jpg,11,11
3745976718_3599968459.jpg,10,10
3930595844_988296459.jpg,10,10
3965573229_2856659459.jpg,3,2
4270516315_812700459.jpg,10,1
549120051_2931059459.jpg,4,2
677470988_2307286459.jpg,0,0
744164977_1707094459.jpg,7,7
763043538_694555459.jpg,8,8
856487421_3343930459.jpg,10,10
1563097206_4163866460.jpg,9,9
1569873530_2342294460.jpg,6,6
1635396010_3588460460.jpg,10,10
1990838846_3415223460.jpg,3,3
217167785_1718583460.jpg,4,2
218213317_293190460.jpg,1,1
2281627029_3393366460.jpg,8,0
2349850801_2228119460.jpg,0,0
2690029070_794429460.jpg,9,9
2756622053_2387425460.jpg,13,13
2813936736_272689460.jpg,6,9
2942558645_3153661460.jpg,9,6
3107839272_1737152460.jpg,3,11
3201001633_3645179460.jpg,13,2
3374305591_608579460.jpg,0,0
3522358948_1001014460.jpg,7,7
357686233_3766790460.jpg,5,7
3768541009_1464617460.jpg,6,6
3967036958_256506460.jpg,2,4
4045240990_3905209460.jpg,10,10
4058164410_4011586460.jpg,6,8
541183480_3789102460.jpg,9,9
1056554230_753803461.jpg,13,13
1674927776_3694312461.jpg,13,4
1687886261_2257468461.jpg,3,12
1727590513_2614797461.jpg,5,5
2017326691_624645461.jpg,6,6
2225516415_3899588461.jpg,3,3
241527063_681899461.jpg,3,3
2430790511_362156461.jpg,3,11
2480819517_1782554461.jpg,4,2
2481591254_1490229461.jpg,8,12
2601254786_722475461.jpg,9,9
3040360118_2014374461.jpg,12,13
3091255572_181093461.jpg,10,2
3208375816_960282461.jpg,2,2
3231240750_495184461.jpg,7,7
3328813990_1392200461.jpg,8,8
3681324311_2517519461.jpg,3,3
3909368759_646849461.jpg,11,11
3939974748_3977323461.jpg,6,5
4070877825_2441651461.jpg,13,13
4280289160_4002684461.jpg,13,13
437021033_330616461.jpg,13,13
516622402_3956804461.jpg,3,3
691225955_3475865461.jpg,3,3
785522353_296656461.jpg,9,9
853875903_2294770461.jpg,13,13
876015490_957562461.jpg,8,8
1275501951_2569315462.jpg,13,13
1337074687_3000831462.jpg,11,11
1509273706_861240462.jpg,12,12
1611123421_1282307462.jpg,12,13
164445106_2893669462.jpg,10,10
1678669708_2108643462.jpg,5,5
1933852439_2690833462.jpg,8,8
1987174250_1247615462.jpg,11,11
2262551174_3548825462.jpg,13,13
2418250059_2614629462.jpg,1,1
2478019115_1523324462.jpg,8,6
2599564020_409841462.jpg,10,10
2734645313_1671414462.jpg,10,10
2742879626_3750780462.jpg,11,11
2946878300_4121328462.jpg,8,7
3135883365_832537462.jpg,12,11
3215249887_3895379462.jpg,10,10
3234153082_13760462.jpg,2,0
3377593900_3761203462.jpg,10,10
3671390680_3384209462.jpg,8,8
3682693695_2753840462.jpg,12,12
3857247775_3625329462.jpg,1,1
3883916676_2721674462.jpg,8,8
389563431_2290669462.jpg,10,10
549701965_1917137462.jpg,12,12
808056395_229107462.jpg,8,7
1179250556_1579959463.jpg,11,11
1189046223_3657004463.jpg,4,5
132137630_484815463.jpg,8,8
1434343063_1480704463.jpg,1,6
1500189955_2281490463.jpg,6,6
1525780323_4062445463.jpg,1,1
161125745_3088797463.jpg,11,11
1649010053_1800131463.jpg,13,13
167610328_2809687463.jpg,11,11
1698853338_3652871463.jpg,6,6
1953267958_2677675463.jpg,13,13
1955009983_479675463.jpg,0,13
2181581991_3154796463.jpg,0,0
2220561916_60544463.jpg,10,10
2542411729_639677463.jpg,2,4
2607063684_257026463.jpg,10,10
2741140449_1555370463.jpg,9,9
3216423940_578406463.jpg,1,1
3249406747_666964463.jpg,2,0
3332247914_757937463.jpg,12,11
361106599_1197041463.jpg,12,7
3629662118_4228993463.jpg,11,11
3905781301_530316463.jpg,5,6
4029553150_1824654463.jpg,12,12
508963553_1585124463.jpg,2,2
756837082_1376453463.jpg,3,3
94859726_965951463.jpg,3,1
1249259826_4274110464.jpg,3,11
1586655999_64496464.jpg,1,1
1796803947_614112464.jpg,13,13
2140517319_1485968464.jpg,4,2
2167628160_6013464.jpg,8,8
2278388759_219885464.jpg,13,6
2339810453_625898464.jpg,5,5
2625549637_1966488464.jpg,13,13
2737182233_1751966464.jpg,5,7
3203498499_1879069464.jpg,5,7
32150498_1415763464.jpg,9,9
3218367821_1301781464.jpg,9,9
33344869_1752118464.jpg,8,8
336705421_2074886464.jpg,6,8
3461790016_2762485464.jpg,13,12
3722129838_858474464.jpg,6,6
3945935218_108604464.jpg,3,3
3970848043_3193532464.jpg,4,4
4214572231_3759754464.jpg,8,6
4253349795_3261822464.jpg,13,13
507538534_2888020464.jpg,9,9
546808800_2264207464.jpg,12,12
559186593_725777464.jpg,8,6
582905918_1873204464.jpg,5,2
603381106_2339053464.jpg,3,1
687935838_1763931464.jpg,13,4
703384544_598777464.jpg,0,0
796917962_1877642464.jpg,12,11
889553214_3249981464.jpg,0,0
1174248403_2364737465.jpg,12,12
1288132031_1420472465.jpg,11,11
131021091_788486465.jpg,5,7
1327881546_868971465.jpg,4,5
1653926178_3795892465.jpg,12,12
1693727355_1259482465.jpg,1,1
1880190082_2903144465.jpg,13,13
2046135017_2699848465.jpg,1,1
2061075048_1264969465.jpg,10,10
2110616387_3462602465.jpg,9,9
2187659956_4116850465.jpg,1,1
2261323692_3032562465.jpg,3,0
2320245729_2217543465.jpg,4,2
299994708_1023915465.jpg,3,1
3137233810_4025824465.jpg,7,7
3151234401_3778709465.jpg,12,12
3194329465_2263785465.jpg,13,13
336079161_4045648465.jpg,3,1
3453210759_455471465.jpg,0,11
3461687422_3278304465.jpg,6,8
3683852665_422559465.jpg,13,13
387367898_1972539465.jpg,0,13
4013128476_2982089465.jpg,11,12
4102499969_259979465.jpg,8,12
4118038900_2223748465.jpg,1,1
4181399372_14830465.jpg,11,11
4213232288_305375465.jpg,8,7
429934034_2632208465.jpg,1,1
481275445_2799642465.jpg,1,11
760456213_4121637465.jpg,7,7
774440583_4034096465.jpg,9,9
851347369_455190465.jpg,3,3
1194581729_188426466.jpg,3,11
1231843489_3845579466.jpg,9,7
1546913073_2503377466.jpg,4,2
1569540088_4050492466.jpg,11,11
1663509761_206911466.jpg,2,4
1836023373_1240519466.jpg,9,9
2071351275_2762897466.jpg,8,6
2240399026_3716790466.jpg,4,4
2338965835_2055393466.jpg,9,9
2522038728_938087466.jpg,9,9
2770272485_1706401466.jpg,2,0
2966993157_1939044466.jpg,3,3
3344361375_1734208466.jpg,10,10
3380645490_2070885466.jpg,8,8
3469628383_753282466.jpg,3,3
3478822244_3195036466.jpg,4,2
3859737887_2485122466.jpg,0,2
407476369_1618490466.jpg,7,6
4158464040_2129125466.jpg,11,11
53756918_271568466.jpg,9,9
599677386_372359466.jpg,9,9
991513224_1518259466.jpg,4,2
122922035_3132796467.jpg,6,6
1256844089_3273455467.jpg,1,1
1290458581_2709498467.jpg,1,7
1482650789_1619735467.jpg,5,5
1744084492_2840506467.jpg,5,7
1806160067_2636452467.jpg,3,3
1812869237_1769096467.jpg,3,3
1988889956_1475450467.jpg,3,1
2018220752_1019079467.jpg,2,7
239830747_403194467.jpg,12,12
2617985499_1829339467.jpg,10,2
2635100579_265998467.jpg,5,5
299599927_1783238467.jpg,3,3
299895925_2191447467.jpg,3,3
323530001_945438467.jpg,11,11
3309829668_907528467.jpg,1,1
3336664957_3310276467.jpg,8,12
3453692994_854672467.jpg,8,8
3700814283_4003417467.jpg,6,6
3720706132_3192228467.jpg,4,2
3783831676_864940467.jpg,8,8
3940470634_4165234467.jpg,3,3
4240161527_2108453467.jpg,3,3
669320622_2771812467.jpg,5,5
675124464_3983206467.jpg,11,11
761970435_3104433467.jpg,8,12
924554139_3394654467.jpg,9,6
1055788655_4275366468.jpg,8,12
1274777496_3815728468.jpg,0,0
1382172404_1216957468.jpg,1,1
192378513_1946424468.jpg,12,12
1985180361_4109356468.jpg,9,11
2097705619_182513468.jpg,6,6
2378446085_2298052468.jpg,13,12
3015024967_1263599468.jpg,0,0
3559154679_2650979468.jpg,12,0
3576520389_3985703468.jpg,0,11
3584407305_1984582468.jpg,6,7
3764005675_2745385468.jpg,13,13
3869859566_1070901468.jpg,13,12
4007609516_472295468.jpg,0,1
4037952029_3060094468.jpg,9,9
4046031284_1363714468.jpg,12,0
4076746784_2549028468.jpg,0,5
4152880554_494658468.jpg,11,11
4153890611_897083468.jpg,8,7
514835726_126898468.jpg,6,9
547650229_4284416468.jpg,12,13
887798872_1308353468.jpg,4,2
89911463_151301468.jpg,13,13
913395390_2977450468.jpg,7,7
9693814_29591468.jpg,8,8
986323445_3106501468.jpg,8,6
1029977942_822373469.jpg,5,5
11683026_779853469.jpg,11,7
1386928069_154571469.jpg,5,5
141046508_1097545469.jpg,8,8
1513896144_283041469.jpg,1,1
1789128089_3298183469.jpg,0,0
2093659631_3850692469.jpg,1,0
21578384_1482947469.jpg,13,13
2371854962_1915167469.jpg,8,8
2530084064_4040683469.jpg,3,11
2613900307_2450282469.jpg,0,0
2664284855_3648882469.jpg,8,7
272492138_437223469.jpg,12,11
3047036731_726633469.jpg,7,11
3351077645_1352018469.jpg,9,9
3897324977_3899374469.jpg,1,1
4094958355_1624142469.jpg,12,12
4106827035_3920391469.jpg,13,0
4167450738_1421559469.jpg,8,6
682926302_262534469.jpg,5,5
1066698887_1624297470.jpg,1,11
1219562720_2595113470.jpg,6,6
1232527859_986433470.jpg,12,7
1267030366_1713650470.jpg,13,11
1389916243_3521678470.jpg,3,1
1582921529_3840178470.jpg,5,5
168137133_201240470.jpg,11,11
1791072071_889172470.jpg,5,5
179959486_2849646470.jpg,13,12
198105736_2430449470.jpg,8,6
2026856504_796625470.jpg,0,12
2296680970_4209032470.jpg,3,1
2300209891_3382602470.jpg,8,13
2323589226_1820272470.jpg,2,2
2352135907_3956992470.jpg,8,8
2422468982_3931587470.jpg,12,13
2451859405_3201723470.jpg,6,6
2485093252_2340437470.jpg,13,13
2542956700_401350470.jpg,12,2
3119372711_2869063470.jpg,11,11
3888182361_384428470.jpg,4,2
4195724529_3392645470.jpg,12,11
456837265_708803470.jpg,3,12
663761461_1983219470.jpg,0,0
683033175_1570838470.jpg,13,13
848186595_325484470.jpg,10,10
1062751360_1372126471.jpg,3,0
1204158481_4119364471.jpg,12,11
1251794772_2135784471.jpg,3,0
1478190897_3370228471.jpg,13,13
150670062_1400728471.jpg,12,11
1751292905_4001457471.jpg,11,11
1770742842_342176471.jpg,8,8
2346552496_1770263471.jpg,9,9
2505092811_2856917471.jpg,12,11
2533386765_1441484471.jpg,12,12
2546348992_913455471.jpg,3,1
2606531493_1864195471.jpg,0,0
2680043745_3948918471.jpg,1,1
3212101129_2394428471.jpg,1,1
3498680545_3455575471.jpg,9,9
3908413943_664701471.jpg,12,12
4051240336_1613353471.jpg,1,1
4194440488_4130463471.jpg,1,2
458764680_4181102471.jpg,9,9
498077421_3543618471.jpg,9,7
1026615614_615564472.jpg,10,10
1175113083_619156472.jpg,11,11
1422171395_2625240472.jpg,5,5
1449548637_121562472.jpg,9,7
1548207072_235049472.jpg,10,10
1719445399_3410842472.jpg,13,13
1730545647_1305143472.jpg,0,0
1813248623_1209924472.jpg,3,3
1878452915_1642344472.jpg,0,0
1937263596_3219581472.jpg,9,9
1956081311_2027125472.jpg,4,4
205732603_2425456472.jpg,7,6
238930593_1977200472.jpg,6,6
239769811_615456472.jpg,3,3
242416140_3630029472.jpg,1,0
26121634_2329119472.jpg,11,12
2795032226_817354472.jpg,4,2
2824595366_3160616472.jpg,8,6
2846905247_1841083472.jpg,4,2
302542790_2349257472.jpg,7,7
3289285230_904522472.jpg,2,0
367728490_1729932472.jpg,11,11
4055096090_4088981472.jpg,8,7
419722348_3570087472.jpg,10,10
461080455_1615067472.jpg,10,10
465093383_2532309472.jpg,8,8
633610351_2227120472.jpg,12,11
76075807_3231397472.jpg,11,11
1222366246_885961473.jpg,0,0
1303188595_599735473.jpg,9,9
1307686889_3181955473.jpg,3,3
1572877591_2754631473.jpg,8,12
1615106528_1134727473.jpg,11,0
1685656364_313939473.jpg,4,4
1846650237_868339473.jpg,1,1
2697411444_2947198473.jpg,0,0
2929393867_660767473.jpg,0,0
2946712827_1199171473.jpg,0,7
3016092442_1190520473.jpg,2,2
3109476543_1488964473.jpg,8,8
3118601364_10724473.jpg,7,1
312875467_216152473.jpg,5,5
3528797018_308945473.jpg,10,10
3582379073_2209616473.jpg,8,8
3820293102_3805519473.jpg,13,13
3895520138_1928318473.jpg,9,9
4215619592_3230018473.jpg,13,13
448994727_1138167473.jpg,11,11
458645927_2037821473.jpg,11,0
605341347_3318879473.jpg,5,5
128116278_1995250474.jpg,11,11
15685163_2686279474.jpg,13,13
1716667363_3528694474.jpg,0,11
2171948020_995834474.jpg,9,9
2381782791_2963167474.jpg,1,1
2513150752_3545101474.jpg,4,2
2563358176_1597852474.jpg,0,0
280466664_3398924474.jpg,4,2
2823713820_4274620474.jpg,0,0
2997238166_1879336474.jpg,11,11
3759432776_186972474.jpg,4,11
3875005329_4008600474.jpg,0,0
3966630829_2600751474.jpg,13,13
4015690788_3490244474.jpg,3,1
4072318196_4169358474.jpg,1,1
4116740653_2328178474.jpg,13,13
4226641323_2681870474.jpg,2,2
4250545674_3969775474.jpg,1,0
570266765_725304474.jpg,3,0
935492076_3294650474.jpg,6,7
968606980_126222474.jpg,1,1
1043406933_3145095475.jpg,12,11
1195691768_3241101475.jpg,3,3
1254119681_3142945475.jpg,13,13
1316259135_2419389475.jpg,11,11
1343417759_1694833475.jpg,2,2
1347494335_1730202475.jpg,2,0
1377983747_219615475.jpg,9,9
1473503215_1918328475.jpg,3,1
1738330294_3817995475.jpg,5,5
1743745773_1006127475.jpg,13,13
1767536154_3890367475.jpg,13,13
1831055421_1664065475.jpg,8,7
1995155438_1885309475.jpg,1,1
2160941657_3382105475.jpg,0,3
2355176834_3900527475.jpg,4,2
2528960295_1298724475.jpg,0,0
2803751377_3541290475.jpg,3,3
2923101746_3990337475.jpg,5,1
329403999_2773475475.jpg,13,2
3360005881_3272521475.jpg,12,3
3473739052_1188517475.jpg,9,9
3525601179_1939679475.jpg,13,13
3830231848_3983956475.jpg,3,3
4114724816_3818904475.jpg,6,5
412497025_2587772475.jpg,6,6
4129920841_1711575475.jpg,9,6
4208712967_1082977475.jpg,3,3
448330917_4072354475.jpg,10,2
782248200_2358398475.jpg,2,4
167828808_1234914476.jpg,3,3
1681954679_1172177476.jpg,5,5
1924375981_1179513476.jpg,12,12
215758322_2507760476.jpg,11,11
233823229_1961792476.jpg,10,10
234940385_2693714476.jpg,0,11
2593105767_2312072476.jpg,6,8
278484499_3417318476.jpg,3,3
2917806020_3953798476.jpg,9,9
3185380088_1215667476.jpg,4,2
3473212429_3955532476.jpg,11,11
3573325546_3477576476.jpg,6,8
3574996377_3945252476.jpg,11,11
396894242_2921638476.jpg,1,11
4115516056_1282976476.jpg,0,1
524124513_1035007476.jpg,13,13
712472032_1075433476.jpg,11,11
1191210826_3993119477.jpg,9,9
1218620178_4125858477.jpg,13,13
1225167727_1893239477.jpg,11,11
122667398_1538889477.jpg,6,6
1543651318_631318477.jpg,0,0
2045123375_998466477.jpg,4,2
2046001920_3729235477.jpg,2,2
2188375502_1078418477.jpg,9,9
228626258_3629824477.jpg,1,1
2295987061_3182322477.jpg,9,9
2701320700_1959678477.jpg,7,6
2779301671_1537831477.jpg,4,2
2949237829_1896058477.jpg,1,0
3080951574_3446152477.jpg,2,5
3196131291_2869478477.jpg,12,12
3534546928_250803477.jpg,9,9
3619600950_2566248477.jpg,6,6
3776082411_4162970477.jpg,3,3
4096728923_3468355477.jpg,12,12
4134679332_4176620477.jpg,9,6
414345823_469458477.jpg,1,3
4156174251_3834055477.jpg,10,10
512235827_1979423477.jpg,6,6
846055426_4148199477.jpg,0,0
895531643_3896047477.jpg,10,10
1022428146_3822760478.jpg,9,1
1069888016_207599478.jpg,3,11
1112987524_1409164478.jpg,13,13
1782408857_2368952478.jpg,0,0
1836276683_95072478.jpg,0,0
1850029925_2887603478.jpg,2,2
2092225860_1379080478.jpg,2,7
2440895125_4205279478.jpg,13,13
291178823_2853663478.jpg,13,13
3179862771_2138015478.jpg,6,6
3293195464_1648880478.jpg,11,11
3382166806_1128357478.jpg,2,2
3486538126_471255478.jpg,6,8
3538383426_708364478.jpg,6,8
3597852101_968759478.jpg,11,11
3724376227_2466374478.jpg,3,11
405579897_1035170478.jpg,9,9
4067400209_98727478.jpg,3,3
441359410_169192478.jpg,0,0
703353288_1983585478.jpg,10,10
773558843_3507628478.jpg,12,12
911353906_141081478.jpg,5,5
1010947886_1454986479.jpg,13,0
1031812372_1687598479.jpg,8,8
1237341632_1356296479.jpg,6,11
1307577759_1152228479.jpg,1,1
1345520574_3554689479.jpg,11,11
1367527172_1392446479.jpg,3,0
14133182_26300479.jpg,13,0
1498781952_50041479.jpg,3,11
2028249545_2656780479.jpg,6,8
2120118963_1033980479.jpg,8,8
247377080_2134694479.jpg,12,12
2679642293_2294818479.jpg,0,0
280302998_954388479.jpg,3,2
3138035578_2006044479.jpg,9,6
3492955807_4065702479.jpg,11,2
3756197378_3602391479.jpg,4,4
632043634_661251479.jpg,5,7
897287154_3527209479.jpg,10,10
1312388220_1711360480.jpg,12,11
1482867819_776060480.jpg,3,3
1621360130_533010480.jpg,13,5
1716048873_1555292480.jpg,1,1
1769523474_2661490480.jpg,13,13
1990790944_1603694480.jpg,10,10
2125293070_2962333480.jpg,5,5
2221605924_3645505480.jpg,13,13
2516833382_4056939480.jpg,3,11
289546290_1238928480.jpg,4,13
3131344242_1866787480.jpg,2,0
3201705275_453797480.jpg,8,8
3555428128_2100395480.jpg,12,7
37950154_1097668480.jpg,13,13
4070171692_446164480.jpg,13,12
4094947824_2761309480.jpg,11,11
4183734581_4187664480.jpg,8,8
431919863_3063719480.jpg,3,1
496761188_2496714480.jpg,7,1
961123099_486372480.jpg,12,3
12520290_3273052481.jpg,3,3
1580194162_3502782481.jpg,2,5
1805741482_4244388481.jpg,0,0
2302258058_683564481.jpg,1,1
2544760069_1172373481.jpg,5,5
2623739015_3451091481.jpg,4,4
2654634394_1317541481.jpg,0,0
2976301658_1572147481.jpg,12,0
3002533108_1017229481.jpg,13,12
3033522361_4026362481.jpg,11,11
3111796679_3639384481.jpg,4,5
3136332260_1222858481.jpg,6,8
3339026735_2623010481.jpg,0,0
3492640475_644828481.jpg,9,9
3621056965_2044413481.jpg,1,1
3623318819_812560481.jpg,0,2
3650379004_1427667481.jpg,2,6
369491282_145632481.jpg,9,9
3762986968_1428063481.jpg,10,10
4036827060_3527412481.jpg,6,6
4043912912_3160346481.jpg,12,11
73887571_2092143481.jpg,3,11
811855078_1153997481.jpg,0,0
1125110312_2507873482.jpg,9,9
1139427728_2670426482.jpg,4,12
1180185836_2314791482.jpg,11,11
1197468890_549942482.jpg,0,0
1277342871_3487598482.jpg,8,6
1290308389_818295482.jpg,5,5
131520459_3735917482.jpg,9,9
1316676453_1332113482.jpg,8,8
1360135888_2753256482.jpg,3,1
1364613288_4037896482.jpg,13,12
1580475675_971163482.jpg,3,3
1617725633_1564312482.jpg,5,5
1720793273_2826459482.jpg,5,5
1767048563_23401482.jpg,1,1
1872580070_2825268482.jpg,10,10
1952805141_907393482.jpg,1,7
1963983290_1392975482.jpg,1,1
2107793104_3128354482.jpg,4,2
2321867192_752368482.jpg,11,11
2735561193_2740286482.jpg,10,10
2870926834_302140482.jpg,8,8
2885529185_3911509482.jpg,10,10
2949899945_869668482.jpg,0,0
3247103624_1923781482.jpg,8,8
3415775961_3353548482.jpg,13,11
3462038725_3695701482.jpg,6,8
3500979626_2388639482.jpg,0,13
3662818684_3996567482.jpg,11,11
4095371959_3780904482.jpg,5,5
4119608232_3932089482.jpg,11,11
4234079024_2292847482.jpg,8,8
589066277_2445038482.jpg,11,11
714585004_488089482.jpg,11,11
72809611_2646738482.jpg,6,6
82886256_1947923482.jpg,2,4
1115719308_1013620483.jpg,3,1
1306618382_2434575483.jpg,0,11
1396956485_882363483.jpg,11,4
1433155431_1196122483.jpg,9,9
1766915139_1293178483.jpg,12,13
1980552823_3753852483.jpg,5,6
2136963924_3809930483.jpg,13,13
2484261590_2575604483.jpg,10,10
2541481180_4276693483.jpg,0,0
2612649360_202425483.jpg,1,11
2790334207_164057483.jpg,13,13
2997753746_1063103483.jpg,0,0
3311466690_3021488483.jpg,4,4
3383306974_960274483.jpg,2,2
3392566471_717570483.jpg,8,6
3813850001_1216491483.jpg,5,6
3840161509_2482633483.jpg,11,6
3911664620_2458655483.jpg,3,1
3952565018_814433483.jpg,0,0
4058506157_1159117483.jpg,4,2
66761643_4070947483.jpg,0,0
912505145_2034828483.jpg,13,13
970698796_3841645483.jpg,8,8
1043979538_3439541484.jpg,11,4
147759798_3920227484.jpg,12,12
1540554259_2028374484.jpg,11,11
2168616490_3034183484.jpg,0,0
221009694_1878058484.jpg,5,5
2214470980_3800726484.jpg,12,13
2463221099_1142219484.jpg,4,0
2491079871_2281999484.jpg,8,8
2761852885_3572470484.jpg,8,8
281974574_2294317484.jpg,11,11
286161754_1790385484.jpg,8,8
2936302481_642933484.jpg,4,4
2979370032_1890709484.jpg,3,3
348538536_1972654484.jpg,10,10
3993797912_1872809484.jpg,0,11
4172028617_4286747484.jpg,13,13
4230393540_1683047484.jpg,0,11
4289892222_980069484.jpg,12,11
431983749_1131631484.jpg,7,7
515449031_1244506484.jpg,1,1
645820310_3255080484.jpg,9,6
848035446_2746234484.jpg,13,13
935556397_132560484.jpg,6,6
949740185_16916484.jpg,11,11
980939279_3718555484.jpg,10,10
1627946137_2409608485.jpg,2,2
1708503838_4245353485.jpg,1,1
1715613457_843186485.jpg,2,2
1970860934_995533485.jpg,12,12
2317323453_1482746485.jpg,13,13
2445029998_1419461485.jpg,9,9
2502067523_3271023485.jpg,9,11
2641384236_666146485.jpg,8,8
3197840294_3223638485.jpg,3,7
3400826781_3442344485.jpg,9,9
3418033536_2722653485.jpg,3,0
3475139166_1986959485.jpg,1,1
3656723731_1684269485.jpg,3,3
3738180950_1298995485.jpg,5,9
3797673980_30387485.jpg,5,5
3806638212_2927792485.jpg,9,2
3899253537_3847791485.jpg,0,0
3902797447_281919485.jpg,6,6
4034285766_2217715485.jpg,10,10
514881216_2355468485.jpg,9,9
792922725_1076416485.jpg,10,10
965043946_347452485.jpg,11,11
1264827270_757212486.jpg,5,5
1302457180_7832486.jpg,8,8
1516271824_1160383486.jpg,0,0
1624561151_2651216486.jpg,11,6
184761473_3455736486.jpg,1,1
1929533396_4191302486.jpg,9,9
2024673866_3039338486.jpg,1,1
2167038731_1648762486.jpg,3,0
2471767023_1835694486.jpg,8,6
2785495524_2948895486.jpg,4,2
3088260563_3047635486.jpg,5,5
3328965404_3230531486.jpg,1,1
3415536927_3759898486.jpg,6,6
3421647357_4115166486.jpg,11,11
3923145928_325494486.jpg,9,9
3968151872_410921486.jpg,8,8
4056139525_362569486.jpg,4,13
4195804528_3517311486.jpg,0,0
1086232830_764292487.jpg,7,11
1406893868_211057487.jpg,9,9
1725772349_1350810487.jpg,11,11
1848056977_1439627487.jpg,3,3
1995834318_118442487.jpg,7,7
2269765946_3111052487.jpg,5,5
2835972512_3585584487.jpg,0,0
2851507110_3135079487.jpg,0,0
3137588733_1714010487.jpg,10,10
3175660153_2426040487.jpg,1,9
328499379_2491162487.jpg,8,8
3430431620_3019148487.jpg,1,0
3490995620_1091292487.jpg,5,5
3661113202_1313364487.jpg,0,0
4162154674_2022609487.jpg,9,11
4234787869_447835487.jpg,3,1
983236255_3747982487.jpg,13,13
1215172415_351279488.jpg,3,0
1239526859_92581488.jpg,13,13
1299579857_3105466488.jpg,1,3
159940065_2259548488.jpg,0,0
1673019969_393265488.jpg,1,8
1770256753_681733488.jpg,8,11
1771093684_2967628488.jpg,11,11
1809822038_515562488.jpg,9,9
1838894587_1810503488.jpg,5,5
2492759115_3669274488.jpg,11,2
2669419578_315959488.jpg,3,11
308224450_3666368488.jpg,10,10
3221214066_1660351488.jpg,1,0
3370515707_1377814488.jpg,4,2
3505564535_136331488.jpg,7,7
3510650559_1078240488.jpg,0,0
3524642638_3678092488.jpg,13,13
365476577_1738310488.jpg,8,6
3727144399_853453488.jpg,4,2
3808305867_2070778488.jpg,13,12
500779141_625478488.jpg,6,6
686185048_3506838488.jpg,12,12
725942342_1763411488.jpg,8,7
787639234_3612636488.jpg,8,8
913102920_2582044488.jpg,6,6
991241874_726095488.jpg,11,11
1063045509_3326949489.jpg,1,11
1197687500_3805869489.jpg,11,11
1268829950_3769688489.jpg,13,4
1419869869_1207005489.jpg,9,9
1523128787_1954938489.jpg,8,6
1981009497_1746033489.jpg,13,12
2420690700_1838093489.jpg,8,7
2455836701_2001534489.jpg,10,10
2552578141_878542489.jpg,9,6
2596018095_1130317489.jpg,9,6
2650060122_1100106489.jpg,5,5
2772118189_2184493489.jpg,6,10
3049365756_3709696489.jpg,12,11
3200254963_2429845489.jpg,7,7
3322850942_3872448489.jpg,11,11
333594328_3916919489.jpg,5,5
336604723_2247081489.jpg,9,9
3472329602_656946489.jpg,10,10
3495854972_36584489.jpg,5,5
3660836641_2953530489.jpg,0,0
3754592437_1015800489.jpg,4,0
3857019813_2970871489.jpg,9,7
3938634672_807819489.jpg,0,0
4079215354_1300818489.jpg,13,12
4127174389_844033489.jpg,8,6
4148775416_405139489.jpg,0,2
4216514693_3328726489.jpg,9,9
482890858_960888489.jpg,4,2
805262077_864263489.jpg,12,13
1018617939_1025126490.jpg,12,12
1188478162_696534490.jpg,11,11
125499034_1600407490.jpg,8,8
1371213054_953345490.jpg,9,9
1409536495_508028490.jpg,8,8
1754247167_3117268490.jpg,13,13
1858644667_1682897490.jpg,1,1
2281524456_672023490.jpg,9,9
2443125492_71723490.jpg,10,10
248897689_1958131490.jpg,1,1
2659834507_1464904490.jpg,3,1
3112645159_498744490.jpg,10,10
3243471205_3320048490.jpg,12,13
3272966140_302692490.jpg,13,13
3444353060_3884569490.jpg,4,2
3454080872_2903046490.jpg,1,1
355107265_1076506490.jpg,8,8
3583161733_1705175490.jpg,11,11
3911918954_2099500490.jpg,10,10
3920720952_1188753490.jpg,3,3
4147646603_40760490.jpg,9,6
4216110518_2533945490.jpg,12,1
4262179453_24912490.jpg,6,6
450586850_3981964490.jpg,0,0
468158884_3143888490.jpg,4,11
1356736279_4256040491.jpg,10,10
139292787_3251336491.jpg,0,0
1479660529_2594015491.jpg,3,3
1632702234_1613891491.jpg,11,2
1753139797_1159554491.jpg,3,3
1865284022_810833491.jpg,1,1
1998523000_696816491.jpg,11,0
2726081647_4292701491.jpg,5,5
2750580157_2805263491.jpg,9,9
2855369603_4137535491.jpg,2,2
2914335284_3395906491.jpg,3,1
3000804551_91849491.jpg,10,10
3159243098_4057595491.jpg,9,9
3233918407_2065276491.jpg,3,1
3474188869_3915996491.jpg,11,11
3684385031_771531491.jpg,1,1
375440324_3712075491.jpg,12,11
3990096361_918950491.jpg,13,13
4157723877_3663564491.jpg,11,6
496200423_1940277491.jpg,3,3
934240076_3249644491.jpg,10,10
969089657_1249380491.jpg,5,5
1255816049_3115863492.jpg,4,11
15790000_3920966492.jpg,0,7
1622334200_2677659492.jpg,9,6
168411660_3652525492.jpg,0,0
1898346963_2547903492.jpg,11,11
1938465602_182587492.jpg,1,1
1986696669_2775353492.jpg,8,8
2083807596_3593974492.jpg,11,11
2104221700_3344811492.jpg,3,3
2264362522_3371430492.jpg,11,11
2435627208_3236749492.jpg,11,11
2779812998_4292095492.jpg,11,11
2932849606_444932492.jpg,13,12
2938931608_1677928492.jpg,13,13
2992572971_2840870492.jpg,3,1
3095307014_298543492.jpg,13,13
3187322877_1292495492.jpg,10,10
3187511061_871788492.jpg,10,2
3419775941_2017779492.jpg,3,3
3431119738_626385492.jpg,3,1
3455059881_3251083492.jpg,12,11
3468948602_1606317492.jpg,5,5
3472635629_4004150492.jpg,3,3
3489499533_3202104492.jpg,2,4
593188043_983455492.jpg,3,3
662180607_3572270492.jpg,9,9
702856187_1852670492.jpg,8,12
770248012_3748443492.jpg,8,6
929736503_1626507492.jpg,5,5
1120097869_4179012493.jpg,8,12
1192927661_1529726493.jpg,5,0
1241220528_2667395493.jpg,2,2
1459615634_2903063493.jpg,13,13
1581430839_675861493.jpg,6,8
1627297923_2348384493.jpg,0,0
1804513472_65211493.jpg,10,10
1824475883_4187158493.jpg,9,9
1907743757_1020826493.jpg,11,11
2140866173_2909761493.jpg,13,13
2489965994_1605318493.jpg,9,9
3013421007_3365079493.jpg,9,9
3037863013_1145672493.jpg,5,2
345041825_1040850493.jpg,12,11
3512066267_3925243493.jpg,10,10
3625351061_225093493.jpg,0,0
370755667_2721046493.jpg,2,4
3754336397_2858730493.jpg,12,2
3874868171_1504157493.jpg,10,10
574852352_355571493.jpg,5,5
728254159_1368788493.jpg,6,6
972527287_1070630493.jpg,6,6
1086987987_1099808494.jpg,9,9
1258394469_1141963494.jpg,4,2
1534256060_4168553494.jpg,8,12
167508627_2651524494.jpg,5,5
2128325270_792591494.jpg,3,11
213803711_3274149494.jpg,10,10
2242247094_3186665494.jpg,0,2
2253500284_3391912494.jpg,13,13
2317141223_774064494.jpg,7,7
248058630_1258298494.jpg,13,13
2490618577_104551494.jpg,9,9
2577481594_1510486494.jpg,13,13
2761555064_2264414494.jpg,13,0
3223886085_3820159494.jpg,12,12
3379949632_2026020494.jpg,9,9
3858797014_547475494.jpg,0,0
4040757886_3054763494.jpg,1,0
473794886_2425376494.jpg,10,10
540308344_2156891494.jpg,8,11
61128119_602855494.jpg,10,10
66844437_1060323494.jpg,1,0
695181657_3177465494.jpg,1,1
763609263_2561802494.jpg,2,10
798522946_927894494.jpg,8,8
1090465299_45997495.jpg,3,1
1209319757_953529495.jpg,4,5
1300020522_932892495.jpg,9,9
1649591518_3387609495.jpg,10,10
175415168_4181083495.jpg,11,11
1854995383_1572181495.jpg,11,11
187384635_614702495.jpg,8,8
1880323316_2107709495.jpg,6,6
1929808753_3707880495.jpg,3,11
2009487462_792483495.jpg,9,6
21259259_745752495.jpg,9,9
2180661059_2944601495.jpg,0,0
2208987858_1027577495.jpg,5,5
2255498024_3710771495.jpg,3,1
2350152761_1015876495.jpg,11,1
2387118505_36536495.jpg,3,1
2387205269_2886985495.jpg,2,2
285626673_1269668495.jpg,5,5
3010873948_975758495.jpg,1,1
308829815_1730741495.jpg,0,7
318573401_2098435495.jpg,8,8
3234350674_3763647495.jpg,13,13
3388291020_3269596495.jpg,0,0
3484708039_3307037495.jpg,0,0
3664308336_2004717495.jpg,11,11
370714256_2797670495.jpg,10,10
3755722858_3684685495.jpg,11,9
3790583691_732212495.jpg,3,0
3810755602_4176616495.jpg,1,1
408801407_1033117495.jpg,3,1
415831414_626747495.jpg,10,10
498732443_2964071495.jpg,9,9
642432101_3144214495.jpg,11,11
670002737_1116451495.jpg,7,7
670256929_1728520495.jpg,9,6
930690001_462338495.jpg,1,1
933398733_2071607495.jpg,8,8
962405584_3286687495.jpg,10,10
995418231_898640495.jpg,2,2
137178996_4010016496.jpg,12,12
1393792870_3843510496.jpg,5,5
1685947224_4087437496.jpg,9,9
180258298_2491215496.jpg,3,3
1977242976_4120522496.jpg,9,9
2099112195_253966496.jpg,4,11
2121666927_3489887496.jpg,12,2
23370220_3109375496.jpg,11,11
2789076957_1856720496.jpg,8,7
3038355510_795510496.jpg,3,1
306506111_4105774496.jpg,5,5
358114931_3942129496.jpg,12,11
3696358296_1701155496.jpg,1,0
3828186461_431662496.jpg,7,1
4092973678_614722496.jpg,6,7
432035739_737433496.jpg,1,1
444078907_713869496.jpg,8,7
489285209_1310171496.jpg,4,2
678201466_509559496.jpg,4,2
779661848_3292468496.jpg,11,6
86184160_345284496.jpg,3,0
931692940_1876744496.jpg,3,3
1214778188_682583497.jpg,0,12
1566166916_3178209497.jpg,2,5
1576332082_1139404497.jpg,9,9
1740244793_3783076497.jpg,3,0
1770368072_2104853497.jpg,0,0
2160084038_767403497.jpg,0,0
2315127508_3447385497.jpg,8,12
233521687_874688497.jpg,4,2
2335220381_3481924497.jpg,5,5
2488748807_4274636497.jpg,12,11
2734292881_145497497.jpg,12,11
2752915877_3047183497.jpg,5,5
2884557773_4183884497.jpg,7,7
297286672_474317497.jpg,1,7
3008827340_1083961497.jpg,13,13
3197073772_3830815497.jpg,0,1
3205299336_4172272497.jpg,5,12
3296764025_3482712497.jpg,9,9
3318967209_1264616497.jpg,6,6
3322921333_1345344497.jpg,8,6
3395709057_1382721497.jpg,9,9
3407932280_1929197497.jpg,12,0
3575150833_1807607497.jpg,11,12
3695311403_3348413497.jpg,9,9
3761296316_2125191497.jpg,10,10
38900775_4081946497.jpg,5,7
507391524_116166497.jpg,8,8
507488804_1850778497.jpg,13,11
514957579_2628958497.jpg,4,2
536002803_46659497.jpg,12,11
609676740_1794579497.jpg,12,11
783970213_2843043497.jpg,7,6
921207061_4071574497.jpg,3,3
1330542660_1193875498.jpg,1,1
1356120328_1000479498.jpg,8,7
1460332715_2745000498.jpg,12,12
1763972484_2574147498.jpg,3,0
1825746148_4141208498.jpg,0,0
1946192923_2162217498.jpg,8,8
2170511848_3079518498.jpg,13,13
2581594975_3232700498.jpg,3,11
2610748462_1859918498.jpg,12,13
2684590991_811800498.jpg,9,9
2724267041_1313369498.jpg,2,2
2746451990_4015329498.jpg,13,12
2779657626_2308666498.jpg,11,11
3066333743_1843592498.jpg,3,11
3133892287_1695042498.jpg,8,6
3297578333_677731498.jpg,13,13
344207029_1544449498.jpg,13,13
3527154776_2141901498.jpg,7,7
3659265774_918208498.jpg,13,13
3918151347_2207245498.jpg,11,11
4226987859_1384327498.jpg,1,1
568393749_1430917498.jpg,13,13
585558862_2487540498.jpg,3,3
590567721_813079498.jpg,13,13
681668179_1281347498.jpg,3,0
704582870_3759466498.jpg,0,0
1108584462_68464499.jpg,10,2
138351403_4172286499.jpg,9,9
1403578635_1137712499.jpg,12,13
1678998107_4001999499.jpg,6,6
2132409154_4165519499.jpg,2,4
2286461624_3764646499.jpg,5,5
2313428983_2576170499.jpg,2,0
2334563860_2460142499.jpg,8,8
2488488255_1334055499.jpg,0,13
2629884776_3132441499.jpg,11,11
2895298538_2450443499.jpg,9,9
2994647198_3855830499.jpg,3,3
3085494357_3816270499.jpg,10,6
3177693562_621894499.jpg,6,8
3381985303_3225170499.jpg,12,12
3430006600_460297499.jpg,11,3
3805432755_2885876499.jpg,9,0
3825923971_2712887499.jpg,5,7
3934466113_1909211499.jpg,8,7
3988464903_556336499.jpg,11,7
4131250093_1219553499.jpg,6,9
458908808_524821499.jpg,10,10
568580962_197356499.jpg,3,0
624722564_2811944499.jpg,0,3
641627725_3261297499.jpg,5,5
666557845_865988499.jpg,1,1
707357019_3050307499.jpg,10,10
937348989_3088365499.jpg,8,8
1166343454_1541347500.jpg,9,6
1315671859_38508500.jpg,1,11
1319412682_797852500.jpg,11,11
1495877431_3139116500.jpg,0,0
1630161555_4057005500.jpg,7,7
1660616191_1399550500.jpg,11,11
2095555512_2903452500.jpg,9,9
2109213941_1867938500.jpg,12,12
2158703465_1561042500.jpg,9,9
2302111262_290835500.jpg,10,10
2332885721_2920314500.jpg,6,6
2453751374_2023206500.jpg,8,8
2538767436_4165129500.jpg,9,9
2993183379_1773481500.jpg,0,2
3150436548_1847835500.jpg,11,11
3783406093_2379517500.jpg,13,13
573598341_1827220500.jpg,4,2
680278791_1112871500.jpg,2,2
823406788_3019011500.jpg,13,13
990041660_4134337500.jpg,3,1
1319605538_1653427501.jpg,9,7
1339628994_2673425501.jpg,4,2
1355473113_134291501.jpg,5,7
13943389_777843501.jpg,11,11
1546511470_602518501.jpg,11,11
1555910998_1444851501.jpg,8,7
1711951560_556748501.jpg,13,13
1789244919_305738501.jpg,7,7
1885574406_2744225501.jpg,8,12
2396813327_3116870501.jpg,11,9
241922145_791414501.jpg,10,10
2549844170_3925679501.jpg,3,1
2682042325_3958192501.jpg,3,3
3048352682_298380501.jpg,0,0
3115706286_3257257501.jpg,9,9
3192628508_4094192501.jpg,2,4
3559085685_3420852501.jpg,12,12
4062065626_3974280501.jpg,3,1
4083554927_1844067501.jpg,4,2
4102427131_728051501.jpg,9,9
614502651_3589830501.jpg,4,2
866485248_1608602501.jpg,6,6
87007411_3412912501.jpg,11,11
895443573_1249046501.jpg,1,0
1270473295_200139502.jpg,5,5
1521875229_1217937502.jpg,3,3
1599442031_2134566502.jpg,10,10
1839159226_717932502.jpg,9,9
1883454807_1499837502.jpg,10,10
1903071856_3826640502.jpg,8,8
2038298583_3913848502.jpg,11,11
2195660112_3717119502.jpg,12,11
2578360593_2292177502.jpg,8,8
2749097624_252697502.jpg,13,13
3323070604_2072997502.jpg,12,0
3335556717_2988908502.jpg,1,1
3454683029_3324766502.jpg,1,1
3514095020_691198502.jpg,3,1
3573412392_669299502.jpg,9,9
3667283286_1312507502.jpg,6,11
4137212344_1307067502.jpg,12,0
433057001_3765491502.jpg,9,6
650745295_2370882502.jpg,5,7
792910362_1968292502.jpg,9,9
921278991_168883502.jpg,10,10
1118074568_2802957503.jpg,9,9
1143598230_4076475503.jpg,6,6
1163781366_552564503.jpg,9,10
1224838180_4055409503.jpg,3,3
1232380767_3810240503.jpg,13,13
1396364644_1738667503.jpg,8,7
1428382805_3662492503.jpg,3,0
156590064_2341253503.jpg,1,1
1947493257_2722669503.jpg,8,8
2098285707_785776503.jpg,1,1
2308742481_1587512503.jpg,5,5
2337385600_3312285503.jpg,11,2
2494900499_3910864503.jpg,6,11
2537701403_3803941503.jpg,10,10
2713099842_2952597503.jpg,1,1
3077784277_2958970503.jpg,4,4
3082150464_946137503.jpg,5,1
3150626798_2792596503.jpg,4,2
3408004360_1935565503.jpg,0,12
3455770361_2430029503.jpg,4,13
3577120038_1302878503.jpg,10,10
3592128762_1323765503.jpg,8,8
484185717_3296609503.jpg,5,7
575709102_1514041503.jpg,9,6
666544764_1709428503.jpg,12,12
828655648_2971269503.jpg,6,6
829892584_2890420503.jpg,3,3
874874229_3469773503.jpg,0,0
1356739588_3448054504.jpg,5,0
1740054350_3670812504.jpg,8,6
1740263379_3776463504.jpg,8,13
1950265783_393152504.jpg,1,1
1952205071_3162047504.jpg,10,10
202036195_2270975504.jpg,1,1
233670420_1783026504.jpg,1,1
2417945644_1523635504.jpg,0,0
2536531583_3509814504.jpg,9,6
3085734423_372539504.jpg,1,3
3090734669_2199438504.jpg,5,5
3235951102_1119937504.jpg,3,1
3570033301_2899260504.jpg,9,7
3676475752_4271773504.jpg,11,11
3765595125_2484199504.jpg,13,13
4233988470_2538879504.jpg,1,1
654100819_1066503504.jpg,5,7
801631339_1944596504.jpg,6,6
90595799_2495074504.jpg,8,6
1092152632_931993505.jpg,1,11
1613659503_3101527505.jpg,0,0
1707892942_3074044505.jpg,12,12
1740560969_829024505.jpg,9,9
201473614_3953018505.jpg,0,0
2704588343_481271505.jpg,5,0
3058187680_1208353505.jpg,5,5
3116007583_2662993505.jpg,13,13
3221096494_325158505.jpg,12,12
3457244675_185873505.jpg,13,4
3605409566_567991505.jpg,3,1
365597196_3132695505.jpg,10,10
3749115197_372578505.jpg,9,9
377575425_4070213505.jpg,7,11
3778891035_4002380505.jpg,10,10
3870787025_3898085505.jpg,10,10
3881683329_2659745505.jpg,0,0
3958579189_1049135505.jpg,12,12
4008531668_1941033505.jpg,4,2
422967462_580154505.jpg,1,1
714819591_949029505.jpg,10,10
770413202_502693505.jpg,9,9
782226210_1951238505.jpg,11,11
110122253_410126506.jpg,2,2
1259220932_592632506.jpg,7,7
1438157916_3492463506.jpg,9,9
1802371600_2455922506.jpg,7,11
1883466348_1306236506.jpg,4,0
1898132239_1349105506.jpg,9,9
1941683487_2977962506.jpg,4,2
214117372_2028569506.jpg,11,11
2716132608_2432753506.jpg,11,11
2955615670_3230708506.jpg,12,0
3108056746_689898506.jpg,4,2
3280958962_1570672506.jpg,3,3
3474349916_2677992506.jpg,1,1
3684572949_2789882506.jpg,12,0
3724499108_2817362506.jpg,3,0
434959649_3295746506.jpg,13,13
563460472_1309497506.jpg,0,0
598968540_938228506.jpg,3,3
740778990_2127499506.jpg,10,10
1117599285_614650507.jpg,10,10
1279961512_3351498507.jpg,9,9
1516082986_939189507.jpg,10,10
1691277575_2796249507.jpg,7,6
1749002619_2004625507.jpg,6,6
1758351576_659892507.jpg,1,0
1822503458_1152987507.jpg,8,7
1844161080_993367507.jpg,3,3
1946985328_2339289507.jpg,3,1
237215440_2005954507.jpg,10,10
2392551909_4053132507.jpg,8,8
2490021146_1059652507.jpg,10,10
2531943491_1627632507.jpg,11,11
2608122789_222802507.jpg,11,11
3293958647_91278507.jpg,10,10
3434707157_2680159507.jpg,9,9
3575352867_3531463507.jpg,8,8
3669694152_62735507.jpg,12,11
3796725230_1435053507.jpg,8,8
3826242790_2683050507.jpg,8,8
3967717394_3685492507.jpg,8,8
4080142268_1972496507.jpg,9,9
411845964_3628173507.jpg,6,1
4275223691_581250507.jpg,13,12
51504479_1712127507.jpg,0,12
793018819_1677647507.jpg,10,10
1066373199_3048020508.jpg,6,6
1202884169_2715606508.jpg,11,11
1526482498_419615508.jpg,8,8
1672856284_2339969508.jpg,4,2
1747778020_3315245508.jpg,5,5
1808793024_760865508.jpg,9,9
192461052_1323439508.jpg,9,9
1984106589_1954521508.jpg,11,11
2035655595_759373508.jpg,11,11
2173405460_2497207508.jpg,1,3
2511260437_2703124508.jpg,4,2
2791943142_2046857508.jpg,2,1
2848266660_3492681508.jpg,0,0
2851582023_1914743508.jpg,3,3
3150583860_2361682508.jpg,9,9
3447751274_3154323508.jpg,10,10
3492564939_3225453508.jpg,13,13
3626131924_4239735508.jpg,4,2
3636071190_1630800508.jpg,3,3
764358926_2933333508.jpg,12,12
830643563_743977508.jpg,3,3
1060423601_4247883509.jpg,6,1
1116075168_3271458509.jpg,6,8
1319590460_225456509.jpg,13,13
1621019613_4105054509.jpg,10,2
1668282775_2495179509.jpg,0,0
1794983571_3498166509.jpg,12,12
1920920797_4124292509.jpg,12,12
1929077240_897605509.jpg,12,7
2089066872_4190086509.jpg,4,2
2360767066_4176227509.jpg,12,11
2467175951_3782450509.jpg,0,12
2696767777_4033551509.jpg,3,3
2970855155_792626509.jpg,9,9
3107376905_3270918509.jpg,0,5
3142099330_2848276509.jpg,9,9
3142149613_91526509.jpg,3,3
3218881916_1470063509.jpg,13,13
3393068793_3701447509.jpg,11,11
3499347359_812906509.jpg,10,10
3848349724_2070822509.jpg,1,1
414531084_1681109509.jpg,9,9
672638188_4246015509.jpg,9,6
685116057_2355604509.jpg,12,13
790617051_3173103509.jpg,4,2
942275202_3373875509.jpg,8,7
1213998945_671112510.jpg,12,12
1298229523_4247682510.jpg,11,11
1448043371_1657662510.jpg,9,9
1638352947_2388820510.jpg,13,13
1706130889_3613222510.jpg,13,13
1739019027_1558530510.jpg,6,6
180595463_902838510.jpg,6,8
196155840_749749510.jpg,11,11
2133190558_471721510.jpg,1,1
2191558301_49874510.jpg,13,2
2252604757_2027113510.jpg,0,0
2503878885_450079510.jpg,8,5
2573239749_3938274510.jpg,9,9
2637513655_3566916510.jpg,1,2
2957968533_2885276510.jpg,5,5
3005879164_2238746510.jpg,3,3
3070216974_1310547510.jpg,3,3
3226466471_3676165510.jpg,8,8
340255609_3806184510.jpg,6,8
3641042404_599814510.jpg,1,1
3886974230_2557285510.jpg,12,12
3901715693_2201756510.jpg,9,9
4076252296_1719981510.jpg,8,6
4170942974_2239182510.jpg,10,10
845381146_2067693510.jpg,12,12
1016913014_761568511.jpg,3,11
1324048188_4042420511.jpg,5,5
1456011706_3472259511.jpg,11,11
1502759403_3544675511.jpg,10,10
1616293743_2671427511.jpg,8,12
1781524224_386605511.jpg,10,10
1932723683_4032353511.jpg,9,9
2009575416_372928511.jpg,12,0
2166440046_1981654511.jpg,3,11
2429772404_3556493511.jpg,6,6
2684357343_2213928511.jpg,4,4
2846052960_4122879511.jpg,12,7
2895855727_2334414511.jpg,7,7
2954170340_2312198511.jpg,12,12
3220981370_3100080511.jpg,4,2
3447892727_4110188511.jpg,3,3
3569013477_578164511.jpg,7,7
3598237054_3146275511.jpg,9,9
3732830729_1841518511.jpg,5,5
3934718951_2763817511.jpg,10,10
3952580846_420832511.jpg,3,3
404534418_4099186511.jpg,13,13
73636096_3887195511.jpg,9,9
996668996_2477033511.jpg,10,10
1003827050_241821512.jpg,6,7
122581863_4262372512.jpg,11,11
1255672011_3766185512.jpg,3,3
1495452401_2256478512.jpg,3,3
1665957574_227723512.jpg,11,11
198764666_2906702512.jpg,4,2
2099822289_168758512.jpg,6,5
212866852_1920010512.jpg,1,1
2267350641_865586512.jpg,10,10
2307794263_1290261512.jpg,1,1
2457392368_433786512.jpg,12,12
2574034415_3825898512.jpg,1,1
2705920333_2053414512.jpg,0,0
2742940764_2745716512.jpg,10,10
283229279_2220709512.jpg,5,5
2834006734_550166512.jpg,13,11
2860392926_1340472512.jpg,0,13
3036665925_1881939512.jpg,8,7
30948710_587200512.jpg,9,9
3203508059_151255512.jpg,12,11
3270720943_4100908512.jpg,11,13
3365658473_1171230512.jpg,13,2
3398464458_2826595512.jpg,4,2
3507590372_3739978512.jpg,8,7
3895803389_612902512.jpg,9,9
4065570398_942941512.jpg,1,1
4161642498_2807751512.jpg,4,5
4231488733_2752934512.jpg,2,2
46345837_793504512.jpg,2,0
950782230_2840333512.jpg,4,0
1158839998_1591533513.jpg,5,7
1281177531_2214492513.jpg,8,8
1613276034_3260090513.jpg,8,7
161441743_2831163513.jpg,13,13
1623848938_2646254513.jpg,13,13
1653607188_2220176513.jpg,8,12
1709534974_1276059513.jpg,0,0
1769428750_3290957513.jpg,13,13
1894295721_4163205513.jpg,5,5
2137102321_3792724513.jpg,5,5
2265559749_1455172513.jpg,2,11
2298268320_2986142513.jpg,11,1
2356784508_3286058513.jpg,3,1
2424425968_2672905513.jpg,1,1
2488297474_1374972513.jpg,8,12
2491746466_1003212513.jpg,13,13
2685201043_3136394513.jpg,3,1
2805443024_757264513.jpg,8,8
2886261163_1913086513.jpg,4,0
318748436_4040226513.jpg,10,10
3366096725_2072204513.jpg,7,6
3479762973_2161389513.jpg,0,0
3742105262_472053513.jpg,1,3
3763532646_2756310513.jpg,8,8
3864356814_1038910513.jpg,0,0
4219851393_1192148513.jpg,4,13
4276803978_1030114513.jpg,12,13
66884253_1086938513.jpg,11,11
69282088_3403940513.jpg,10,10
840522934_510012513.jpg,8,9
931177609_2828265513.jpg,3,3
1105355312_866752514.jpg,8,6
1208134836_2186667514.jpg,3,1
1230506544_3755565514.jpg,13,13
1248248680_1241914514.jpg,1,1
1567047615_3420928514.jpg,10,5
1913293437_469707514.jpg,7,6
2164413637_1519496514.jpg,0,13
2490945990_2366559514.jpg,7,1
2542304331_3270820514.jpg,3,3
2678422458_1705444514.jpg,10,10
2854211464_3601456514.jpg,11,11
3318780944_3301587514.jpg,12,11
3357045341_4176317514.jpg,1,1
3655219692_4105845514.jpg,10,10
419831707_4018473514.jpg,3,11
4213466610_2997190514.jpg,3,1
675953078_4133950514.jpg,11,11
699533238_2893637514.jpg,10,10
845065739_2441869514.jpg,8,8
1003565964_1046323515.jpg,10,10
1035866439_1400513515.jpg,4,2
1229470912_2579552515.jpg,5,13
1364320696_989068515.jpg,3,5
1398387018_3893426515.jpg,0,0
145801623_1604563515.jpg,1,1
1608806232_831072515.jpg,13,13
1631140400_1093270515.jpg,7,7
1749397294_193893515.jpg,1,3
1897184826_4106934515.jpg,3,0
2111765189_3943808515.jpg,3,3
2329840702_487240515.jpg,1,1
2444753243_1856064515.jpg,8,8
2502854694_614870515.jpg,13,12
2780859809_1193967515.jpg,4,2
3081787223_1154346515.jpg,0,0
309235263_829326515.jpg,5,5
3197311164_417053515.jpg,6,8
3208508043_1301267515.jpg,1,1
3331032066_2939932515.jpg,8,8
3392681284_4109668515.jpg,4,0
3397758461_2237998515.jpg,1,0
3822937042_3118535515.jpg,6,5
3935185401_886584515.jpg,9,2
3961301678_690382515.jpg,12,11
3979186191_3018171515.jpg,0,0
4078601602_3721691515.jpg,0,0
4162679352_4186326515.jpg,11,13
4200846519_3173929515.jpg,11,11
554053420_828235515.jpg,8,6
592572896_299878515.jpg,0,5
718907612_2198908515.jpg,3,11
801434711_2773385515.jpg,6,7
1050406441_3900912516.jpg,5,5
1223147102_294093516.jpg,4,12
1375612602_739053516.jpg,3,1
1427180512_1568536516.jpg,0,3
1690066277_2198726516.jpg,13,13
1745820756_817685516.jpg,4,2
1967860695_3981343516.jpg,3,1
2252075120_2081686516.jpg,0,0
2394886302_4031691516.jpg,12,0
2455090076_805940516.jpg,1,1
2674783625_818564516.jpg,11,11
2844141660_363511516.jpg,10,10
2976477212_3185940516.jpg,13,13
2986223081_1148837516.jpg,8,8
3020345097_3344744516.jpg,0,0
3198300909_1497010516.jpg,7,7
339542535_1979369516.jpg,13,13
3418563690_584965516.jpg,9,9
3551230095_971938516.jpg,1,1
3569288872_382458516.jpg,1,1
3706032597_3569316516.jpg,5,12
4044570731_2796444516.jpg,5,7
4155517158_2158297516.jpg,12,12
4244712932_2784434516.jpg,13,12
4264492666_3521727516.jpg,12,11
546435193_1878069516.jpg,8,8
551494365_720800516.jpg,3,1
752663750_129838516.jpg,13,13
844530164_1048892516.jpg,6,6
856449642_727639516.jpg,6,8
945403283_3355523516.jpg,9,9
1006408030_543325517.jpg,0,0
1080287689_836426517.jpg,12,11
1313673970_2202590517.jpg,5,5
1455984510_3475492517.jpg,12,11
1514933218_1155679517.jpg,3,0
1540622704_1304599517.jpg,4,0
156822703_988522517.jpg,0,0
2162537575_1065148517.jpg,9,6
2187075187_2323729517.jpg,4,0
2232213432_3027808517.jpg,13,1
2682400862_3195556517.jpg,1,1
2840533367_1857013517.jpg,13,13
3026547837_1221829517.jpg,5,5
3189602409_3042404517.jpg,7,7
3243438765_1079234517.jpg,11,11
3418783842_497771517.jpg,7,7
3653947519_1610207517.jpg,3,2
3803882349_747128517.jpg,8,7
3905982754_1726766517.jpg,8,8
3915965928_3501463517.jpg,3,1
3998421136_3737898517.jpg,0,0
4267203416_1828811517.jpg,9,7
633772043_3331275517.jpg,13,13
679783755_4089355517.jpg,12,12
882067195_2788482517.jpg,4,2
1078618043_1630609518.jpg,0,0
11378114_3101569518.jpg,2,2
1256761087_3211937518.jpg,10,10
1369172141_3361165518.jpg,13,13
13912278_3339103518.jpg,10,10
1495101834_1620980518.jpg,8,7
1534144107_929648518.jpg,0,0
1801446269_2827033518.jpg,8,8
188913371_2424819518.jpg,10,10
2129244911_3690816518.jpg,8,8
2268127986_2585429518.jpg,0,0
2289684872_1604482518.jpg,3,3
2291390697_1049154518.jpg,12,0
2329085137_596006518.jpg,3,3
2342956821_2448633518.jpg,11,11
259761263_2080114518.jpg,2,2
270261111_2760473518.jpg,3,0
2873917374_1153774518.jpg,9,9
3461493932_412109518.jpg,0,4
3698621697_2405004518.jpg,12,12
3810751466_3910379518.jpg,13,4
385708396_2868700518.jpg,4,3
3868369829_2375175518.jpg,0,0
401437223_678665518.jpg,3,11
4158251781_4134159518.jpg,3,11
4213074101_3388729518.jpg,9,6
4238761194_1488773518.jpg,0,0
429776079_630445518.jpg,12,12
440311041_1082358518.jpg,9,9
568662093_2011655518.jpg,12,12
573172285_1302108518.jpg,8,8
575812026_3587860518.jpg,12,12
581351546_2358906518.jpg,2,2
695206313_4098734518.jpg,8,8
754129821_735985518.jpg,13,12
852127848_3430313518.jpg,9,9
1080027072_2724695519.jpg,10,10
1405496255_3060224519.jpg,3,0
1408242816_3014035519.jpg,1,1
149746233_2536974519.jpg,1,1
1745737876_1369964519.jpg,7,8
1999648180_1975173519.jpg,6,5
2617765126_2899750519.jpg,8,8
2846776399_150857519.jpg,9,9
2937794220_550567519.jpg,2,11
3061978565_1062669519.jpg,1,1
3220410766_3512959519.jpg,1,1
3261617668_2659927519.jpg,9,9
3342828117_4060008519.jpg,4,2
3453106939_863031519.jpg,5,2
3573010574_3263472519.jpg,0,0
3915348560_1839895519.jpg,8,7
3927233428_3971272519.jpg,12,11
3959386786_3318778519.jpg,5,2
400937589_573983519.jpg,13,13
4101591811_2449327519.jpg,1,1
4176145803_2558874519.jpg,3,1
508859743_2287100519.jpg,5,5
65978399_2210003519.jpg,0,12
730080834_3244312519.jpg,6,8
789132123_3201075519.jpg,12,11
1270995649_4236512520.jpg,3,3
1387184964_3404202520.jpg,11,11
1485648983_1397698520.jpg,3,13
1588141979_1641099520.jpg,6,6
1661586470_652348520.jpg,13,13
1662147882_2072089520.jpg,5,7
1681603310_1002970520.jpg,6,11
1686796199_4151841520.jpg,3,1
1845110136_3794832520.jpg,5,5
1915115944_506437520.jpg,6,6
1973638327_712337520.jpg,5,5
2370773316_1943710520.jpg,9,9
2636394192_1299874520.jpg,5,5
2647847084_1051586520.jpg,5,5
2659807668_1111274520.jpg,8,6
2709717332_3468377520.jpg,4,2
2923076080_3397125520.jpg,11,11
3096651826_230450520.jpg,12,3
3254559310_1436925520.jpg,0,0
3452531810_600010520.jpg,5,7
3498488212_3531494520.jpg,3,11
3677258320_3847381520.jpg,11,2
369220807_2626693520.jpg,1,1
3725848276_2103614520.jpg,5,7
3899906732_2415651520.jpg,10,10
3940157924_2213536520.jpg,3,3
3958004019_3455985520.jpg,6,6
4199027132_1984604520.jpg,1,1
647902783_536101520.jpg,12,11
778683973_2935507520.jpg,2,10
1058593427_2597666521.jpg,0,0
1065991888_1934023521.jpg,3,3
1138332405_563729521.jpg,6,6
1189474581_3133948521.jpg,9,9
1352529168_4257988521.jpg,0,5
1533037494_1220195521.jpg,12,12
1537463222_2858578521.jpg,9,9
1541116821_315006521.jpg,0,4
1569360597_2860080521.jpg,10,10
1828566722_3752690521.jpg,6,5
1869080256_2938129521.jpg,1,1
1997806359_1965509521.jpg,8,8
2012976209_2899782521.jpg,2,2
236170222_3900288521.jpg,11,11
3112496947_2280842521.jpg,13,11
3247804544_990360521.jpg,11,11
3297099977_4225999521.jpg,2,4
3634958206_2347038521.jpg,11,11
365838183_2155902521.jpg,3,3
3689054225_3989110521.jpg,0,13
3728460330_548378521.jpg,8,8
3941024536_2510165521.jpg,8,8
415956290_470331521.jpg,4,2
416569320_1018893521.jpg,3,11
4197165000_2405764521.jpg,2,1
685845671_877096521.jpg,11,11
739787302_234999521.jpg,13,13
759149382_516572521.jpg,3,1
787230194_1590424521.jpg,7,7
1099275794_3783699522.jpg,4,2
1262694425_2540827522.jpg,9,3
1313333988_1490881522.jpg,9,9
1328868690_1071221522.jpg,8,8
1585817409_3088936522.jpg,0,11
1625613861_95291522.jpg,8,6
177039370_2825448522.jpg,4,2
1854695900_3351400522.jpg,9,7
1877526949_3047819522.jpg,6,8
193362560_971564522.jpg,0,1
2332244627_1778849522.jpg,6,10
2584784914_2376317522.jpg,1,1
332345871_2124410522.jpg,10,10
3591929696_4274384522.jpg,12,12
3760662587_2314114522.jpg,3,1
625594966_3308013522.jpg,6,8
1606696073_3950275523.jpg,9,9
2336381339_384744523.jpg,6,6
247239673_3247402523.jpg,10,10
2536545237_3718307523.jpg,8,8
2722642237_1599131523.jpg,5,5
284041895_1226883523.jpg,6,6
3000473334_1046897523.jpg,7,6
3022783539_3706616523.jpg,4,0
3199429519_1604911523.jpg,10,10
3209863537_3707082523.jpg,8,8
3399217452_1753541523.jpg,3,1
3589531780_3603268523.jpg,7,6
3868237173_2117636523.jpg,8,8
3903901382_3392042523.jpg,11,11
4159304136_1459021523.jpg,6,6
4234129730_1404624523.jpg,1,1
651275626_1253060523.jpg,10,10
89951755_3278184523.jpg,12,11
919627108_3545379523.jpg,3,2
1092545345_744215524.jpg,9,9
1267919028_851555524.jpg,11,0
1451523173_2954415524.jpg,3,11
1454152140_1340180524.jpg,13,13
1461130197_2625426524.jpg,0,0
2152014786_1715874524.jpg,1,1
2512124778_3663177524.jpg,3,1
2692754664_3553035524.jpg,1,11
2833921888_1392713524.jpg,4,2
2842732354_632261524.jpg,6,8
2991218825_312560524.jpg,11,11
2996126551_231074524.jpg,9,9
3130361408_2893161524.jpg,10,10
341521362_608803524.jpg,1,1
3563346204_1604926524.jpg,9,9
3801473142_218671524.jpg,3,0
381756986_2301908524.jpg,6,7
4206751817_2584576524.jpg,3,3
898637267_1172841524.jpg,8,8
952483056_1359705524.jpg,12,12
996592209_414594524.jpg,4,0
1235637532_801314525.jpg,0,0
130462232_35390525.jpg,6,6
1360007530_2862149525.jpg,1,1
1451878739_2323238525.jpg,7,7
1542570616_521717525.jpg,8,6
181059883_1327119525.jpg,9,9
2001935732_108242525.jpg,13,13
2063082279_4032713525.jpg,4,0
2114816177_3851498525.jpg,4,4
2119768091_2969292525.jpg,12,12
2367041650_4205601525.jpg,2,0
2482738820_3960054525.jpg,0,2
274496249_1148635525.jpg,7,7
3312590336_2027609525.jpg,4,2
3608534817_3862908525.jpg,8,8
4046195628_2265669525.jpg,13,12
576235126_853962525.jpg,7,7
606075300_3363216525.jpg,7,6
1377649886_2663265526.jpg,5,5
1563683489_869211526.jpg,3,3
214787812_4287261526.jpg,8,12
2672161246_1590899526.jpg,2,4
2812821076_3760625526.jpg,10,10
3059446126_898333526.jpg,8,8
3218974941_898352526.jpg,4,2
3363758611_1897795526.jpg,12,12
336787182_900586526.jpg,5,7
3516438801_1033551526.jpg,11,6
3548876676_3787358526.jpg,13,13
3611641189_2444107526.jpg,11,9
3803435822_3824471526.jpg,4,6
3806056391_971912526.jpg,3,11
3836037006_3845412526.jpg,1,1
3948857022_3636626526.jpg,11,11
474332105_1506952526.jpg,10,10
488477672_4002287526.jpg,3,0
542787673_2754939526.jpg,3,11
596833867_2059612526.jpg,1,1
631962729_3036019526.jpg,13,12
94573909_1390253526.jpg,10,10
1048235662_2809401527.jpg,6,7
1369732375_3198700527.jpg,5,2
1445993429_207428527.jpg,1,1
1463315721_3414899527.jpg,1,7
1616956054_802520527.jpg,1,1
1771583697_3895760527.jpg,10,10
1970579168_3567543527.jpg,0,0
1978576510_687958527.jpg,6,8
2149940851_4133930527.jpg,2,4
2201518404_1855661527.jpg,7,6
2307133739_2022885527.jpg,0,0
2396894283_2633989527.jpg,5,12
2644725826_1469912527.jpg,4,4
2943219324_15953527.jpg,3,3
2959613658_3748697527.jpg,11,11
3027039944_518766527.jpg,9,9
3277660153_679374527.jpg,5,5
3423876631_992577527.jpg,5,5
3560251887_1499024527.jpg,8,8
3768272031_1430312527.jpg,6,6
3799234242_1986004527.jpg,6,6
3988740816_1187753527.jpg,3,0
429114269_3013049527.jpg,11,11
819555214_4170716527.jpg,0,12
831566592_2187226527.jpg,0,0
832473506_1937227527.jpg,9,9
872461436_1108166527.jpg,3,3
1010470758_2356827528.jpg,9,9
1017371941_2142886528.jpg,4,3
1398434819_781482528.jpg,13,13
1544827860_1991875528.jpg,11,12
170456464_2816113528.jpg,9,11
1711233267_1504888528.jpg,11,11
1788235523_36861528.jpg,13,0
2048031896_2884236528.jpg,11,11
213539566_3092490528.jpg,10,10
2222406106_2418477528.jpg,8,7
2236386275_3256534528.jpg,9,9
2445908918_3621616528.jpg,3,3
2471328325_3821689528.jpg,0,0
2505513586_362968528.jpg,9,9
2653129602_1317399528.jpg,13,13
2707863413_884193528.jpg,8,8
3563887241_1506015528.jpg,5,7
3964322064_3447253528.jpg,6,6
4234533223_909535528.jpg,3,12
533518053_2289435528.jpg,4,2
729961652_4219228528.jpg,11,11
733528432_3318500528.jpg,12,2
1379752444_3290434529.jpg,1,1
1398267322_4106367529.jpg,1,1
1677805224_2079392529.jpg,13,13
1719479553_1008659529.jpg,12,12
1740775536_3227218529.jpg,3,0
1773056409_3760132529.jpg,0,0
178486422_634526529.jpg,12,0
2492849688_2615542529.jpg,0,0
2552762701_44453529.jpg,7,7
2589542240_3227710529.jpg,13,13
2598081771_1243523529.jpg,1,1
2721341784_342636529.jpg,13,13
283305465_626655529.jpg,4,2
2833676221_292931529.jpg,9,6
2849356011_4009036529.jpg,1,1
2860153282_4160974529.jpg,5,5
3052065486_1494695529.jpg,8,8
3077547145_2384652529.jpg,11,11
3182142214_2363317529.jpg,9,9
3225503062_2159627529.jpg,7,7
3577942837_3287596529.jpg,0,2
3937711454_3375762529.jpg,10,6
500367953_1941005529.jpg,13,13
616824799_3688312529.jpg,6,6
781989616_930765529.jpg,1,1
892306136_3544476529.jpg,3,1
1042562058_3730485530.jpg,8,6
1669544988_1202978530.jpg,0,0
1723773635_3782130530.jpg,11,11
1888231313_4292965530.jpg,3,3
2016301980_3447339530.jpg,2,4
2041293101_1051969530.jpg,0,0
2254409874_239718530.jpg,9,11
2321966991_2858790530.jpg,0,0
2614769796_3636706530.jpg,5,7
2620027882_1304501530.jpg,3,0
2659353194_631348530.jpg,9,7
2712226480_1668423530.jpg,3,3
280645652_276933530.jpg,5,5
2821989318_3550501530.jpg,4,2
3133662046_3724391530.jpg,4,2
3683206214_688033530.jpg,3,1
3725405097_1907530.jpg,1,1
3730482629_3082396530.jpg,6,6
3933125039_2497500530.jpg,10,9
3991183984_1238067530.jpg,5,7
4057059811_2819509530.jpg,3,3
4079404626_981010530.jpg,12,11
4153802759_2995488530.jpg,0,0
4158064720_2036009530.jpg,1,3
4168524577_1502737530.jpg,11,11
655439627_2512585530.jpg,5,7
791421614_1113292530.jpg,9,9
845803812_1351225530.jpg,9,9
1267457394_169915531.jpg,8,6
1319801394_2617988531.jpg,0,0
1390787821_3004894531.jpg,8,8
1545437423_1816397531.jpg,8,8
1716145050_589464531.jpg,8,7
1944572072_3805646531.jpg,6,6
2021234727_3627658531.jpg,9,9
2057695661_2908528531.jpg,4,2
2396381744_3104539531.jpg,11,11
2753026495_935208531.jpg,0,5
280396296_2209518531.jpg,10,10
3110633039_2593191531.jpg,3,3
3181943923_1935662531.jpg,7,7
3306186378_1717373531.jpg,4,11
3976212598_2430130531.jpg,11,11
4155664521_2938753531.jpg,0,0
953862527_982278531.jpg,10,10
966974577_2636020531.jpg,9,9
1386087476_3822035532.jpg,12,11
1766805867_403635532.jpg,0,0
1771489398_528039532.jpg,9,9
2003727094_3299598532.jpg,13,13
2029085786_219097532.jpg,1,1
2053017754_765473532.jpg,12,12
2101385828_2970181532.jpg,9,9
2232119192_4156621532.jpg,12,12
2274090244_1440653532.jpg,0,0
2334602328_2702905532.jpg,2,0
2494491796_1918752532.jpg,12,12
2587817188_1273639532.jpg,5,5
2864414384_2479073532.jpg,3,11
298535585_3544918532.jpg,3,3
2986725433_1171261532.jpg,5,5
3222018795_210211532.jpg,5,5
3437644404_3725261532.jpg,1,1
35198236_2396107532.jpg,13,13
359380923_71999532.jpg,0,0
3743304356_3909925532.jpg,13,13
3972656474_1832413532.jpg,0,3
4195742180_607016532.jpg,3,3
647381339_658466532.jpg,2,2
721698359_4160840532.jpg,6,9
729464658_2073739532.jpg,13,13
90501957_3267966532.jpg,1,1
1091349786_2016839533.jpg,12,13
1138320206_1299683533.jpg,10,10
1208752409_3381705533.jpg,5,5
1217122265_3455016533.jpg,6,8
1462558948_1217182533.jpg,11,2
187478952_4095399533.jpg,2,2
2411013078_1222194533.jpg,0,5
2491124195_1173412533.jpg,12,12
2546774131_3977029533.jpg,1,0
2611010081_1312212533.jpg,9,9
2638376412_656919533.jpg,3,0
2706120737_1890835533.jpg,9,9
2735080953_774374533.jpg,3,3
2793901561_2226268533.jpg,3,3
2879576821_2326018533.jpg,2,4
2912791905_1070912533.jpg,11,11
294024830_3372068533.jpg,13,13
3119955509_2101424533.jpg,11,11
3121683314_4006345533.jpg,5,5
3201389844_1471661533.jpg,11,6
3622733428_3180830533.jpg,13,13
3809336096_1186194533.jpg,13,13
3855093518_2593791533.jpg,10,10
585568818_524958533.jpg,4,4
59263168_3155267533.jpg,12,13
1114681606_1684361534.jpg,3,3
1351852526_1492153534.jpg,2,0
148836701_3926580534.jpg,10,10
1721913900_72186534.jpg,10,10
1808806847_3857868534.jpg,9,9
1884358993_321281534.jpg,1,1
1884460664_2826597534.jpg,0,0
189332665_3863600534.jpg,8,7
1898186704_1448386534.jpg,13,13
2211734922_2923110534.jpg,3,3
2490461876_3787431534.jpg,5,5
2637970711_1168946534.jpg,6,6
2757165442_1785885534.jpg,6,6
2908381723_3679661534.jpg,13,13
3028335541_2068620534.jpg,11,11
3069150763_333158534.jpg,13,1
3120530322_2243023534.jpg,10,10
329801057_619406534.jpg,3,3
3526584776_2935569534.jpg,8,5
3802035184_1138696534.jpg,11,11
3882380606_1656929534.jpg,10,10
3886076490_118046534.jpg,0,0
4142736009_4056123534.jpg,4,2
439351388_3536789534.jpg,12,12
450257775_351787534.jpg,11,11
478330942_1272389534.jpg,10,10
504448388_2264282534.jpg,5,6
647699699_1646007534.jpg,3,3
725349045_419584534.jpg,11,11
886545443_3145353534.jpg,11,0
106848839_2465487535.jpg,4,2
1127166167_1790284535.jpg,2,10
1266150217_1011634535.jpg,13,12
1500371499_843473535.jpg,13,13
1643743470_1656598535.jpg,9,9
1649027179_1473736535.jpg,1,1
196085347_1479348535.jpg,11,2
2111818998_293251535.jpg,3,3
2653091995_997159535.jpg,13,13
2732523413_4270001535.jpg,5,5
2830267812_2914746535.jpg,3,3
3057492016_2711911535.jpg,1,1
316386097_2432669535.jpg,12,12
3599423156_2604382535.jpg,3,3
3601849717_2143261535.jpg,13,13
3784214303_2343665535.jpg,9,9
854173873_3285523535.jpg,13,13
956184509_846511535.jpg,1,1
957635948_3696711535.jpg,11,11
1085932408_133121536.jpg,8,1
1918531477_2663149536.jpg,5,5
2094742324_3250685536.jpg,2,2
2261102673_786487536.jpg,13,13
2330180133_1838091536.jpg,3,12
2380594919_875493536.jpg,9,7
2457252498_984239536.jpg,8,8
2478538080_1006071536.jpg,3,0
2492302030_3010977536.jpg,1,1
2511316398_2458093536.jpg,11,2
2559290081_1496718536.jpg,6,8
2701770971_306683536.jpg,0,2
3112197131_3086753536.jpg,0,0
3167611040_1769410536.jpg,12,11
3496888235_772870536.jpg,0,0
3660973780_1587198536.jpg,2,2
3693704916_1290685536.jpg,3,0
3832007708_3396266536.jpg,12,12
3833944307_3080370536.jpg,4,13
4032970197_3966540536.jpg,8,8
4076529222_3004211536.jpg,1,1
4168536699_3505398536.jpg,1,0
550312893_198547536.jpg,12,12
786819291_538227536.jpg,4,2
1043150689_2670339537.jpg,7,6
109485085_1773028537.jpg,11,11
1118512763_3882979537.jpg,10,10
1195445863_875780537.jpg,0,0
1408384296_4183694537.jpg,8,6
1785631083_1156996537.jpg,3,3
1812830067_2167124537.jpg,3,3
1815229525_64356537.jpg,8,7
2097458838_3387440537.jpg,9,9
2273866872_1530630537.jpg,5,5
2444534282_1893283537.jpg,10,10
2472121993_312749537.jpg,8,8
2491605262_1364580537.jpg,12,0
3078391789_1114526537.jpg,4,2
3350800406_2380429537.jpg,12,12
3382334972_2145179537.jpg,11,11
3402203273_921025537.jpg,10,10
3404809565_1719268537.jpg,4,2
3900401240_302200537.jpg,5,2
4124328869_3835481537.jpg,10,10
510227153_400147537.jpg,11,1
515930484_1475142537.jpg,2,4
613651597_3354722537.jpg,4,2
647055901_1730309537.jpg,10,10
914790089_3033379537.jpg,0,0
1050779294_3913516538.jpg,10,2
1130461940_2234133538.jpg,3,1
1235433694_2563471538.jpg,9,9
1478842849_287072538.jpg,4,0
1584212664_3312034538.jpg,7,7
1664111383_2042482538.jpg,1,1
25723803_3964171538.jpg,9,9
2771333892_288200538.jpg,9,9
2918233366_3970876538.jpg,9,9
2973038192_3347681538.jpg,0,0
318600520_205019538.jpg,11,11
3722139798_4022603538.jpg,1,0
4248108389_1975288538.jpg,3,11
4266620523_942209538.jpg,3,11
497418826_2784763538.jpg,1,1
1026886034_2676304539.jpg,13,13
1361729046_841383539.jpg,11,11
1680294315_4025832539.jpg,1,11
1702128710_2852003539.jpg,0,1
2032885884_3325977539.jpg,12,11
2115324348_2452128539.jpg,3,3
2119194720_4080528539.jpg,13,13
2241922283_3506210539.jpg,11,1
2251812257_1613522539.jpg,3,3
2286513276_3657480539.jpg,9,11
2394963981_150058539.jpg,5,5
2733431413_1146001539.jpg,8,8
2785306120_2169274539.jpg,4,1
2863400239_3570421539.jpg,5,5
2955185971_573619539.jpg,1,1
3029638646_1270816539.jpg,4,2
3099185024_469274539.jpg,8,8
3129946827_622108539.jpg,9,9
3216490865_351628539.jpg,1,1
337639326_2279856539.jpg,9,9
3651050898_2626840539.jpg,3,3
3716597283_4234087539.jpg,12,12
3814604567_1445515539.jpg,13,2
412071535_1071756539.jpg,6,8
4184819516_3681596539.jpg,7,6
4251398487_2571213539.jpg,12,12
490290353_2086810539.jpg,10,10
532732457_1184685539.jpg,1,11
722252989_3602614539.jpg,6,6
79369421_4115727539.jpg,3,1
820117524_1723340539.jpg,5,5
959418744_2659730539.jpg,4,5
101692450_829578540.jpg,6,8
1214034218_3831984540.jpg,9,9
1281976322_2275761540.jpg,0,0
1387785651_1536102540.jpg,3,3
1502872264_1701698540.jpg,12,12
1578686802_59379540.jpg,13,13
1673062529_3426369540.jpg,13,12
1940283742_2047745540.jpg,0,13
1982171441_4151460540.jpg,9,9
2376264025_782250540.jpg,2,11
2862871744_1694746540.jpg,1,1
2903043969_806564540.jpg,1,1
3145312689_1801739540.jpg,11,11
3166432083_4066075540.jpg,0,0
3201893419_1549170540.jpg,2,4
3254369838_3857499540.jpg,13,13
351983869_1097030540.jpg,8,6
3556599971_1980324540.jpg,4,2
3600473115_2269906540.jpg,11,11
554277427_1805663540.jpg,13,13
686944850_223177540.jpg,13,13
829464469_639575540.jpg,8,7
923387049_2297373540.jpg,5,5
1215223058_656401541.jpg,3,3
1238081731_4002403541.jpg,1,1
1258807715_339121541.jpg,13,13
1603600455_3790705541.jpg,10,10
1625099873_3278294541.jpg,3,11
1706553090_4262203541.jpg,5,5
1743851438_3364769541.jpg,0,0
1824525934_1276903541.jpg,0,11
191115818_2577258541.jpg,5,5
2220934978_3537043541.jpg,11,11
2254689902_3532369541.jpg,12,12
2473284232_2807287541.jpg,1,1
2645613806_2379461541.jpg,5,6
2741184721_889444541.jpg,7,7
2810788767_2297987541.jpg,10,10
2820617710_2770829541.jpg,3,3
2861622594_260984541.jpg,11,2
2881597024_4003373541.jpg,6,6
2937418347_1395270541.jpg,11,11
2970474040_2927278541.jpg,1,1
3263439183_4255491541.jpg,11,11
3460689458_1618732541.jpg,11,11
3509771810_1896251541.jpg,6,8
3513247153_1732451541.jpg,1,1
3581462297_3353132541.jpg,5,5
4074583715_3430975541.jpg,13,13
4212240920_2903827541.jpg,7,1
566578637_1663105541.jpg,13,13
662663798_2290102541.jpg,5,2
835554791_2422251541.jpg,13,13
976801055_300554541.jpg,3,3
1055812032_1442965542.jpg,11,11
1140762626_3049656542.jpg,10,10
1537574108_124737542.jpg,11,11
2180770403_830204542.jpg,6,6
2395295545_2626712542.jpg,8,8
2442034694_2228651542.jpg,2,0
2832184313_3533370542.jpg,0,0
2953428545_268983542.jpg,10,10
308978760_3997106542.jpg,9,9
3151825865_3139176542.jpg,4,2
3307854019_3011035542.jpg,12,12
3363927634_3708198542.jpg,11,6
3813012549_3164562542.jpg,2,4
3914750472_4021524542.jpg,13,12
420993933_3306168542.jpg,8,8
4245441378_1941927542.jpg,9,11
483922998_3413904542.jpg,9,9
608438258_3631834542.jpg,9,9
618003787_1234488542.jpg,10,10
618119169_2045131542.jpg,10,10
662812185_329369542.jpg,11,11
762405539_1419891542.jpg,1,1
1193042531_1916417543.jpg,13,13
121527515_2887714543.jpg,8,6
1508084469_1764911543.jpg,11,12
1523841090_2398887543.jpg,3,3
1554083851_2273387543.jpg,8,8
155823404_3093854543.jpg,13,13
1602301655_478594543.jpg,10,10
1747860942_4160926543.jpg,9,9
1901789672_345799543.jpg,9,9
1950794891_3100523543.jpg,1,1
2151503349_1288122543.jpg,0,11
2217046792_1396681543.jpg,5,6
2504383898_38651543.jpg,5,5
2610675880_1878932543.jpg,9,9
2668613063_508615543.jpg,11,11
2796799150_2864219543.jpg,3,3
2882787222_4214543.jpg,5,5
3111517947_3100556543.jpg,3,11
3518481466_3416967543.jpg,5,5
351962512_3807067543.jpg,7,1
3845800852_3752094543.jpg,3,3
3892802731_1749301543.jpg,11,3
4066458453_1381131543.jpg,8,8
4067387941_1451682543.jpg,0,0
4094949263_2197840543.jpg,13,13
433032904_2259032543.jpg,8,7
847882996_4254981543.jpg,10,10
967534865_298102543.jpg,0,11
100041819_2534070544.jpg,2,2
1004691157_214196544.jpg,9,2
1204920397_2470469544.jpg,3,3
1335184798_4103144544.jpg,2,6
140064924_390113544.jpg,6,7
1570300837_399123544.jpg,13,13
1570590808_1992716544.jpg,8,1
1869910777_3995153544.jpg,5,5
1874499077_3385848544.jpg,3,3
2377419507_597301544.jpg,10,10
2382022330_1009877544.jpg,12,11
2502211683_1178334544.jpg,10,10
2756421491_1187414544.jpg,4,2
3035039024_4171455544.jpg,5,5
3229931421_2275822544.jpg,5,5
3233654678_1263008544.jpg,4,0
3290887257_1119429544.jpg,0,0
3294321493_2900751544.jpg,13,0
3312471679_3457973544.jpg,12,12
3328348339_2969122544.jpg,11,12
341854312_4008996544.jpg,13,13
3876418977_3073434544.jpg,5,6
4029584407_152300544.jpg,4,2
534502870_1629221544.jpg,2,2
63160932_2860947544.jpg,9,9
654278037_391767544.jpg,7,6
724018918_1737547544.jpg,8,12
834434063_1224232544.jpg,13,13
835266008_3963140544.jpg,11,11
1610113904_333491545.jpg,5,5
1629712511_1377523545.jpg,1,1
1904501010_3215189545.jpg,2,2
1994699242_4164069545.jpg,6,7
2344635163_1079075545.jpg,7,6
2607798796_1700173545.jpg,1,1
2625605163_1687790545.jpg,3,11
273100492_3545484545.jpg,4,2
2856875612_1717113545.jpg,8,8
2938852563_548171545.jpg,13,12
3058407957_3325612545.jpg,1,1
319588660_204623545.jpg,12,11
3691072787_1922759545.jpg,11,11
3694714246_1625168545.jpg,7,7
3776164184_2967845545.jpg,3,1
3808617674_489627545.jpg,9,9
4054984627_178022545.jpg,2,4
4098287796_3813268545.jpg,5,5
4125168450_3583858545.jpg,12,12
4199954014_2045525545.jpg,9,9
4206096727_2237514545.jpg,9,11
586813786_1562000545.jpg,4,2
62539806_1302015545.jpg,9,9
645201871_3666311545.jpg,5,5
767948876_1705146545.jpg,13,13
918900984_1807517545.jpg,6,6
949429522_2276468545.jpg,12,11
1188067703_1289792546.jpg,7,7
1215698576_3711179546.jpg,4,0
1433920123_2746183546.jpg,1,1
1996483278_264308546.jpg,3,0
2108873619_2685612546.jpg,8,8
2362858471_748522546.jpg,5,2
2558957131_4192486546.jpg,0,0
2617517518_2427111546.jpg,13,12
2643829404_2213249546.jpg,5,5
2753292089_1185672546.jpg,10,10
2812057545_2997890546.jpg,3,3
2862256817_2929293546.jpg,6,9
28736052_2820737546.jpg,0,5
2904834943_688518546.jpg,0,5
291033123_456167546.jpg,11,11
314298491_2156004546.jpg,13,13
332917687_2652528546.jpg,3,0
3352885381_2170703546.jpg,4,2
3391200836_4037771546.jpg,12,11
3522765711_2216840546.jpg,5,5
3867842770_3152403546.jpg,5,6
401745034_1369765546.jpg,11,11
4066487116_2205595546.jpg,8,6
4124653344_3331465546.jpg,8,8
454774733_1744037546.jpg,0,13
468275689_3767048546.jpg,12,0
542448961_2450552546.jpg,5,5
70483210_1390376546.jpg,7,11
880635696_47424546.jpg,0,0
1078990531_2513979547.jpg,5,7
118536945_3871537547.jpg,10,10
1277592241_1688763547.jpg,0,0
1577653004_3145423547.jpg,5,5
1734395673_2598656547.jpg,6,6
1799500590_2407225547.jpg,3,1
1949127216_3543488547.jpg,1,1
2549589215_3868802547.jpg,9,9
2602948987_2669267547.jpg,3,0
2659177168_1149430547.jpg,13,13
2708520318_321756547.jpg,13,13
2795969289_417166547.jpg,10,10
2798898640_3039643547.jpg,0,0
2819781804_1874929547.jpg,7,7
3114232635_4262595547.jpg,8,8
3180399761_1603132547.jpg,7,7
3339792092_3237891547.jpg,3,3
3572846500_2553247547.jpg,10,10
3961030081_3903613547.jpg,11,11
4097380329_332486547.jpg,4,2
4251059533_3307629547.jpg,1,1
465214966_394131547.jpg,1,1
543110769_977629547.jpg,3,3
720372090_2871790547.jpg,1,1
786055109_3201817547.jpg,11,11
808819005_1514685547.jpg,2,2
1011590975_3384779548.jpg,10,10
1199659793_2118357548.jpg,13,13
1431950931_3034653548.jpg,3,3
1493637153_1945048548.jpg,1,1
1671335680_603569548.jpg,10,10
2209650411_1439669548.jpg,11,3
2323595493_3027483548.jpg,9,6
2550712152_733969548.jpg,0,5
2620067261_1166666548.jpg,13,13
2807517754_40990548.jpg,1,1
285779421_1290929548.jpg,12,12
3331344429_3275541548.jpg,9,9
3418342708_2087053548.jpg,4,2
3497951930_1884429548.jpg,3,3
3620658719_2899732548.jpg,1,1
3839117934_261897548.jpg,10,10
4064551010_314564548.jpg,6,9
4118979110_1021861548.jpg,8,8
4161747999_2304097548.jpg,11,11
721016925_3663932548.jpg,11,11
747290659_3516233548.jpg,11,12
931363332_575337548.jpg,4,2
1003959714_4246935549.jpg,4,0
187492443_632719549.jpg,4,0
2197086750_3018432549.jpg,12,13
2234228364_152624549.jpg,3,0
2802703667_1605809549.jpg,12,12
2895189803_865467549.jpg,6,8
2900351530_147457549.jpg,10,10
3143902260_2247997549.jpg,9,6
3255542355_3174850549.jpg,10,10
335571495_4133251549.jpg,3,3
3368195811_4237059549.jpg,0,2
3382571199_3560438549.jpg,13,13
3440652921_3574800549.jpg,10,10
354653311_3041565549.jpg,13,13
3654301694_2227159549.jpg,11,11
3975006043_3402424549.jpg,8,7
3989357911_3279470549.jpg,6,6
413223241_3734076549.jpg,1,1
4146303424_3584449549.jpg,13,13
4286857541_1404819549.jpg,11,12
4288418516_3066601549.jpg,3,1
480401023_3807599549.jpg,3,3
577995216_3773274549.jpg,5,7
606129399_2744339549.jpg,12,0
65745378_2187697549.jpg,13,13
709917534_4053116549.jpg,7,1
710415794_2610830549.jpg,8,6
1132817550_312630550.jpg,0,0
1171845992_3878429550.jpg,4,7
1552774397_3127995550.jpg,9,9
1601875607_4003286550.jpg,1,1
1780669152_1981406550.jpg,11,9
1841372754_1060298550.jpg,4,2
1861695426_224398550.jpg,3,0
2274902722_2609206550.jpg,13,0
229586759_580664550.jpg,1,1
2336001513_2530234550.jpg,5,5
2338249163_719482550.jpg,7,7
24311781_1693125550.jpg,11,11
2433358096_704681550.jpg,11,11
3810273590_2412053550.jpg,1,1
525467173_2310657550.jpg,3,1
71234900_1717796550.jpg,6,6
730374932_857489550.jpg,12,0
776998244_2415945550.jpg,5,5
854347233_2351270550.jpg,2,0
914383078_955232550.jpg,6,6
983921874_3773594550.jpg,10,10
1210441579_1123102551.jpg,6,5
147180862_142074551.jpg,0,0
1476578299_1797489551.jpg,0,0
1532672901_1348801551.jpg,1,1
1714427216_1695214551.jpg,8,0
171557417_1182452551.jpg,5,5
1849320648_2889365551.jpg,3,3
199159114_2644262551.jpg,9,6
2011157655_2447796551.jpg,11,11
206139533_964021551.jpg,3,11
2384114937_582890551.jpg,1,1
2395962514_2783390551.jpg,8,8
2457915102_2379809551.jpg,3,1
2555986597_56033551.jpg,4,0
265478251_1195834551.jpg,13,12
2700538445_83537551.jpg,3,12
2895070306_446613551.jpg,8,8
2903517121_1749838551.jpg,11,2
3013190648_1582938551.jpg,1,9
3064452975_1205288551.jpg,10,10
313112619_2250241551.jpg,9,9
3212913720_614722551.jpg,4,2
3279108970_3928362551.jpg,1,1
3341478268_1416425551.jpg,9,9
375403756_1620641551.jpg,13,13
3850327724_3712708551.jpg,3,11
4008524276_743311551.jpg,3,1
42445396_2308546551.jpg,1,3
807865865_3526460551.jpg,4,2
1277395259_2837992552.jpg,3,3
1292234177_3456210552.jpg,5,5
1304238637_373409552.jpg,11,11
1309165160_2024209552.jpg,10,10
1647418627_3789651552.jpg,5,5
1661588188_3546188552.jpg,13,4
169088006_1920269552.jpg,11,11
1763381335_3329458552.jpg,4,2
2174931277_168910552.jpg,12,12
2329806726_2367944552.jpg,1,1
2445046911_1326485552.jpg,9,9
2447435369_3383577552.jpg,9,9
2536223095_1780282552.jpg,9,9
2581063753_1057605552.jpg,11,11
2593344923_85944552.jpg,9,9
2608089327_1040987552.jpg,2,2
2735640340_787332552.jpg,8,12
278954922_2149217552.jpg,3,11
2882258086_3542494552.jpg,3,3
3002417359_3516691552.jpg,9,9
3030268158_988454552.jpg,11,11
3273763311_4147818552.jpg,12,13
3588023662_555552.jpg,4,2
3638450877_4211986552.jpg,7,7
3661625714_2355334552.jpg,5,5
3693167294_405849552.jpg,3,3
3807117251_3069141552.jpg,4,2
3924803956_1575645552.jpg,0,0
4124109329_3555765552.jpg,12,12
4233897324_1269411552.jpg,13,12
4282459469_2203271552.jpg,7,7
659739002_37929552.jpg,3,3
863124442_682783552.jpg,13,13
1233224113_1211464553.jpg,13,13
1719863654_1671805553.jpg,13,11
2191913358_3268158553.jpg,5,5
2501526632_3278699553.jpg,1,1
2750365612_1515198553.jpg,6,8
2831570941_3782645553.jpg,10,10
3160984994_3489336553.jpg,11,11
3351909323_1896422553.jpg,10,10
3561266575_539462553.jpg,10,10
3592917350_3918766553.jpg,10,10
3594220918_554979553.jpg,8,8
3644400413_574441553.jpg,13,13
37738398_435696553.jpg,1,1
3847139106_1016066553.jpg,4,2
4154833533_1555399553.jpg,3,3
764874391_3362476553.jpg,4,4
826283594_1166887553.jpg,13,13
1092819339_2219640554.jpg,5,6
1107248032_2528553554.jpg,10,10
1123915397_4192208554.jpg,10,10
1162236013_1636913554.jpg,5,5
1164350175_914122554.jpg,4,2
1438223063_2717316554.jpg,11,2
1483432845_3462127554.jpg,11,12
1662834152_1693542554.jpg,10,2
2322536490_245085554.jpg,13,11
2631620717_3023986554.jpg,10,10
2868246538_1489775554.jpg,6,6
3106135755_3402784554.jpg,9,6
3265542860_2083947554.jpg,9,9
3437208760_924585554.jpg,12,11
3476769220_4176606554.jpg,9,9
4059672990_3987956554.jpg,8,8
4171008294_1556985554.jpg,4,2
4188836219_1278669554.jpg,12,13
4204789462_1129624554.jpg,10,10
4209603186_1241961554.jpg,7,6
545232975_264973554.jpg,5,2
582779996_3543807554.jpg,10,10
61214566_3249138554.jpg,5,6
616214303_1764641554.jpg,10,10
832540066_2891556554.jpg,10,10
86476285_423888554.jpg,13,13
1047503912_2403073555.jpg,5,5
1499816474_3018455555.jpg,3,3
1520706002_2326442555.jpg,4,5
2178139978_3650999555.jpg,7,6
2206843312_2173407555.jpg,1,1
2226098478_1125079555.jpg,10,10
2493551862_898166555.jpg,12,12
2497309199_1349319555.jpg,9,6
2613588472_1417532555.jpg,13,13
2842197886_2314950555.jpg,5,5
2930691298_1181815555.jpg,4,4
3000828812_3694258555.jpg,3,1
3303320618_2904626555.jpg,5,5
3590264704_3271333555.jpg,8,8
3604251143_43131555.jpg,9,6
3696012949_1511898555.jpg,3,0
4103427025_216800555.jpg,6,6
4252556219_3372236555.jpg,4,2
46572232_4067376555.jpg,13,13
704479436_2805257555.jpg,6,8
780970197_1965231555.jpg,5,5
810031359_4271697555.jpg,4,13
815145193_3438569555.jpg,4,4
949166358_1067412555.jpg,8,6
1034168293_39744556.jpg,3,3
1659049072_2994980556.jpg,10,10
1978586161_2391804556.jpg,10,10
204379091_101331556.jpg,1,9
2254205600_1654160556.jpg,9,11
2430591766_1915423556.jpg,8,6
2801240856_2666622556.jpg,12,7
3153842602_1588106556.jpg,0,2
3187722507_1391685556.jpg,9,9
3382996125_241278556.jpg,1,7
3444309099_2214545556.jpg,9,6
355500121_2656399556.jpg,0,0
3614739064_870480556.jpg,1,1
3634401570_1775354556.jpg,0,0
3830853670_1149777556.jpg,6,6
3927474525_131404556.jpg,11,11
4080309210_1505883556.jpg,9,9
4226302186_4188644556.jpg,6,8
4234536876_498169556.jpg,6,9
456912147_4075328556.jpg,7,8
834597088_1825703556.jpg,0,2
895920271_1556437556.jpg,8,6
951289741_3060960556.jpg,8,8
1086130219_146603557.jpg,9,9
1232105336_998690557.jpg,4,0
1309894205_3131203557.jpg,5,5
1376573038_2536171557.jpg,9,2
1420143605_3901106557.jpg,5,12
1963124489_2546109557.jpg,13,13
2099039296_3680257557.jpg,9,9
2110356508_4265234557.jpg,10,10
2319712438_4148018557.jpg,0,0
243590382_1205497557.jpg,4,2
2455363611_1457799557.jpg,2,4
2524529056_470927557.jpg,1,1
2548796212_4217860557.jpg,12,11
259958224_1723122557.jpg,12,0
2712538251_1976487557.jpg,5,7
2882776659_981803557.jpg,1,1
3095275279_2264289557.jpg,0,0
3325081293_2287099557.jpg,13,0
3329727702_3133470557.jpg,8,8
3510156030_3578151557.jpg,3,3
3628947505_68382557.jpg,12,12
3634055335_1957546557.jpg,2,2
3640034788_59506557.jpg,8,6
3646229756_1303377557.jpg,5,0
3655217687_4201960557.jpg,12,12
3746141852_4167370557.jpg,11,11
3803510806_1020397557.jpg,10,10
3931883255_215826557.jpg,8,8
3943259953_1132461557.jpg,7,7
4181287463_3150804557.jpg,3,0
4273454102_2686827557.jpg,3,11
507712179_1294731557.jpg,5,5
643460258_144304557.jpg,2,4
692442980_3202480557.jpg,0,2
755080194_1173176557.jpg,5,5
860425950_4031235557.jpg,5,5
1006122128_2354234558.jpg,11,11
1606946013_1350736558.jpg,2,2
1748573377_3268315558.jpg,2,10
2065276856_2757351558.jpg,13,13
2345721725_1234974558.jpg,3,12
2453707924_4251680558.jpg,13,13
254966032_2933197558.jpg,13,13
2555675398_579847558.jpg,3,3
2725145903_157972558.jpg,9,9
2903425194_760146558.jpg,5,5
3128807050_1067995558.jpg,2,4
3408471459_2313542558.jpg,1,1
3448541626_2445321558.jpg,10,10
3478291771_3149045558.jpg,12,12
3765539320_2553303558.jpg,3,0
3963617167_4216961558.jpg,13,13
3989605087_2494157558.jpg,1,1
490060663_2306834558.jpg,3,1
788944064_2038769558.jpg,5,5
1119491326_2874597559.jpg,11,11
1147544847_2225194559.jpg,5,7
1398348245_1427219559.jpg,3,3
1458896428_753091559.jpg,12,11
1540026094_2218545559.jpg,2,2
1571466789_1805723559.jpg,12,12
1886594176_3446575559.jpg,6,6
2107480692_2638732559.jpg,4,2
2423553371_3038639559.jpg,10,10
2942167097_557248559.jpg,6,6
2981320673_2112383559.jpg,13,13
3108531750_3048596559.jpg,1,0
3157342424_1114326559.jpg,0,0
3211298839_4099131559.jpg,6,6
3557200516_1863022559.jpg,12,12
3650832862_1539401559.jpg,2,0
3669878405_2804974559.jpg,8,8
3846001517_1679631559.jpg,2,2
3934249796_1082974559.jpg,8,7
4033510321_266637559.jpg,11,11
508353317_1804167559.jpg,7,7
536118352_2867796559.jpg,3,11
875308160_1265804559.jpg,10,10
1008561485_1625210560.jpg,9,9
1345464619_3534606560.jpg,6,9
1753730794_1605233560.jpg,11,0
1779862475_2332965560.jpg,10,10
231585536_1052195560.jpg,7,7
2388502999_1058245560.jpg,4,2
2678881696_2902201560.jpg,13,13
3013873301_79593560.jpg,0,11
3017137746_2384120560.jpg,10,10
3156783489_2581116560.jpg,9,9
3412994435_2008092560.jpg,9,9
3418623772_1087470560.jpg,1,1
3567057714_1951178560.jpg,7,6
3804484269_811758560.jpg,5,7
4101849917_554509560.jpg,13,13
4199021479_3491382560.jpg,3,3
477396459_3021813560.jpg,5,7
577538507_1700531560.jpg,13,13
785248598_489567560.jpg,3,3
869238815_129178560.jpg,12,2
1166824837_618598561.jpg,1,1
1231587096_3929851561.jpg,0,12
1252734444_1753305561.jpg,5,5
1483501999_3112402561.jpg,10,10
1748019270_120830561.jpg,10,10
1790761574_2476914561.jpg,3,1
1802088939_912184561.jpg,7,7
1925587301_3060757561.jpg,8,8
1927019511_2651258561.jpg,13,13
2025862916_592438561.jpg,13,13
2203320483_977075561.jpg,5,5
2259746642_3254546561.jpg,1,1
2274577583_3216788561.jpg,1,1
2411003486_1347924561.jpg,13,13
2442687569_1342265561.jpg,4,2
2467251898_390250561.jpg,6,8
2518240854_210812561.jpg,0,0
2586835111_474329561.jpg,5,3
2630696788_2130838561.jpg,5,5
2702057840_4158657561.jpg,12,12
2870275953_761872561.jpg,6,8
2878207026_3142671561.jpg,3,2
2997709664_1889516561.jpg,4,4
3029371860_1575500561.jpg,1,0
3068913287_2879271561.jpg,0,2
3282506633_2293828561.jpg,3,3
3426058907_2226898561.jpg,1,1
3610328384_547109561.jpg,6,6
3744823313_1173294561.jpg,0,3
3855064714_1317972561.jpg,8,8
3952103352_3317551561.jpg,1,3
421616597_2090710561.jpg,12,12
526703104_3679082561.jpg,13,13
546318289_2109880561.jpg,3,1
739757141_2561388561.jpg,13,13
986566493_487335561.jpg,1,0
1130332942_3343359562.jpg,3,1
1145022585_138144562.jpg,3,3
1207598196_4192206562.jpg,8,8
165652990_106414562.jpg,1,1
1778208283_536230562.jpg,7,7
1967451012_122728562.jpg,3,1
2366541954_2217276562.jpg,3,3
2480478393_1664038562.jpg,5,7
253695656_3715406562.jpg,10,10
2551514518_3469761562.jpg,6,6
2593946536_3188164562.jpg,13,13
2672691776_4033080562.jpg,0,11
3382246223_831849562.jpg,13,12
3405136082_379689562.jpg,13,12
4116222109_3593556562.jpg,6,6
518660293_3570492562.jpg,7,11
567782221_1951159562.jpg,12,0
658348163_2391260562.jpg,11,2
871305347_3686934562.jpg,1,7
151709680_4009008563.jpg,1,1
1577908785_1326216563.jpg,10,10
1735433149_2958067563.jpg,4,2
2072108028_283450563.jpg,13,13
2673961749_2867457563.jpg,5,7
2714509967_1114204563.jpg,4,2
2969058110_2805287563.jpg,3,1
2978798931_3929068563.jpg,6,11
3154462950_848819563.jpg,8,11
748241976_2123284563.jpg,10,10
795576450_3894185563.jpg,3,3
987060786_3627598563.jpg,3,3
1345492484_602968564.jpg,6,6
1546212441_1885703564.jpg,11,11
160226703_9034564.jpg,11,3
184784426_661812564.jpg,9,9
2343648138_2224903564.jpg,13,13
2538426841_3342666564.jpg,12,11
2617611025_1391424564.jpg,10,10
3030808181_3795860564.jpg,5,5
3075146896_2354879564.jpg,0,0
3174350251_102663564.jpg,10,10
3541599033_1766374564.jpg,9,9
3549858111_3336156564.jpg,7,7
3554219110_3471225564.jpg,8,6
3856468210_3824669564.jpg,7,7
3988110698_442173564.jpg,12,0
4075512933_3872874564.jpg,1,1
4120644992_3038509564.jpg,3,3
444518012_2725812564.jpg,13,0
843401543_219477564.jpg,2,2
877272635_2610040564.jpg,11,12
929204472_1663337564.jpg,1,1
1037838168_3638961565.jpg,7,8
1141361045_2371846565.jpg,1,1
1216475957_1320598565.jpg,3,0
1247738397_1223183565.jpg,13,13
1256936841_2498700565.jpg,5,6
1276962823_224803565.jpg,10,10
1495176271_349443565.jpg,6,9
1572473146_379013565.jpg,13,13
1775385048_549613565.jpg,5,5
1805683984_4254060565.jpg,6,8
1831362154_4186045565.jpg,1,1
1882875860_653954565.jpg,8,8
1939673883_3363139565.jpg,5,5
2064609464_3160663565.jpg,4,2
2168068725_1420948565.jpg,7,7
2298147302_3601158565.jpg,9,9
3129272326_3459682565.jpg,3,3
3245711004_4063280565.jpg,1,1
3279125349_1895340565.jpg,13,13
3541703770_3150478565.jpg,3,2
3762715494_744810565.jpg,13,13
3982135970_151182565.jpg,11,12
4046619186_1391555565.jpg,13,12
4082798168_3172227565.jpg,0,0
548854896_2645599565.jpg,10,10
568769634_122075565.jpg,4,2
924481068_3069293565.jpg,3,3
1188669597_3145166566.jpg,5,5
1213641168_1520072566.jpg,6,8
1539114292_825892566.jpg,12,1
1781224510_1215002566.jpg,7,1
1801774435_2642630566.jpg,1,1
1801903339_2929670566.jpg,2,2
1851919596_3902721566.jpg,6,6
2138738409_402023566.jpg,1,1
2285758992_255420566.jpg,13,13
2362482894_542402566.jpg,0,13
2461211716_2668673566.jpg,6,8
2487667854_2661315566.jpg,7,7
275464922_2284567566.jpg,9,9
2814937025_1097299566.jpg,9,9
2873126934_4154316566.jpg,1,1
3059859603_3312885566.jpg,1,1
3226745504_4550566.jpg,4,2
3259026296_2448956566.jpg,12,12
3316127613_1750705566.jpg,1,1
3555190337_1357838566.jpg,4,2
3589459600_1736188566.jpg,9,9
3719383739_3564974566.jpg,3,3
3909592222_2613368566.jpg,10,10
3947053402_1702126566.jpg,4,0
4272222291_3470829566.jpg,1,1
51232273_913800566.jpg,5,5
604405510_2838740566.jpg,3,3
862338885_2786172566.jpg,10,10
1112403568_2170981567.jpg,5,7
151169745_9986567.jpg,6,9
1531891406_2549364567.jpg,9,9
1533213037_3118667567.jpg,11,2
1539372050_2838687567.jpg,2,4
1643734400_3253763567.jpg,4,4
1655010333_4286736567.jpg,1,1
1890155423_636606567.jpg,13,13
1891080350_3491879567.jpg,2,4
1999683446_1476513567.jpg,10,10
2328477123_1273306567.jpg,3,11
2667599584_1639938567.jpg,8,6
2826100613_4256820567.jpg,12,11
2864018316_2449798567.jpg,11,11
2928630867_1536035567.jpg,5,5
2965067989_2231879567.jpg,13,13
3144485972_3929657567.jpg,11,0
3312426931_2037468567.jpg,0,0
4004870640_1017633567.jpg,1,1
4046471548_2240687567.jpg,9,6
509832223_2975964567.jpg,13,0
593116546_3344847567.jpg,13,13
660592199_4207546567.jpg,1,1
920591258_1306505567.jpg,9,9
1076553824_3262145568.jpg,11,0
130252398_3560285568.jpg,13,13
1325422781_34224568.jpg,12,12
1679971378_1703563568.jpg,9,9
1797371865_3786427568.jpg,9,12
1808271421_2177696568.jpg,3,1
2377069163_3150675568.jpg,9,9
2491903156_3796947568.jpg,8,8
2494158849_4178660568.jpg,8,7
2770120808_2856944568.jpg,10,10
2862293263_1861935568.jpg,3,11
290062043_3858863568.jpg,3,3
2949276935_558360568.jpg,10,10
3059847977_787212568.jpg,3,1
306840724_1912484568.jpg,0,13
3139176411_3431209568.jpg,3,0
3251169199_1178898568.jpg,13,1
3641510105_2133232568.jpg,8,12
3784018435_2638364568.jpg,13,13
3853247683_2071533568.jpg,9,9
3865800705_2866372568.jpg,11,11
3884330466_1256989568.jpg,13,13
4032524654_3639405568.jpg,1,3
4219335853_3863095568.jpg,2,7
4233283360_2282122568.jpg,13,13
581724945_945655568.jpg,3,0
712277879_3172901568.jpg,13,13
861805405_3511750568.jpg,6,6
977548384_1065453568.jpg,13,13
1012029008_132883569.jpg,1,1
1110941447_1805807569.jpg,0,0
2225711566_1932601569.jpg,3,1
3138590007_3639604569.jpg,7,7
3157521490_1854653569.jpg,10,10
3168676201_2905432569.jpg,0,11
317300831_2701407569.jpg,1,1
3308944404_2130260569.jpg,11,11
3397986702_460682569.jpg,3,3
356598007_939799569.jpg,3,1
3909924936_1143336569.jpg,5,5
393620470_3462071569.jpg,11,11
4004251924_494458569.jpg,12,11
649640962_2086875569.jpg,3,3
671293131_469176569.jpg,8,8
71201410_4274082569.jpg,6,11
815979591_2398347569.jpg,8,8
830111413_2715205569.jpg,11,0
838731290_824249569.jpg,8,7
866199386_2133537569.jpg,5,7
93077026_1732739569.jpg,2,2
1029488681_2417846570.jpg,12,12
1100329905_3628711570.jpg,10,10
1185652805_4219012570.jpg,9,9
1215625688_1579657570.jpg,10,10
1271112796_3903626570.jpg,7,8
1361425201_4162525570.jpg,8,8
1395278093_3692159570.jpg,11,11
1608176963_4185623570.jpg,3,1
175776198_3014624570.jpg,9,9
2199847079_2465353570.jpg,8,8
2219893881_142691570.jpg,11,11
2600009668_144398570.jpg,9,9
2683597052_3465283570.jpg,7,7
269329761_3678792570.jpg,2,4
2851880533_3931668570.jpg,0,5
2883717189_2341387570.jpg,5,8
3617207632_2608208570.jpg,8,8
3644623544_3050176570.jpg,3,3
3782575745_4057331570.jpg,0,0
4057277992_1200561570.jpg,6,6
4071572172_1956316570.jpg,0,13
4099760350_1970552570.jpg,6,6
4156789361_1059086570.jpg,4,2
523963864_3352570570.jpg,3,3
56982331_1536778570.jpg,10,10
59821566_2439879570.jpg,7,7
822261822_2165492570.jpg,5,7
1018806286_1329809571.jpg,9,9
1435833282_3425076571.jpg,5,5
1446683482_2689862571.jpg,8,6
1656667480_3171029571.jpg,6,6
1896615811_856390571.jpg,12,7
2026219183_2954825571.jpg,10,10
2115334340_812641571.jpg,3,1
2234303273_865380571.jpg,7,7
2350709333_474008571.jpg,11,0
2666213052_4278105571.jpg,3,0
2704328598_2078451571.jpg,13,13
2705116237_4199450571.jpg,4,2
3288715484_1681872571.jpg,3,1
3314548230_1743498571.jpg,9,9
3406306644_2117595571.jpg,10,10
3499442212_3338158571.jpg,8,8
3538348394_2212383571.jpg,10,10
3556821888_249816571.jpg,0,0
3703407697_2068852571.jpg,1,7
3790516286_2457421571.jpg,6,6
3797404377_1507927571.jpg,12,0
3982152257_1059366571.jpg,4,2
4000291288_2228594571.jpg,4,2
4056822947_4234892571.jpg,5,5
4091403104_463115571.jpg,2,11
4120724869_2070437571.jpg,13,13
634769673_2752908571.jpg,13,13
943279806_1993832571.jpg,3,2
966592191_2647843571.jpg,11,11
970236280_644399571.jpg,0,0
1035268779_2164963572.jpg,13,12
1282194893_2857274572.jpg,0,0
1434189719_3072283572.jpg,12,11
1445050344_932684572.jpg,1,1
1674595178_3114782572.jpg,9,9
1885742740_2462833572.jpg,3,1
1923023485_236543572.jpg,12,7
1947003543_1673256572.jpg,11,11
2334221951_28450572.jpg,0,0
2514892409_2510499572.jpg,3,1
2944090456_1570223572.jpg,8,8
3206366642_2973783572.jpg,10,10
3365139081_4222975572.jpg,9,9
3430679393_903385572.jpg,9,11
3455030621_2184990572.jpg,1,1
4085099980_3991381572.jpg,6,6
4105338157_347572572.jpg,8,6
482412290_1544826572.jpg,9,9
54922809_3980386572.jpg,2,2
700140078_1985513572.jpg,5,5
92951966_3485222572.jpg,1,1
1216442458_153017573.jpg,4,4
1597621269_2085689573.jpg,4,2
172555279_3931776573.jpg,8,6
1802343611_2214356573.jpg,11,2
1882678891_51279573.jpg,12,12
1892725572_1830408573.jpg,3,0
2218106898_117612573.jpg,3,11
2367758053_2644147573.jpg,10,10
2440221551_1645310573.jpg,10,10
2484023818_3640487573.jpg,13,5
3131954927_4251663573.jpg,0,0
3362326748_2641423573.jpg,8,8
3502331709_2631048573.jpg,3,3
3505737738_2329237573.jpg,0,0
3509135180_2240196573.jpg,4,2
3681796664_2421047573.jpg,7,7
3819505713_1194685573.jpg,9,6
3875853051_135093573.jpg,11,11
4168871409_3533484573.jpg,3,1
525306179_1609155573.jpg,8,8
542895219_3613090573.jpg,3,11
592062021_1833602573.jpg,11,0
844075836_1294538573.jpg,12,11
106914885_2763298574.jpg,1,7
1243700996_2117106574.jpg,12,12
1672261784_1445280574.jpg,5,7
1676548135_3500439574.jpg,6,7
1683848658_2810192574.jpg,1,0
1897280499_3979832574.jpg,0,0
1906470688_2595818574.jpg,6,7
1954632090_274413574.jpg,0,0
2159732080_2207836574.jpg,4,11
2202294331_2182732574.jpg,12,12
2679445514_841324574.jpg,5,7
2968424139_1774279574.jpg,11,11
3111230894_93553574.jpg,6,6
3933172057_1810020574.jpg,11,6
413682560_1183583574.jpg,13,13
4234433365_4236272574.jpg,9,9
477589029_141186574.jpg,5,5
649687159_118335574.jpg,10,10
6595461_2634686574.jpg,13,12
747270226_923604574.jpg,12,12
1121293470_2381687575.jpg,12,11
1132415458_1826543575.jpg,9,9
1159719845_837466575.jpg,3,3
129920145_2455540575.jpg,8,6
159735264_1104765575.jpg,8,12
1759552166_3248836575.jpg,12,7
1764062203_401523575.jpg,4,2
1865856948_1277476575.jpg,3,11
1983032010_1213554575.jpg,10,10
2043692906_4042796575.jpg,0,11
206687026_914316575.jpg,5,9
2131048662_894027575.jpg,1,11
2268719412_1651271575.jpg,4,11
2388343180_934604575.jpg,2,4
2453897677_635915575.jpg,9,6
2476315641_1141869575.jpg,9,9
2520181176_3179183575.jpg,9,9
2841072531_1231995575.jpg,2,11
2986163067_1587608575.jpg,12,11
3112944318_941899575.jpg,13,13
3291320754_3578598575.jpg,4,4
334905542_1911252575.jpg,1,1
3386026644_2199359575.jpg,10,10
3440446500_3051542575.jpg,11,11
3444247674_3784131575.jpg,8,7
3447205864_4167281575.jpg,11,11
3696576203_973760575.jpg,11,0
378208358_667595575.jpg,1,1
4122660465_2872009575.jpg,3,1
4292574441_848696575.jpg,9,9
430346071_3187403575.jpg,2,11
489358997_1038731575.jpg,5,5
499011190_3213200575.jpg,8,8
818452879_482726575.jpg,8,6
905083834_3023568575.jpg,10,10
1043712545_2830783576.jpg,13,13
1191272840_2494533576.jpg,6,2
1253998163_2881849576.jpg,6,6
1257229464_886013576.jpg,11,11
152437414_3700111576.jpg,0,0
1697783139_3009276576.jpg,3,0
1801660069_1951770576.jpg,12,12
1836004168_2953316576.jpg,13,13
1894629248_3486183576.jpg,11,11
2068514992_3229189576.jpg,5,7
2088934045_65808576.jpg,0,0
209548083_1518995576.jpg,5,5
2201236809_775286576.jpg,1,1
2409762977_2806954576.jpg,9,9
2632569384_3221138576.jpg,6,9
2647040245_1325355576.jpg,0,0
2654764983_145114576.jpg,1,1
2676005801_4092474576.jpg,12,12
3391836771_3762706576.jpg,5,7
3400496590_31445576.jpg,12,0
3410135292_3336699576.jpg,9,9
3459205869_1543965576.jpg,13,13
3476003603_4061683576.jpg,8,6
3636792491_910063576.jpg,8,8
3655727183_764625576.jpg,11,2
52785961_2020446576.jpg,0,1
619244908_2901563576.jpg,9,9
715821989_3383800576.jpg,13,13
925592233_3668882576.jpg,13,13
1017321188_3219095577.jpg,5,5
1088374421_3704598577.jpg,6,8
1140745417_1985908577.jpg,10,10
142454681_1719242577.jpg,11,11
1502542991_1306942577.jpg,8,8
22387139_4035843577.jpg,13,13
2266500996_4271720577.jpg,11,11
2332048857_715985577.jpg,5,7
2490332573_808062577.jpg,4,2
2543169779_2001096577.jpg,3,2
2578124883_1282784577.jpg,4,2
3402903045_2883659577.jpg,1,1
3447243332_1677166577.jpg,3,0
35293713_2642300577.jpg,12,13
3537856020_1011651577.jpg,1,1
366078927_2401724577.jpg,5,5
3672154859_2026823577.jpg,0,0
383283275_194979577.jpg,6,8
4085951594_835461577.jpg,13,13
4102050884_2291430577.jpg,9,9
686781760_479205577.jpg,1,1
1116218062_1623244578.jpg,7,1
1478305176_1060569578.jpg,8,8
1548189241_2304206578.jpg,12,12
2133535251_1418779578.jpg,3,3
2183474677_3810170578.jpg,6,6
2198723910_2352114578.jpg,5,8
2301989477_3447786578.jpg,0,0
2973051680_3355047578.jpg,8,6
3029446966_1258350578.jpg,7,8
3794727265_3187387578.jpg,3,3
3840031606_621346578.jpg,12,0
3947217126_4149615578.jpg,3,1
4044514176_3723931578.jpg,13,13
63874407_4011494578.jpg,12,12
689059457_3424877578.jpg,6,6
765241709_3162328578.jpg,10,10
837521182_1913969578.jpg,4,2
1147778420_1547523579.jpg,13,11
1198205247_473218579.jpg,8,8
1277435810_2708478579.jpg,5,5
1484172276_942452579.jpg,9,6
1683512360_1285481579.jpg,8,12
1948718254_3959410579.jpg,4,2
1979555352_1496073579.jpg,9,9
1995354294_1281242579.jpg,13,13
205536679_877381579.jpg,9,6
2125900794_2003030579.jpg,6,6
2459515135_3877685579.jpg,9,9
2605067873_2056238579.jpg,9,9
3484845440_239883579.jpg,9,9
3507537471_490468579.jpg,9,9
351917280_3057877579.jpg,9,9
3804394994_3524566579.jpg,1,1
3836961128_4268855579.jpg,7,7
3890851492_3122610579.jpg,8,8
3972271830_3821798579.jpg,13,13
4136249550_910036579.jpg,9,1
437462953_3655179579.jpg,6,7
47191894_4015302579.jpg,3,3
569182460_3222585579.jpg,11,11
848052484_3123972579.jpg,10,10
926367550_2995049579.jpg,6,8
932794025_1745572579.jpg,3,0
938604298_2945934579.jpg,11,11
1192315473_4182226580.jpg,1,1
1226681790_3016066580.jpg,0,4
1453721909_2934728580.jpg,1,1
1533872947_434474580.jpg,1,1
1586247743_2757498580.jpg,0,0
1874686096_4269720580.jpg,3,3
2071323238_2811325580.jpg,3,3
207376096_4071221580.jpg,9,9
2095112009_1733250580.jpg,9,9
272322943_3018954580.jpg,13,9
335398862_1239141580.jpg,1,11
363850265_225835580.jpg,3,3
365935767_2540000580.jpg,3,3
382284432_947097580.jpg,5,7
3952488812_3516690580.jpg,7,7
4045069987_1544456580.jpg,0,7
4197939794_1005994580.jpg,5,5
4226941643_685890580.jpg,5,5
431507799_1850105580.jpg,0,11
63207738_1238376580.jpg,13,12
806905295_365482580.jpg,2,4
817075388_1703941580.jpg,0,0
832507855_2538275580.jpg,8,6
924191511_3465535580.jpg,6,6
122815498_3407696581.jpg,0,0
1389356832_1933243581.jpg,0,0
1428296287_3711219581.jpg,1,1
147322007_13182581.jpg,9,6
1831144679_2222213581.jpg,12,12
1909774705_2008097581.jpg,5,2
2149280155_2805794581.jpg,5,5
2152346473_89443581.jpg,8,7
2159561903_710476581.jpg,8,8
2423774307_1761553581.jpg,11,0
2428604761_180340581.jpg,13,13
2452482494_1496482581.jpg,8,8
2535332705_1988428581.jpg,9,9
2961131849_3161910581.jpg,8,8
3314717480_790569581.jpg,11,12
3391857445_2844938581.jpg,3,0
3482194996_2265919581.jpg,10,10
3704933012_27068581.jpg,3,3
4234427280_278363581.jpg,7,7
560638448_1407252581.jpg,8,5
593400133_416509581.jpg,10,10
736319536_3984473581.jpg,11,6
867387527_3508540581.jpg,11,11
933194678_136903581.jpg,11,11
1055011374_2724456582.jpg,4,0
111418498_928018582.jpg,11,12
1161797606_43538582.jpg,6,7
1288745659_1365860582.jpg,5,8
1473927569_3196769582.jpg,12,11
2081193137_1058967582.jpg,10,10
2127444781_2980967582.jpg,8,6
2129467292_2954530582.jpg,4,2
2307313338_3126270582.jpg,1,1
253612761_1977522582.jpg,3,0
2666373077_4248030582.jpg,10,10
2776488725_1140481582.jpg,6,6
2795228270_2063059582.jpg,5,7
2935690679_2640491582.jpg,3,1
3124057758_36185582.jpg,1,1
3129320212_2611519582.jpg,13,0
3227897876_1262847582.jpg,1,1
3284960204_3469309582.jpg,2,0
3388716112_3308080582.jpg,13,13
3432953831_588629582.jpg,3,1
3473296609_3274173582.jpg,5,5
3690573708_365812582.jpg,5,5
3701628829_1370291582.jpg,5,5
4078602033_4254125582.jpg,12,11
4250831090_4154986582.jpg,6,6
511964257_749820582.jpg,8,8
959719433_1510562582.jpg,13,13
969064324_184938582.jpg,2,2
1044354073_3746120583.jpg,3,12
1282963111_1166174583.jpg,5,5
129930027_989377583.jpg,3,3
153107737_3275975583.jpg,0,0
1537873044_3016630583.jpg,2,4
1587478826_1215743583.jpg,11,11
180864915_3702023583.jpg,9,9
19807585_4059034583.jpg,11,11
2069775181_173554583.jpg,11,11
2167881864_1798503583.jpg,0,12
2260764786_2176735583.jpg,8,8
2292750010_222242583.jpg,11,11
2586917591_3058676583.jpg,1,9
2619402654_3829786583.jpg,6,6
2692926754_2056094583.jpg,5,5
2784293114_1573822583.jpg,0,11
2834070753_254229583.jpg,5,5
2973482341_1830039583.jpg,8,8
3696964222_3445083583.jpg,9,9
3924256576_523634583.jpg,10,10
468211624_3321127583.jpg,12,11
680044279_805576583.jpg,5,5
708882039_3095726583.jpg,2,13
96119006_9718583.jpg,8,7
1013912308_1231888584.jpg,13,13
1202793692_1193377584.jpg,13,13
1239869142_2603610584.jpg,9,9
133186516_1067658584.jpg,1,1
1403303673_3703627584.jpg,10,10
1533625992_4231591584.jpg,3,3
1770463408_3099441584.jpg,8,8
1795673343_525010584.jpg,12,11
1865959343_1331739584.jpg,5,7
1984706252_2886628584.jpg,6,11
2136258798_2540848584.jpg,4,2
2224693114_3959745584.jpg,5,7
2260206345_1337271584.jpg,13,13
2386338523_2826651584.jpg,3,3
2413405186_4016430584.jpg,8,8
2500664878_1954123584.jpg,10,10
2637116838_2266776584.jpg,0,2
2717818051_1033384584.jpg,8,7
2749741408_1897452584.jpg,11,11
3025014030_3825660584.jpg,3,3
3106980053_771332584.jpg,4,4
3112686054_3985592584.jpg,2,2
3396260126_228844584.jpg,7,6
3494474224_559097584.jpg,0,0
3708733723_4143025584.jpg,2,0
3728838918_1033750584.jpg,0,7
3749759633_1783407584.jpg,8,8
3801085383_1428496584.jpg,10,10
381052142_945721584.jpg,5,5
3877083673_2380901584.jpg,10,10
4088741677_581872584.jpg,13,13
572217549_519270584.jpg,11,11
587714484_1981556584.jpg,8,8
699645960_495695584.jpg,5,5
914315007_2770609584.jpg,3,3
1126284567_3627675585.jpg,1,0
148508339_1985388585.jpg,3,0
1513440320_4160896585.jpg,2,11
2117498319_3076894585.jpg,8,8
2124298215_2108912585.jpg,4,2
2140528671_2337442585.jpg,0,0
2237694105_2424935585.jpg,4,2
2481493955_3325686585.jpg,9,9
2520952558_2714817585.jpg,5,7
2526574208_317902585.jpg,6,7
261707051_3912901585.jpg,5,5
264741764_3328611585.jpg,4,5
2690363222_119723585.jpg,1,1
279451474_3360322585.jpg,10,1
2971893180_1222059585.jpg,0,0
3221389763_99217585.jpg,6,6
3454730995_463787585.jpg,9,6
349217058_1488602585.jpg,0,0
3583947411_1164439585.jpg,4,2
3805458120_3062025585.jpg,4,2
3825440873_2219147585.jpg,9,11
3896889772_4277230585.jpg,6,6
4237621307_462991585.jpg,13,13
498440496_3749562585.jpg,8,8
686555759_2350808585.jpg,13,0
958205286_812464585.jpg,9,9
991501255_2360186585.jpg,1,1
1064247470_174270586.jpg,8,8
1233625058_4025681586.jpg,9,9
1318003338_3616643586.jpg,13,13
1392119137_1177163586.jpg,1,1
1482356188_2694120586.jpg,6,9
1646995218_4191117586.jpg,5,7
1841227972_2951551586.jpg,13,0
2614662288_3783020586.jpg,1,1
286723074_2317883586.jpg,9,9
2868987542_2466299586.jpg,5,5
297910658_1677393586.jpg,2,0
3309025534_1006051586.jpg,5,5
3487098789_3630387586.jpg,9,9
364327815_3718946586.jpg,10,10
3665317585_3086597586.jpg,6,6
36916911_1300541586.jpg,0,4
3841096424_449211586.jpg,11,11
395110709_1545489586.jpg,6,6
4269962357_2474185586.jpg,4,13
638902119_1434757586.jpg,11,11
820395888_274818586.jpg,5,5
971411689_3011862586.jpg,3,3
973010664_4104252586.jpg,2,2
994801230_6940586.jpg,7,6
1083874310_2700628587.jpg,1,0
10838873_2394563587.jpg,3,11
10895239_1576748587.jpg,4,11
1309112123_4258992587.jpg,2,2
136820398_439052587.jpg,5,7
1599245730_2603918587.jpg,3,3
176880675_193205587.jpg,9,9
1979965647_2740390587.jpg,5,7
2009620515_736550587.jpg,3,3
2026650699_3329215587.jpg,6,6
204138204_1359619587.jpg,9,9
2187360851_1090334587.jpg,11,6
2923869639_340021587.jpg,3,0
2984311604_1492604587.jpg,3,0
3070609132_1527555587.jpg,10,10
3103582494_3239764587.jpg,7,7
3161222131_2579735587.jpg,6,8
3255003895_2251012587.jpg,4,2
3396097316_2771515587.jpg,5,7
3813304794_1483259587.jpg,10,10
3816355558_1292504587.jpg,0,0
399196556_2928888587.jpg,2,2
3999665886_3463251587.jpg,6,8
4101809767_2215705587.jpg,9,9
4161473764_3656550587.jpg,7,5
4162361705_3152804587.jpg,7,6
4290839865_2725947587.jpg,0,0
743784163_3461124587.jpg,13,13
823406570_2114745587.jpg,5,6
1123464879_2240825588.jpg,2,11
1322310895_1116412588.jpg,3,12
1496053402_1423238588.jpg,5,5
1803685753_4274188588.jpg,4,0
190618195_906535588.jpg,0,0
1951160292_445964588.jpg,0,0
204723916_3873794588.jpg,5,5
2646287516_4283262588.jpg,5,5
2768368995_2888023588.jpg,5,5
2782499932_2597046588.jpg,3,11
3136726018_1002977588.jpg,11,11
3343783368_239871588.jpg,5,5
3362458431_2865667588.jpg,3,3
3708624736_2321609588.jpg,6,9
389106454_3772391588.jpg,5,5
3932738692_1683657588.jpg,10,10
4013115536_4244422588.jpg,5,5
4070629238_3446575588.jpg,8,8
497217924_3105134588.jpg,13,13
514798070_1834430588.jpg,5,7
725584297_2263367588.jpg,4,0
74196837_1309055588.jpg,12,11
984379056_818527588.jpg,8,8
1003428150_3998701589.jpg,13,13
1011734834_874714589.jpg,0,0
1107585474_3103159589.jpg,3,3
1208483881_4086203589.jpg,10,11
1292851780_2584481589.jpg,11,11
1350215919_3689309589.jpg,12,12
1464648717_25273589.jpg,9,9
1505878351_1613239589.jpg,1,11
177180906_3240904589.jpg,8,8
2235886211_884184589.jpg,1,1
2331194125_3480738589.jpg,1,0
2358568281_332455589.jpg,12,0
25262597_4236548589.jpg,13,13
2536320187_2205908589.jpg,1,1
2749636172_1100110589.jpg,5,0
3010070205_2304035589.jpg,9,7
3163767269_2086055589.jpg,3,3
3173464383_1161874589.jpg,5,0
3181689781_4012313589.jpg,0,0
3604420731_852383589.jpg,11,11
3909665755_1421553589.jpg,2,2
4161777429_1447302589.jpg,10,10
56795794_3163126589.jpg,6,11
674298808_3091763589.jpg,6,6
74452859_2504661589.jpg,9,9
791690688_845917589.jpg,9,9
1087322893_9443590.jpg,6,6
1773017891_183025590.jpg,8,8
2040790632_3982355590.jpg,5,5
2234465252_2399781590.jpg,0,0
2327656795_2814471590.jpg,10,10
2931522225_1689675590.jpg,2,4
2983524445_3242044590.jpg,3,0
3041788200_2923367590.jpg,12,13
3468618457_1538338590.jpg,6,8
3972054537_358697590.jpg,0,0
4051012550_3149528590.jpg,2,2
4284695761_1872030590.jpg,0,0
556872614_4288234590.jpg,11,11
600611460_3973283590.jpg,4,4
615184769_2176595590.jpg,0,0
622850903_3755472590.jpg,0,11
662251689_1932770590.jpg,5,5
708766454_3123858590.jpg,10,10
765320873_1672855590.jpg,3,0
788936833_3101240590.jpg,3,3
818547970_3741351590.jpg,0,2
835231823_1506837590.jpg,10,10
903456554_3955135590.jpg,2,0
1037733156_98964591.jpg,11,11
1062172323_1104162591.jpg,5,5
1645381774_519984591.jpg,5,1
1674984640_4152656591.jpg,9,9
1812694477_674537591.jpg,10,0
2227456848_1214052591.jpg,3,3
2247449124_3603032591.jpg,3,11
2295816330_2266825591.jpg,8,6
2316814177_1686655591.jpg,4,2
2321650102_412891591.jpg,8,8
2418284217_532298591.jpg,8,8
2490606966_1443704591.jpg,6,7
2626247990_1503047591.jpg,3,1
2949083096_3510997591.jpg,10,10
3115896803_1413506591.jpg,9,9
3182519574_2339245591.jpg,7,7
3194502918_760199591.jpg,1,11
3303200777_1062345591.jpg,1,1
3534396567_3271780591.jpg,4,0
3617300358_1440885591.jpg,11,0
4046659678_2815538591.jpg,6,8
585560923_1391421591.jpg,9,9
722542015_2929461591.jpg,2,10
93298461_1442298591.jpg,3,1
105035660_4269808592.jpg,9,9
1156280516_3297106592.jpg,12,12
1230467561_388611592.jpg,12,12
1368238732_2777088592.jpg,3,11
1418668435_3003442592.jpg,0,5
1510142094_4135941592.jpg,5,5
1639585758_655338592.jpg,6,11
1763596583_1826762592.jpg,9,11
2557445810_1276581592.jpg,3,0
2564343144_1479669592.jpg,13,13
3436196933_847482592.jpg,11,11
345010558_3092283592.jpg,9,9
4252236084_244377592.jpg,11,1
429574794_1754537592.jpg,11,2
457618839_1656803592.jpg,11,11
507599182_2223805592.jpg,9,9
589221321_1644853592.jpg,11,0
653039752_3304384592.jpg,9,9
705758382_1623199592.jpg,13,0
831347562_580996592.jpg,0,2
1003385769_102795593.jpg,9,11
1120402705_121826593.jpg,6,7
1173744336_2592608593.jpg,4,0
1818970954_2276353593.jpg,0,0
1868132979_2751944593.jpg,5,5
2000440699_481826593.jpg,11,11
2047723533_500319593.jpg,3,1
2669128318_2611374593.jpg,9,6
2694466984_3561592593.jpg,9,9
2813156718_2832309593.jpg,11,11
3288160444_3291300593.jpg,12,11
3298070547_1145768593.jpg,8,8
3340914228_163695593.jpg,11,11
3377871723_4120575593.jpg,1,1
3440542698_3584574593.jpg,9,9
3532367180_3954204593.jpg,13,0
3768478299_151352593.jpg,11,11
3774247038_369516593.jpg,6,8
4038752818_1551352593.jpg,7,7
817254644_3300673593.jpg,9,9
883394289_3490641593.jpg,13,13
970994617_2244911593.jpg,1,1
1028658953_4108063594.jpg,3,3
1151999653_745945594.jpg,6,6
1442660686_2187430594.jpg,12,13
1587653976_3927414594.jpg,10,11
1732632423_3106967594.jpg,10,10
2009912740_2355722594.jpg,10,6
2026197891_2359702594.jpg,5,5
2095791620_1567197594.jpg,3,3
2474409393_395420594.jpg,8,8
2612261330_3136317594.jpg,8,6
2643974228_704669594.jpg,5,5
267514710_1882682594.jpg,10,10
2700149505_1464189594.jpg,5,5
2759877176_815795594.jpg,9,9
295221228_3330551594.jpg,0,0
2988826746_2796531594.jpg,9,9
3426903002_2393548594.jpg,9,11
3502752659_2832772594.jpg,6,6
3564275277_4033097594.jpg,11,2
3750086554_4178801594.jpg,1,1
3824375774_2326048594.jpg,10,10
76496256_2579635594.jpg,5,5
765214754_2574291594.jpg,13,13
174624127_1698476595.jpg,13,12
1990391785_508621595.jpg,8,6
2089641332_75687595.jpg,13,12
21076184_2391413595.jpg,6,6
2141705824_1879254595.jpg,6,6
2285827044_4173808595.jpg,9,9
2378206351_2309345595.jpg,13,13
253915456_4075446595.jpg,1,1
2578817087_1164312595.jpg,9,6
2651640016_2674228595.jpg,11,0
2652815771_4261642595.jpg,3,1
2876373483_1451670595.jpg,2,2
3351651448_42174595.jpg,10,10
3441343323_999820595.jpg,13,12
3768055344_2558361595.jpg,5,5
385068549_3943994595.jpg,0,4
4048048145_781029595.jpg,10,10
4056856483_2252382595.jpg,1,1
4193715845_3016336595.jpg,0,0
619230993_3375176595.jpg,1,1
871655930_4266722595.jpg,9,6
104652218_3840845596.jpg,11,12
1107413935_3293250596.jpg,11,11
12877080_3953974596.jpg,3,3
1430161115_759146596.jpg,13,12
1674408214_1598162596.jpg,10,10
198839810_1010476596.jpg,6,6
2019362934_3576102596.jpg,2,2
2218846448_1318585596.jpg,5,2
2733287967_3835434596.jpg,1,9
281366464_724297596.jpg,11,3
293845541_3310134596.jpg,8,6
3069101206_3292879596.jpg,12,12
3554273419_2783864596.jpg,11,11
3617576104_4006164596.jpg,8,8
3703360892_3350094596.jpg,12,12
3736745373_2600343596.jpg,6,7
4197088804_842874596.jpg,0,11
913165998_3383000596.jpg,5,5
1008318724_2600700597.jpg,0,0
1065843341_149596597.jpg,1,0
1461735798_1576628597.jpg,2,2
197270264_2475452597.jpg,6,6
237558888_3687029597.jpg,7,6
260394867_1335724597.jpg,13,13
266566063_4105182597.jpg,10,10
2669490993_1212322597.jpg,5,5
280729916_2347478597.jpg,2,0
3006191898_265000597.jpg,13,12
3009737400_2945836597.jpg,3,3
3047717994_878468597.jpg,13,13
3218931777_612128597.jpg,10,10
3442768999_3488239597.jpg,2,0
3707434204_1538636597.jpg,9,9
601272539_661275597.jpg,9,9
1019189528_2777819598.jpg,0,0
173774443_3674648598.jpg,6,7
1747789696_270158598.jpg,10,10
1957059779_4007948598.jpg,8,6
1957212043_352041598.jpg,8,8
2135485712_3250533598.jpg,7,6
2190139452_378971598.jpg,4,5
2200118146_1935705598.jpg,4,2
2239274014_3897291598.jpg,0,0
2362694920_2087525598.jpg,12,11
2704022172_1554753598.jpg,3,11
2970844706_804269598.jpg,11,11
358303841_2753749598.jpg,11,0
3848870737_2756361598.jpg,3,1
3861328301_1647776598.jpg,8,8
3938553725_3995473598.jpg,4,2
4133468602_47297598.jpg,0,7
994105085_4193568598.jpg,6,7
1085850979_2188173599.jpg,0,0
1147014589_2182004599.jpg,12,12
116074546_3035004599.jpg,11,11
12386675_3813336599.jpg,11,12
1378555017_2757948599.jpg,13,0
1762214487_4286658599.jpg,8,7
1773177586_2211599599.jpg,12,12
1953316572_3212384599.jpg,2,4
2120326424_3363817599.jpg,12,12
2155345326_1424709599.jpg,1,1
2194257747_3615742599.jpg,4,2
2220663857_2974812599.jpg,8,8
2422416356_3567710599.jpg,0,0
2799090607_3319529599.jpg,8,12
284693678_192655599.jpg,13,13
3599082230_3142916599.jpg,11,11
3715668539_1550169599.jpg,2,2
3940730264_603384599.jpg,11,11
413192502_1087795599.jpg,10,10
4143577303_1407035599.jpg,3,3
4193999256_1892967599.jpg,12,11
4233955518_2754035599.jpg,9,9
426236416_615160599.jpg,8,6
4280204797_1006141599.jpg,3,3
508449522_1589918599.jpg,2,11
791053773_4158944599.jpg,1,1
831233850_10659599.jpg,5,5
897868163_1045475599.jpg,2,4
900995515_2730768599.jpg,0,2
914347570_45368599.jpg,10,10
958165643_2108540599.jpg,12,12
1740195170_1975037600.jpg,4,2
2106003665_34201600.jpg,1,0
2264283190_1114489600.jpg,0,0
2480612796_2668167600.jpg,12,12
2492739316_2484580600.jpg,11,11
251092212_1130061600.jpg,1,1
2714988579_818158600.jpg,1,1
2760184105_756640600.jpg,13,13
2840820405_2636976600.jpg,12,3
3042191260_2577004600.jpg,1,1
3048580419_1744448600.jpg,0,2
3145666617_2772241600.jpg,5,0
3205226553_4261486600.jpg,8,6
3404375898_1415154600.jpg,12,12
3463460839_1711148600.jpg,0,0
3464058929_121571600.jpg,6,8
3512377557_1808770600.jpg,0,0
3629558844_2397132600.jpg,13,13
3652466196_419588600.jpg,3,3
3834045656_3278970600.jpg,2,2
3866665342_3687808600.jpg,3,3
694317480_3122069600.jpg,12,12
840219155_607295600.jpg,9,9
99774179_748512600.jpg,4,0
115842490_3038920601.jpg,5,5
1247473250_1406882601.jpg,13,13
1640699327_2475079601.jpg,4,2
1919677203_2882065601.jpg,5,5
2377943600_316385601.jpg,9,6
3027156739_4194696601.jpg,13,13
3040387056_2205098601.jpg,10,10
3062131341_118848601.jpg,2,2
3207259778_2784865601.jpg,12,12
3242323857_3431653601.jpg,9,9
3340642130_301142601.jpg,5,7
3382500280_3599438601.jpg,0,2
342295528_1829546601.jpg,5,5
3580368939_3252169601.jpg,10,10
3689070431_1859628601.jpg,13,13
3706261191_2380753601.jpg,4,2
3722827131_2112705601.jpg,12,12
4004965237_254487601.jpg,9,9
4058368110_2941092601.jpg,5,5
4243019542_2017501601.jpg,12,2
87532045_2085164601.jpg,1,1
1201346399_3883758602.jpg,5,7
1336895259_1752731602.jpg,13,13
1452956073_1386534602.jpg,4,0
1517220268_4192840602.jpg,5,5
1601269148_1002394602.jpg,4,4
1636740550_2056760602.jpg,10,10
1857350203_3196856602.jpg,9,9
1966354721_340291602.jpg,8,8
2013451319_433114602.jpg,9,9
2016195605_953584602.jpg,0,0
2086361700_411243602.jpg,11,11
2095390049_1701739602.jpg,6,6
2278748886_2403948602.jpg,1,1
2356859521_399867602.jpg,0,0
2383667581_1025016602.jpg,8,7
240463009_398607602.jpg,5,5
3447116313_3718983602.jpg,9,9
3626965273_2397152602.jpg,12,11
363165623_3287447602.jpg,1,1
3663528853_3236380602.jpg,0,11
3716493934_2007438602.jpg,0,0
3980746259_154499602.jpg,1,1
4003694326_50993602.jpg,12,11
4017168169_1721034602.jpg,5,2
4166240274_2453598602.jpg,12,12
4289684269_3634179602.jpg,6,8
519016806_267988602.jpg,10,2
796440671_3921091602.jpg,1,1
94114040_2479480602.jpg,12,13
1179889930_2154383603.jpg,11,11
1333300115_3905220603.jpg,9,6
1464875675_3918881603.jpg,13,13
151744309_191108603.jpg,4,13
1628706148_2839758603.jpg,10,10
1711461765_3876023603.jpg,11,11
1929194153_1980718603.jpg,11,11
1996802006_1778843603.jpg,6,8
1999594430_2368172603.jpg,4,2
2102817537_3479726603.jpg,10,10
2138468291_856866603.jpg,0,13
2180856880_1403369603.jpg,13,13
252441831_479768603.jpg,12,11
2670689271_1292664603.jpg,11,11
2758945171_570876603.jpg,11,3
3055534684_2694120603.jpg,12,0
3141404370_4087269603.jpg,0,0
3187009452_3884758603.jpg,13,13
3322875909_1687148603.jpg,3,1
336053307_2568120603.jpg,2,7
400385205_1994986603.jpg,4,2
4079432444_1682187603.jpg,11,11
4205323912_680205603.jpg,8,8
555020326_1181648603.jpg,9,9
787927745_958998603.jpg,0,0
844950648_978314603.jpg,4,2
898687943_1714723603.jpg,12,11
952549175_2157678603.jpg,13,11
1345850918_949263604.jpg,9,9
167503554_2146973604.jpg,10,10
1774257285_625080604.jpg,1,3
2171836321_2029898604.jpg,11,11
2385739665_1845190604.jpg,1,1
2470818512_1985090604.jpg,7,6
2471721424_2071835604.jpg,13,13
2592556019_4180414604.jpg,5,7
2615753595_2098416604.jpg,4,2
3007441080_954983604.jpg,7,11
309401451_1118357604.jpg,13,13
3414999103_3947017604.jpg,11,4
3633588320_3638268604.jpg,6,6
3687966810_2196864604.jpg,5,5
4123380688_1865277604.jpg,5,5
4263930575_181090604.jpg,13,13
633648853_592184604.jpg,8,6
75359834_3522527604.jpg,3,3
1121811812_1705045605.jpg,10,10
1321728702_3953767605.jpg,10,10
1375038309_1535400605.jpg,9,9
1530813375_2649857605.jpg,11,6
20987528_1825382605.jpg,12,12
2199061073_732496605.jpg,10,10
2222525269_729012605.jpg,8,8
227708578_3504461605.jpg,10,10
2386174156_70635605.jpg,9,6
2409508408_2723705605.jpg,8,6
2972638411_3581066605.jpg,4,0
3087545680_2934649605.jpg,3,1
3290983929_2332389605.jpg,10,10
3292988285_1971285605.jpg,11,11
3385721028_488875605.jpg,4,2
3702755746_1130217605.jpg,11,11
3779938128_1015748605.jpg,6,6
3834183478_3263488605.jpg,3,1
3837192280_1055352605.jpg,1,1
3839814456_3927636605.jpg,5,5
3873532536_3881059605.jpg,9,9
3901470910_852940605.jpg,6,8
4010129205_2633411605.jpg,1,1
498427172_1936350605.jpg,11,13
623870996_2881239605.jpg,6,6
640331520_1864635605.jpg,4,2
910510045_957348605.jpg,0,13
937246232_2459553605.jpg,3,3
1130219492_3360185606.jpg,9,9
1424243934_2127271606.jpg,12,12
1439878825_1911760606.jpg,1,11
1914104403_2904370606.jpg,8,8
1976905217_1029724606.jpg,13,13
2072274118_2040102606.jpg,13,13
209242585_810820606.jpg,1,1
2155285694_2368367606.jpg,0,0
2207558447_624663606.jpg,1,1
221121217_188808606.jpg,6,6
2308674854_1463832606.jpg,9,7
2398269745_425189606.jpg,11,11
2449830011_1773608606.jpg,8,6
2690382884_1136766606.jpg,4,0
2822609741_1310789606.jpg,4,0
2999530186_3361793606.jpg,9,6
3646008964_2884448606.jpg,5,5
3646574205_979342606.jpg,10,10
3758144766_3775338606.jpg,6,9
3898678781_2025608606.jpg,12,0
3916972965_1097394606.jpg,8,7
4191738643_709689606.jpg,10,10
547534896_98665606.jpg,12,11
749640708_401008606.jpg,5,7
901877264_2735553606.jpg,10,10
912649866_3467695606.jpg,9,9
951585415_3949202606.jpg,13,13
1177856146_3876479607.jpg,7,7
1224806209_3356748607.jpg,9,9
1280547238_539094607.jpg,13,13
1674664714_949412607.jpg,10,10
1816257283_3983265607.jpg,3,3
193764214_2229752607.jpg,9,9
2010699484_4163684607.jpg,3,3
208468637_2671371607.jpg,7,6
2130233043_2602125607.jpg,9,11
2262089939_532159607.jpg,9,11
245977789_3818485607.jpg,11,11
2488764623_198775607.jpg,6,7
2615307429_445285607.jpg,9,9
2622203928_1176127607.jpg,12,12
3148201416_3219280607.jpg,6,6
3206623383_1902144607.jpg,4,2
3300655012_1216465607.jpg,11,11
3311315419_1415742607.jpg,8,8
3742196631_2580271607.jpg,11,11
548429951_1817806607.jpg,8,8
606269535_1706405607.jpg,11,2
1046986779_3565072608.jpg,8,7
1095400033_2893149608.jpg,11,11
1199444563_579432608.jpg,11,11
1245338195_150416608.jpg,0,0
139690193_3321466608.jpg,5,5
1582862313_260531608.jpg,10,10
1763498048_1781467608.jpg,6,6
2199761583_681463608.jpg,5,0
2582456774_4142559608.jpg,11,11
2835261458_473250608.jpg,10,10
2889628418_441060608.jpg,12,3
305837305_1613246608.jpg,3,1
3128261240_302945608.jpg,6,8
3153856296_2923289608.jpg,9,9
3248693770_1621821608.jpg,3,0
3333058357_1168077608.jpg,4,0
347405771_2381580608.jpg,2,4
3589776674_3052253608.jpg,12,0
3760806527_3182543608.jpg,0,5
3762830575_1891332608.jpg,3,1
3874547276_667459608.jpg,10,10
392961382_1049072608.jpg,5,5
513691391_3840977608.jpg,13,13
636848361_1687277608.jpg,3,11
1553082014_2349598609.jpg,6,6
1737572365_854191609.jpg,7,7
1744226006_4234096609.jpg,10,10
1765309277_819854609.jpg,8,7
1852516284_252288609.jpg,8,12
1895262039_2465758609.jpg,3,1
1919661134_3067069609.jpg,2,11
1924214043_1622952609.jpg,11,8
2013137263_72475609.jpg,11,11
2027942396_2249051609.jpg,1,1
2255027069_1673885609.jpg,10,10
278231535_3016318609.jpg,12,2
2797251200_1294222609.jpg,11,11
2988471798_1856634609.jpg,10,10
3128213478_1772958609.jpg,8,6
3239188045_1188693609.jpg,6,8
3287915832_3745197609.jpg,3,0
3387874573_3236597609.jpg,1,13
3414114455_493465609.jpg,11,0
3661693459_550361609.jpg,11,11
3684340322_555366609.jpg,4,2
4205677288_341504609.jpg,3,3
4240703403_3059145609.jpg,9,9
4260237093_2240979609.jpg,1,3
4268175705_2616555609.jpg,3,11
559446600_1413852609.jpg,1,11
8567999_4227206609.jpg,9,9
940742089_1801996609.jpg,5,5
990473847_3589268609.jpg,3,1
998594488_1564686609.jpg,1,0
1417011644_3681733610.jpg,8,8
1496415932_490520610.jpg,12,12
1733109382_1406673610.jpg,10,10
1853613260_2081616610.jpg,1,1
1989907056_3563115610.jpg,13,13
2120192424_1898048610.jpg,3,3
252618780_3125364610.jpg,11,0
2605692718_71159610.jpg,9,9
274096619_1202489610.jpg,4,4
2876392891_2217047610.jpg,4,2
2886202100_4200401610.jpg,9,9
3148186099_2061650610.jpg,8,8
3399882524_949426610.jpg,9,9
3420696483_1640579610.jpg,10,10
3490930830_1633792610.jpg,10,10
494842736_656522610.jpg,9,9
569536956_3075112610.jpg,0,0
646460010_3800501610.jpg,11,11
669465910_2202473610.jpg,10,10
682130218_1591876610.jpg,8,8
769319685_4032721610.jpg,10,2
1375309383_3591709611.jpg,0,5
1688171612_3772637611.jpg,13,13
1775673266_3837227611.jpg,12,12
1837254644_3729516611.jpg,3,3
1898289617_1071450611.jpg,1,1
1934850647_1269823611.jpg,12,12
1969065295_2303729611.jpg,8,8
2050620646_1473211611.jpg,11,11
2178034131_2191220611.jpg,5,5
220117032_350486611.jpg,11,12
2236356000_2025862611.jpg,4,0
2412493396_3506667611.jpg,6,8
2477033976_3857900611.jpg,0,0
2531043459_3353430611.jpg,9,9
2561026581_1156297611.jpg,4,0
2697397868_3826585611.jpg,11,11
2766089645_519185611.jpg,6,7
285264088_2380783611.jpg,13,13
3569420334_1912766611.jpg,4,5
3625020465_3508476611.jpg,9,9
3685365211_4093704611.jpg,5,5
3736954650_2607681611.jpg,8,6
4171582963_3074014611.jpg,1,1
4198688894_3990882611.jpg,10,10
578480610_3484047611.jpg,9,9
617476946_1944392611.jpg,9,9
1584775128_168604612.jpg,11,2
1716024980_3070347612.jpg,13,13
1737385461_1485115612.jpg,12,12
1840566115_1405220612.jpg,11,11
1909987678_1511803612.jpg,9,9
1954189615_4108429612.jpg,12,2
2216648979_1233868612.jpg,12,12
2280609988_4159459612.jpg,3,7
3022768225_2741993612.jpg,8,8
3034896876_1674767612.jpg,12,2
3396187462_1175421612.jpg,9,9
3654148034_14275612.jpg,11,11
3854248151_2726238612.jpg,0,7
3970270066_3234496612.jpg,10,10
4059516347_1339474612.jpg,6,7
4245626715_3785397612.jpg,8,8
4256137635_3455337612.jpg,10,2
1104070127_3700941613.jpg,7,7
1402945670_151859613.jpg,10,10
1501360452_3425328613.jpg,13,13
1583877428_3798573613.jpg,0,2
1949510155_1266251613.jpg,3,0
2011724583_82455613.jpg,12,12
226534409_1596577613.jpg,3,3
2634422502_3902461613.jpg,8,8
2661647754_353743613.jpg,5,2
3028408095_3327614613.jpg,1,1
3171951935_362046613.jpg,10,10
3269173533_888659613.jpg,3,1
3601814428_2412787613.jpg,9,9
3643471337_577127613.jpg,3,11
3751268667_272869613.jpg,13,13
3913633057_1357286613.jpg,1,1
4032867624_2977806613.jpg,10,10
4238648410_3419606613.jpg,9,9
812616253_2946911613.jpg,3,3
1009559087_2032919614.jpg,0,0
1030933762_158717614.jpg,13,13
1035972045_3329190614.jpg,0,13
1078908650_126517614.jpg,13,13
1101379779_3300344614.jpg,3,1
1256103376_2856366614.jpg,0,5
1281823469_3233668614.jpg,13,13
1574879389_191621614.jpg,0,0
1719411171_601269614.jpg,7,6
1721962872_3554097614.jpg,3,3
1749640168_3893424614.jpg,12,12
201299872_2568698614.jpg,4,13
2268674785_4243500614.jpg,13,13
2273169596_3600202614.jpg,10,10
2625175360_1460138614.jpg,6,6
2730643583_2619747614.jpg,8,8
2804248788_3286765614.jpg,5,5
2998580963_304859614.jpg,13,13
3025294496_1767476614.jpg,3,0
3867258360_1256099614.jpg,0,7
741832494_3643610614.jpg,1,1
841398072_69590614.jpg,8,8
1039326200_932536615.jpg,12,0
1084057141_1795802615.jpg,1,1
1105376985_1179447615.jpg,10,10
1166992571_3753799615.jpg,9,9
1451509978_1844803615.jpg,3,3
1623726444_2154651615.jpg,10,10
1994550719_2231072615.jpg,9,9
2004919411_2482604615.jpg,0,4
2051857641_396721615.jpg,4,2
2054465634_1655820615.jpg,1,1
2308990190_3147935615.jpg,5,5
2418191615_869045615.jpg,0,11
2785466197_1867569615.jpg,7,7
2795782573_3526653615.jpg,0,0
2980424470_2893920615.jpg,8,8
3547559934_115419615.jpg,11,0
361185814_1398830615.jpg,1,1
3615787746_2079255615.jpg,1,1
3617227_841748615.jpg,11,11
3658812008_3089115615.jpg,10,6
3676528707_853646615.jpg,1,0
3692323156_2463050615.jpg,11,11
3719999383_868464615.jpg,0,0
3792952431_2445932615.jpg,4,2
4019345657_2952532615.jpg,1,1
4227745333_2189843615.jpg,2,2
538763584_430361615.jpg,7,1
626058417_3404298615.jpg,1,1
633562316_4096817615.jpg,12,0
726123148_1562410615.jpg,4,2
742399972_3290071615.jpg,9,6
840468071_1450184615.jpg,9,9
97570595_1450082615.jpg,12,12
1125754951_1897978616.jpg,6,6
1193562180_2731609616.jpg,6,6
1451556135_2380177616.jpg,3,3
1542524679_1776319616.jpg,0,0
1742823855_1774275616.jpg,1,1
1867044185_4135041616.jpg,0,0
2110683770_2234563616.jpg,5,5
2277507166_981381616.jpg,11,3
2425300507_4184668616.jpg,8,8
2488460051_3093095616.jpg,9,9
2753402748_1851717616.jpg,9,9
2908942714_353449616.jpg,3,0
3140282325_3626364616.jpg,13,13
326976525_1914614616.jpg,12,0
3313475558_162914616.jpg,6,8
3404629490_1405236616.jpg,8,6
3515460700_881040616.jpg,13,13
3859181236_4292856616.jpg,3,3
3957758406_4142911616.jpg,0,0
4118560452_2421993616.jpg,1,1
4183514540_3323945616.jpg,4,2
512159595_155184616.jpg,8,5
850683694_714161616.jpg,10,10
893646762_1477607616.jpg,1,1
905713424_3464283616.jpg,1,12
963072112_1366473616.jpg,9,9
1401932658_3898412617.jpg,13,13
2158151186_816185617.jpg,11,11
2257260757_3028891617.jpg,0,0
2400033805_2448430617.jpg,13,13
256490_2266849617.jpg,9,9
2588515352_3810654617.jpg,13,13
260755563_1391473617.jpg,9,9
2798522987_1738428617.jpg,6,6
2849995561_4094049617.jpg,6,7
2864679800_4094367617.jpg,12,11
2950100261_2095516617.jpg,5,5
3019050458_2571213617.jpg,11,11
3319808581_2448407617.jpg,3,3
3414494154_4003075617.jpg,10,10
3458165757_2495717617.jpg,6,6
3472601672_1684662617.jpg,5,5
3561534196_451430617.jpg,9,9
3717374872_1316257617.jpg,4,2
380673594_1069454617.jpg,9,9
3867230554_1135610617.jpg,9,7
3944178272_2521489617.jpg,9,6
3964559912_1892823617.jpg,13,13
4019935962_2017561617.jpg,7,7
4057672278_3498853617.jpg,4,2
1250360732_2527170618.jpg,1,1
1332813249_951385618.jpg,3,3
1347455327_4151806618.jpg,1,1
1367921140_35618.jpg,11,11
1448621269_2516855618.jpg,0,5
1834155737_63324618.jpg,5,6
2005486205_2414782618.jpg,0,11
2230608435_3503603618.jpg,1,1
245420417_2012261618.jpg,0,13
2488370932_3394085618.jpg,9,9
2541125100_4281556618.jpg,3,3
2863780177_3831319618.jpg,3,1
3028692531_3423556618.jpg,12,12
3228775607_166288618.jpg,3,1
3389367325_292820618.jpg,13,13
3516248009_3856167618.jpg,3,3
3603777637_2058870618.jpg,3,0
3803707271_2122222618.jpg,9,9
3962428331_551298618.jpg,1,1
4008236750_702618618.jpg,6,8
412506667_1382796618.jpg,4,2
4127887684_410144618.jpg,5,0
415380120_3038033618.jpg,10,10
4186525449_331087618.jpg,1,1
4203230700_1736005618.jpg,7,7
708801205_3123825618.jpg,10,10
77332814_362397618.jpg,0,0
858952201_3315014618.jpg,3,3
104971460_1624717619.jpg,3,0
1136022277_2461080619.jpg,9,9
1194457762_1608260619.jpg,0,7
1352010400_1586107619.jpg,3,3
1405643267_958685619.jpg,3,0
168237025_2159555619.jpg,2,2
1775454738_1115794619.jpg,3,1
20752500_2584006619.jpg,13,13
2130301848_3360484619.jpg,6,8
2489281938_234195619.jpg,11,11
2568825564_1664714619.jpg,5,5
2623476240_2526093619.jpg,4,2
2684399408_2055104619.jpg,2,2
2696527009_2255875619.jpg,9,9
2824148387_3393689619.jpg,1,1
2834297520_2531946619.jpg,3,0
2940907619_139893619.jpg,13,13
2953659499_3712160619.jpg,1,11
2973619352_2462092619.jpg,3,11
2986327220_941989619.jpg,9,9
3090759129_2375034619.jpg,3,0
3361444130_191135619.jpg,12,12
3373466012_3429283619.jpg,11,11
339568548_3152936619.jpg,12,12
3547527192_4000650619.jpg,8,8
3585568368_3275356619.jpg,8,8
3636023565_931356619.jpg,8,8
3952220652_3615482619.jpg,8,8
4027266316_3943004619.jpg,0,12
4232823176_3842934619.jpg,9,2
4286068745_3176057619.jpg,8,8
473980882_1486798619.jpg,3,0
535165585_2814311619.jpg,0,0
585625119_3838818619.jpg,11,11
906148542_1365117619.jpg,6,6
1039582915_3045953620.jpg,9,9
1206909453_3295331620.jpg,0,5
132994850_3654733620.jpg,7,11
1718779957_904245620.jpg,3,3
1858027421_2736899620.jpg,13,13
2418608299_2314573620.jpg,13,13
2689440423_2728853620.jpg,2,2
2834193503_3008976620.jpg,8,6
3014613787_2617261620.jpg,13,13
3148816045_3467903620.jpg,5,11
328285515_1504968620.jpg,8,8
3447750811_4583620.jpg,1,7
3689240051_292807620.jpg,5,5
3913625288_1886082620.jpg,0,0
4133223595_830042620.jpg,3,0
4175264701_3848521620.jpg,13,13
531756386_3445424620.jpg,11,11
666811965_301750620.jpg,10,10
776965346_3765991620.jpg,9,6
803228022_1995822620.jpg,1,3
884351588_4029383620.jpg,6,6
960770835_755495620.jpg,1,3
982914649_4148753620.jpg,4,0
1065506495_463565621.jpg,9,9
1136487639_2242795621.jpg,11,11
1144767953_3370255621.jpg,5,5
1182724925_3974185621.jpg,0,5
1274759493_146765621.jpg,8,7
1487092853_1902957621.jpg,1,2
1562766578_3756101621.jpg,0,0
162985954_849928621.jpg,12,7
2054104098_178807621.jpg,5,5
2096737775_2897007621.jpg,6,6
2257849090_3186154621.jpg,7,5
2567588828_4128665621.jpg,1,1
2853825930_2675040621.jpg,6,8
29754636_4265861621.jpg,13,13
331036151_3122066621.jpg,3,11
3357472481_1257721621.jpg,5,5
3537002278_3162610621.jpg,8,8
3794448250_290910621.jpg,11,11
3795372100_2597905621.jpg,6,6
3817663615_3925762621.jpg,6,6
3935638198_3765762621.jpg,3,3
4197913719_747366621.jpg,5,0
4201146518_1081737621.jpg,3,3
4275374814_3929854621.jpg,6,8
608305174_3063180621.jpg,9,9
922747185_2129936621.jpg,2,2
1057849808_2058296622.jpg,9,6
1268785080_202551622.jpg,4,2
1320506974_3710063622.jpg,10,10
1364334244_398453622.jpg,8,8
1380822684_2639822622.jpg,13,13
151977471_1436634622.jpg,11,11
1697919150_1358886622.jpg,5,5
1817077934_2205086622.jpg,11,11
1954260503_3989384622.jpg,0,0
2021918418_437337622.jpg,10,10
2034193843_3376149622.jpg,0,0
2108053986_2797015622.jpg,0,0
2192236649_522151622.jpg,3,11
2194834617_2297298622.jpg,0,0
2717497087_2431264622.jpg,4,4
2972807920_653832622.jpg,1,1
3112184886_2939622.jpg,12,0
3117624811_534951622.jpg,0,0
3427393409_3920523622.jpg,12,13
344029447_1706528622.jpg,8,8
3507068871_3913826622.jpg,5,5
3509623126_2783002622.jpg,9,9
3581845621_2202883622.jpg,0,0
4186149758_629417622.jpg,12,12
473634545_1055187622.jpg,0,0
527384074_1071444622.jpg,0,0
746579073_580722622.jpg,6,6
938207310_3575214622.jpg,10,10
1160783079_2525368623.jpg,7,6
1160788417_1768585623.jpg,3,3
1219290615_1380331623.jpg,8,8
1344079349_1842959623.jpg,13,13
136740256_1936631623.jpg,8,8
1381290479_2800954623.jpg,3,3
1408941343_3206954623.jpg,10,10
1447098197_2057207623.jpg,9,9
1593775149_3155610623.jpg,5,2
1595989293_3249631623.jpg,12,3
1987259473_4170327623.jpg,4,2
2206174516_697697623.jpg,10,10
2679633455_4203862623.jpg,11,11
2871428896_1747894623.jpg,6,6
2932759632_1645071623.jpg,3,3
309916708_2430491623.jpg,6,8
3225426368_2223256623.jpg,5,5
324328999_101048623.jpg,6,8
3285105984_3070007623.jpg,0,7
3360451296_2476985623.jpg,3,3
3373177636_1983731623.jpg,10,2
3580017145_3204385623.jpg,8,12
3790938545_3356273623.jpg,6,7
4037831692_1396364623.jpg,5,5
4213274164_1378826623.jpg,2,0
647993573_3842318623.jpg,7,11
654348603_1832561623.jpg,6,7
730509370_3884367623.jpg,9,9
87538437_1367731623.jpg,7,6
1002912971_236114624.jpg,9,9
1085117530_1429627624.jpg,5,5
1712964552_2608204624.jpg,8,2
1822347604_3243508624.jpg,11,11
2113577118_1851507624.jpg,13,13
2189169559_4253163624.jpg,7,7
232358120_2781226624.jpg,8,7
2347704527_310578624.jpg,5,5
2534917324_1503156624.jpg,0,1
2621265702_3056877624.jpg,2,12
2642476107_1405499624.jpg,9,6
3109502956_3800826624.jpg,3,1
3317663253_1741148624.jpg,3,0
3346416844_3774744624.jpg,5,5
3549416096_1881128624.jpg,0,0
3635052351_2351483624.jpg,5,5
3750537265_2968466624.jpg,9,9
3757835660_2737724624.jpg,4,3
4099822635_3822823624.jpg,1,1
4241092070_360078624.jpg,8,7
70854936_3076528624.jpg,1,1
727422720_3443356624.jpg,9,9
889869429_1321763624.jpg,0,0
1206258523_1134414625.jpg,0,0
1471454661_3420804625.jpg,3,3
1586064154_794892625.jpg,9,7
2050057194_1267717625.jpg,7,7
2267792472_3231278625.jpg,2,4
2492884821_823896625.jpg,0,0
2508296546_1121428625.jpg,5,13
258482741_4249289625.jpg,13,13
3215698948_3744805625.jpg,0,0
3353960119_1246977625.jpg,5,5
3457694949_578829625.jpg,3,0
34666934_1180581625.jpg,10,2
3913678722_2143464625.jpg,2,4
3989215939_3775387625.jpg,0,0
4003193868_963421625.jpg,1,1
423978649_2963768625.jpg,1,1
4247995782_2180028625.jpg,1,11
503966739_3942387625.jpg,13,13
598580126_618798625.jpg,0,0
661114251_2203314625.jpg,8,8
906572191_3538949625.jpg,9,9
932656714_759224625.jpg,1,1
1102059491_2831480626.jpg,10,10
1284831500_3122452626.jpg,6,6
1299786837_785772626.jpg,11,11
1477137461_384610626.jpg,12,12
1514339088_908738626.jpg,10,10
1578646643_970929626.jpg,9,9
1646673394_3027123626.jpg,3,11
1662276523_357394626.jpg,3,3
1810074114_2313580626.jpg,11,11
2018192756_3456603626.jpg,3,0
2135847222_155837626.jpg,10,10
2186298135_3832926626.jpg,9,9
2276501550_185862626.jpg,11,11
2524992863_1886317626.jpg,3,3
2655590786_3862809626.jpg,4,2
2667098304_2185801626.jpg,3,3
3070786102_1248349626.jpg,8,12
3331951985_178002626.jpg,1,1
3414639989_4107762626.jpg,5,7
3453502173_3846235626.jpg,0,11
3710487788_3818412626.jpg,9,9
3845141896_591619626.jpg,9,9
4189930933_3384687626.jpg,2,2
472987692_3495564626.jpg,1,1
554078720_4147039626.jpg,9,9
588434777_175919626.jpg,7,6
626292411_3628826626.jpg,3,1
667574200_1774015626.jpg,6,8
763836478_1364276626.jpg,5,5
775694611_4294365626.jpg,9,9
924157356_753079626.jpg,1,1
1006115796_317013627.jpg,2,1
1117264243_2372498627.jpg,3,3
1240903327_3606692627.jpg,3,3
1463396780_2238514627.jpg,0,0
1710430767_3904758627.jpg,1,1
183726968_49201627.jpg,1,1
1873446407_2906292627.jpg,10,10
2236932278_268493627.jpg,2,2
2240504672_719014627.jpg,11,11
2296732601_4001446627.jpg,2,4
2387380608_793904627.jpg,8,8
2618934594_3524786627.jpg,3,3
2677328630_1810981627.jpg,12,13
2800242153_2522759627.jpg,13,13
2918164344_408486627.jpg,0,0
2931742851_563453627.jpg,12,7
3350738759_1931549627.jpg,3,3
3490259114_1066977627.jpg,8,12
3876483082_3442336627.jpg,0,0
395512461_3922978627.jpg,8,8
804281509_1557987627.jpg,9,9
815318581_3082718627.jpg,11,11
875562177_1739475627.jpg,10,10
91813989_3180105627.jpg,0,0
970494185_3220324627.jpg,9,9
974515530_206496627.jpg,0,0
1034026687_3666843628.jpg,13,13
1455174889_2704012628.jpg,13,13
1455709878_520314628.jpg,3,1
1456389176_4292454628.jpg,7,7
164438931_146776628.jpg,1,1
1729305603_2166680628.jpg,4,2
1784721777_309925628.jpg,9,9
1860785905_2948846628.jpg,12,12
1909967898_141375628.jpg,8,8
204375012_709529628.jpg,12,12
2063246000_485978628.jpg,6,6
2337738014_3599273628.jpg,7,6
238169747_1429531628.jpg,13,13
2390801311_3161928628.jpg,1,13
2553129929_3134202628.jpg,11,0
2622983247_799825628.jpg,13,13
2670062469_2343918628.jpg,4,5
2742041685_2245735628.jpg,9,9
2747587144_2822466628.jpg,6,6
2768145879_2961659628.jpg,3,3
2826717369_2052917628.jpg,13,13
2899310796_2255403628.jpg,8,10
3118623409_2478834628.jpg,9,9
3322470122_2399594628.jpg,6,6
3427732785_1216324628.jpg,2,12
3812616314_3435253628.jpg,0,0
3886855384_2781606628.jpg,5,7
3967235413_88690628.jpg,12,12
4104557212_2173058628.jpg,11,11
4189326709_484469628.jpg,12,12
4211102653_321697628.jpg,6,2
4249099796_1158383628.jpg,12,12
4290147093_1629939628.jpg,11,11
545198135_1202402628.jpg,11,6
672351187_156343628.jpg,8,6
84396892_2720451628.jpg,10,10
112638408_2015474629.jpg,3,3
1262019906_3702011629.jpg,13,13
1458689472_2226306629.jpg,8,8
1879521940_3381104629.jpg,6,6
2046708394_2213515629.jpg,3,1
2119872553_3239393629.jpg,12,12
2209543100_2961461629.jpg,4,5
2535135566_1675362629.jpg,13,0
2540977731_2786881629.jpg,12,12
2793399919_1390252629.jpg,1,1
2820500936_599991629.jpg,9,9
2932964304_2649874629.jpg,12,12
2953214898_3189402629.jpg,8,6
2963061637_3388060629.jpg,7,7
3107956343_3121873629.jpg,3,11
3134844621_175105629.jpg,8,8
32265723_676922629.jpg,3,3
331579601_4098456629.jpg,11,11
3342541516_744084629.jpg,1,1
3622999074_1080991629.jpg,13,13
3632031561_4280006629.jpg,9,6
3657703499_2713206629.jpg,11,12
3752133923_2212810629.jpg,3,0
3831706171_2021702629.jpg,1,1
4097161613_2809693629.jpg,8,8
54060889_3212609629.jpg,5,1
575675544_2764640629.jpg,10,10
576222329_4137285629.jpg,3,3
61397943_1061617629.jpg,5,5
823058340_3783372629.jpg,9,9
869841620_683325629.jpg,12,11
1037327785_1473704630.jpg,11,10
1192016276_4135656630.jpg,6,6
1412877388_2479339630.jpg,6,8
1904474579_3145933630.jpg,6,11
1924981527_1828244630.jpg,3,3
2186605187_2998566630.jpg,5,10
2332673755_2687613630.jpg,10,10
2456276402_3122697630.jpg,4,2
2548193271_502266630.jpg,4,4
2687676201_2134849630.jpg,0,0
2718646043_683845630.jpg,12,11
2913340857_3338344630.jpg,12,11
2980329352_671692630.jpg,8,7
3111466763_273379630.jpg,10,10
3124877288_4036934630.jpg,9,12
356242153_3930650630.jpg,1,1
3649309310_764716630.jpg,5,7
3772511803_2842165630.jpg,6,6
3856748263_716824630.jpg,4,2
3946897351_2896295630.jpg,3,3
3954430406_3481621630.jpg,12,12
4000573438_1246337630.jpg,10,10
4049450035_1417847630.jpg,10,10
408314124_2247939630.jpg,4,2
4243664020_1866592630.jpg,8,12
499173551_3661002630.jpg,9,9
520656231_3934819630.jpg,5,5
603185468_1176737630.jpg,13,13
606897402_4233063630.jpg,13,13
796233071_3764713630.jpg,8,6
841976611_3243590630.jpg,12,12
110169909_1438285631.jpg,8,12
1235004784_1853560631.jpg,9,9
1286177046_1815907631.jpg,3,11
1402848929_2865678631.jpg,10,10
1524860471_1823034631.jpg,10,10
1653876159_314420631.jpg,12,3
1767152642_3188311631.jpg,9,9
1899667165_1895898631.jpg,8,8
1940096536_1345784631.jpg,3,11
2154430597_297861631.jpg,5,5
2298757968_157320631.jpg,9,6
2346861180_3384053631.jpg,10,10
2561616543_2046349631.jpg,4,4
2822581852_2359642631.jpg,0,0
2865962447_3351610631.jpg,12,3
3368580290_1424388631.jpg,12,12
344267538_3254561631.jpg,12,0
3509109562_3659470631.jpg,1,1
3646603387_4120343631.jpg,13,13
3829751375_3066100631.jpg,0,0
3961427151_3133789631.jpg,3,3
4198344232_1657056631.jpg,5,7
4221722131_142914631.jpg,4,2
574699680_3995173631.jpg,9,9
970064035_639884631.jpg,6,6
1030730349_3945554632.jpg,4,2
1096854654_1220658632.jpg,6,9
134322221_2122035632.jpg,12,11
1395222069_3682560632.jpg,5,9
1405924391_3175936632.jpg,2,12
1453081307_2381654632.jpg,1,1
1662403441_3257055632.jpg,7,7
1750112835_4099471632.jpg,1,1
1790827539_3397206632.jpg,8,6
2193334600_4067456632.jpg,12,7
2248886984_684202632.jpg,10,10
2661773994_3380013632.jpg,8,8
2733276656_4173304632.jpg,2,2
2868242037_2517068632.jpg,13,12
2902060679_3546961632.jpg,9,7
3438594276_331894632.jpg,5,7
3628473559_1752371632.jpg,3,1
3918593561_3105819632.jpg,11,12
4205381332_880222632.jpg,1,1
523044903_2132240632.jpg,10,10
535538530_1625451632.jpg,1,0
641279047_2355617632.jpg,0,0
1397992784_2148816633.jpg,5,5
1413598205_363229633.jpg,0,0
1606567067_2705096633.jpg,7,7
1608577172_3331649633.jpg,6,7
1644883472_69457633.jpg,9,9
1714542414_736129633.jpg,0,0
1929399927_2977709633.jpg,3,3
1968869345_293410633.jpg,7,7
2020068678_925483633.jpg,12,11
2128394830_1562230633.jpg,7,5
222006110_4082277633.jpg,1,1
2443105568_1594996633.jpg,11,11
3063410240_3895802633.jpg,3,11
3273224423_2143013633.jpg,9,9
3323394439_1021782633.jpg,8,6
3326129307_1178674633.jpg,6,1
3486113421_4150118633.jpg,11,12
3693707194_1808291633.jpg,13,13
3944963525_3319734633.jpg,2,2
3952121612_3977618633.jpg,0,0
3988568318_1688701633.jpg,0,2
56738272_2979534633.jpg,2,4
807520756_1183108633.jpg,5,5
880947532_852576633.jpg,1,1
1213224706_2158019634.jpg,12,11
1259357657_2971468634.jpg,12,12
1446749643_1048413634.jpg,0,0
1469942210_3459897634.jpg,5,11
1774696682_896388634.jpg,3,3
1874707244_2451120634.jpg,1,1
2037361559_217289634.jpg,7,5
2076822260_2077387634.jpg,11,11
2100664823_2570072634.jpg,3,0
2130544580_2778646634.jpg,8,12
237448868_2814598634.jpg,4,2
2377066558_839580634.jpg,10,10
2390428589_1708983634.jpg,13,13
2436312918_1669460634.jpg,11,11
2569120076_2512676634.jpg,7,7
2574782874_1612904634.jpg,11,11
2817259650_3886959634.jpg,1,3
2961975045_1434398634.jpg,9,9
3155794507_2856339634.jpg,1,11
3214147105_2116220634.jpg,9,9
3565625556_1090329634.jpg,2,5
3780999195_3534021634.jpg,11,0
4029707574_2955114634.jpg,3,11
4283457588_2011840634.jpg,8,8
62002087_3667953634.jpg,4,2
859957879_2339208634.jpg,13,13
8865927_3100959634.jpg,3,0
1194412219_464004635.jpg,11,11
1274430422_2828782635.jpg,9,9
1495381627_4173610635.jpg,9,9
1628866204_140294635.jpg,6,6
202657149_1036966635.jpg,10,10
2279182812_1869994635.jpg,8,8
2549415932_759661635.jpg,3,3
2812635487_352662635.jpg,0,0
3014791841_1420970635.jpg,10,10
3056076903_1196688635.jpg,10,10
3111659443_2036914635.jpg,4,2
3259228275_191667635.jpg,12,12
3362513193_749470635.jpg,5,7
346432008_3604055635.jpg,10,10
3874075720_2360523635.jpg,6,8
3884730996_2538394635.jpg,3,3
4168853326_3945999635.jpg,3,3
618371406_3531584635.jpg,8,12
948716372_1343983635.jpg,6,6
999553760_607636635.jpg,3,1
1015079781_2665390636.jpg,7,6
1517631812_3765879636.jpg,12,12
1586161341_791829636.jpg,8,7
1620660523_3535300636.jpg,5,5
194122884_1735833636.jpg,9,6
1991938667_3334737636.jpg,9,9
2018114996_851800636.jpg,11,11
2254448526_64817636.jpg,1,1
2447040985_648344636.jpg,11,11
270406078_1430678636.jpg,13,13
2785149877_3782977636.jpg,8,8
3087312839_2743835636.jpg,13,11
3648518214_2385386636.jpg,13,13
3669555263_2325583636.jpg,4,0
3758266575_1965715636.jpg,13,13
3799747272_1471841636.jpg,0,3
4222593371_2103092636.jpg,5,7
477256807_776916636.jpg,2,2
67546571_564072636.jpg,9,9
880901377_873420636.jpg,3,3
1015037967_2841132637.jpg,11,6
1066295145_75027637.jpg,0,0
1288627678_3019940637.jpg,6,6
1467107504_1241912637.jpg,13,13
1659404580_689236637.jpg,6,6
1751812695_2833645637.jpg,1,1
1975092131_3706111637.jpg,5,5
2016831716_1482698637.jpg,7,7
2036509977_1152491637.jpg,5,7
2170801723_1788674637.jpg,9,9
2236627393_2338852637.jpg,9,9
2263909057_2695839637.jpg,4,0
2342544978_3174772637.jpg,2,2
2415965052_2542682637.jpg,4,2
251986098_4101142637.jpg,11,11
2552250837_1828821637.jpg,9,9
2610831419_1613554637.jpg,7,6
2875182383_493273637.jpg,12,11
2883206060_486867637.jpg,3,0
3069042628_2293812637.jpg,1,1
3177322974_1486676637.jpg,13,13
3240908839_633842637.jpg,8,8
3385980706_114857637.jpg,9,6
3430315640_3853914637.jpg,5,5
348919012_2017105637.jpg,13,13
3523794924_1764273637.jpg,4,0
3685348431_2273393637.jpg,3,1
3744474132_2422019637.jpg,10,10
3818966788_3737415637.jpg,8,8
3935771989_1349613637.jpg,11,6
3998257101_1667171637.jpg,12,0
4057073496_3682256637.jpg,5,5
532275624_3640636637.jpg,5,13
60746336_381268637.jpg,9,9
885894373_1593090637.jpg,3,11
967073454_720426637.jpg,12,12
1139580468_2778978638.jpg,11,11
1216853177_2170524638.jpg,11,0
1228283419_4072606638.jpg,3,3
1266653096_2841820638.jpg,1,3
1325416458_2969088638.jpg,9,6
16998534_2256226638.jpg,4,2
1928395309_273363638.jpg,13,4
2139900829_2306888638.jpg,0,0
220119434_4217019638.jpg,2,10
2714636508_1931503638.jpg,6,6
2722981517_3586767638.jpg,0,12
279762579_2948992638.jpg,9,9
2977891391_2304945638.jpg,1,1
3052822249_4162474638.jpg,5,5
3108887741_408949638.jpg,5,5
3245282718_1468777638.jpg,6,7
3249208586_231950638.jpg,1,1
3269182964_1851900638.jpg,10,10
3563806257_2662478638.jpg,5,5
3576946451_383641638.jpg,12,12
3602704109_1639979638.jpg,3,11
3620136509_2472421638.jpg,4,2
3641835673_980872638.jpg,1,1
3650106098_91352638.jpg,1,1
3727440679_3120078638.jpg,5,5
4292830668_2208558638.jpg,12,11
595468565_3405185638.jpg,3,7
649039297_518712638.jpg,3,11
699187576_2090813638.jpg,8,8
737143899_173331638.jpg,6,8
837851074_2417412638.jpg,9,9
923561052_3218713638.jpg,13,13
1122987308_3791514639.jpg,6,9
1294217971_4103757639.jpg,9,6
1362611460_258048639.jpg,0,0
1481334281_3911385639.jpg,11,11
150048224_752402639.jpg,11,0
1602727319_3554709639.jpg,3,3
1896533165_1808614639.jpg,13,13
2460189301_1067309639.jpg,3,0
2523856404_3746684639.jpg,5,12
2608737742_1806931639.jpg,1,1
2665221747_977697639.jpg,13,13
2773118817_3477336639.jpg,12,1
2937680187_2190200639.jpg,12,12
3086001100_539711639.jpg,7,7
3088499889_959935639.jpg,3,1
3165803904_217952639.jpg,11,11
3177308101_3881809639.jpg,3,1
3267056198_2703605639.jpg,6,6
3300961800_1924103639.jpg,3,3
3530570581_1383901639.jpg,9,9
3648794256_4176699639.jpg,1,1
3918734359_1288623639.jpg,0,0
3947955440_2850992639.jpg,8,7
4124656300_117823639.jpg,6,7
453051141_3337547639.jpg,13,12
477623483_2821627639.jpg,10,6
653123661_4059141639.jpg,8,6
72875095_3945160639.jpg,9,9
1363151829_3384825640.jpg,1,1
2102049233_160309640.jpg,9,9
2289055754_449494640.jpg,12,12
2479949677_1343119640.jpg,8,8
2504104962_2178108640.jpg,10,10
2766570245_3861614640.jpg,2,2
3142260959_2572622640.jpg,3,2
3406097445_1988029640.jpg,9,6
34945557_1928586640.jpg,1,1
3916843209_975659640.jpg,8,6
3983471318_2709668640.jpg,9,9
4069281704_1971188640.jpg,1,1
4122484744_4481640.jpg,8,7
4142205614_3730525640.jpg,13,13
605061564_2022732640.jpg,9,6
920775405_3002656640.jpg,5,1
9224228_3852119640.jpg,6,7
1078061195_3827159641.jpg,12,13
1278333018_3957995641.jpg,8,6
1314485643_171840641.jpg,3,3
1479986480_1459869641.jpg,1,11
1519670406_761090641.jpg,6,8
1531481101_3738763641.jpg,12,12
1895423969_787172641.jpg,12,0
190212334_2752537641.jpg,10,2
2090325592_4282383641.jpg,4,2
2400103381_1393393641.jpg,3,0
262563555_3359647641.jpg,10,10
2638629699_4001300641.jpg,5,5
2802105830_402817641.jpg,8,7
2962026559_3268189641.jpg,13,13
3033309548_3261116641.jpg,10,10
3070798061_3456083641.jpg,8,6
3208145544_1809567641.jpg,9,9
3519270631_3906621641.jpg,13,12
3521173641_57105641.jpg,10,10
402428798_2215675641.jpg,10,10
460364524_1444713641.jpg,10,10
608363447_440106641.jpg,1,1
650716422_2570543641.jpg,10,10
754771617_2462995641.jpg,13,13
768613522_687829641.jpg,0,0
875023745_3902354641.jpg,6,6
890449639_2217166641.jpg,0,0
1180124966_4087399642.jpg,5,5
1185502809_1216205642.jpg,1,11
1196895375_1532212642.jpg,1,1
1285594075_901168642.jpg,1,1
1361977311_2612590642.jpg,2,4
1554550419_3570866642.jpg,0,5
159584163_2197871642.jpg,1,1
1618856367_2433994642.jpg,10,10
1640370241_1129836642.jpg,12,12
1719541261_2075842642.jpg,6,6
1910763790_129403642.jpg,1,1
2116265368_3219523642.jpg,12,11
2120732662_638037642.jpg,8,8
2189211370_223132642.jpg,3,0
2229665513_3608531642.jpg,8,12
2351179093_3071648642.jpg,8,8
2515237875_2743132642.jpg,12,12
2588633492_431551642.jpg,11,11
2664345725_3031421642.jpg,11,11
2700193639_479971642.jpg,11,11
2808475783_4230406642.jpg,8,8
2842169132_3858145642.jpg,11,12
2935147714_2215335642.jpg,10,10
2967721812_592346642.jpg,3,1
3279249317_3778449642.jpg,2,4
3955399455_686249642.jpg,10,10
3955891948_4253446642.jpg,1,1
3980726035_507427642.jpg,7,6
4049888923_1480542642.jpg,8,7
460895853_2086289642.jpg,3,11
785793966_2348670642.jpg,11,11
1003044112_2654219643.jpg,6,9
1125153781_3207767643.jpg,0,0
1473191608_854983643.jpg,13,13
1580930578_1361793643.jpg,10,10
243822765_2775526643.jpg,4,2
249812109_2368164643.jpg,11,11
268856779_4116782643.jpg,10,10
2741882139_3344174643.jpg,8,7
2755048986_2378846643.jpg,3,1
3009029932_1631258643.jpg,3,11
3351176517_1520510643.jpg,8,8
3417693478_3444430643.jpg,9,9
3530573170_4030544643.jpg,4,2
3608947180_1804624643.jpg,0,0
3637099582_4012474643.jpg,13,13
383679955_4079859643.jpg,1,1
4200190529_1879700643.jpg,4,11
4276516731_4025502643.jpg,8,6
595217224_1407086643.jpg,4,2
655308462_94713643.jpg,9,7
705580529_3887209643.jpg,3,11
724381217_3597515643.jpg,10,1
819414895_647046643.jpg,0,0
875628226_978157643.jpg,5,7
1073166582_1594289644.jpg,9,11
1257472699_3940848644.jpg,8,7
128490909_3075552644.jpg,3,3
1547190384_2704390644.jpg,4,2
1597022914_3781544644.jpg,3,1
1756710487_2811438644.jpg,4,4
1757260253_3240887644.jpg,1,0
2146679654_1447995644.jpg,10,10
2619450649_3833823644.jpg,9,9
2790047509_427377644.jpg,13,13
2894121154_3955079644.jpg,8,8
2898711402_4096763644.jpg,12,12
3473868277_221198644.jpg,12,3
3488558634_2396631644.jpg,0,1
3634897474_1901126644.jpg,6,8
3957568118_1911372644.jpg,13,12
4119921964_4199028644.jpg,9,6
475759661_3552260644.jpg,9,1
512643253_223058644.jpg,5,5
682204678_571002644.jpg,3,1
72141537_145601644.jpg,5,5
739633959_1998217644.jpg,7,7
74847635_3434668644.jpg,5,5
1091519719_3296580645.jpg,9,9
1120180917_2953990645.jpg,4,0
1137967632_2342575645.jpg,2,2
1234211624_1438291645.jpg,8,8
1237399476_2094927645.jpg,13,13
1282923141_3651733645.jpg,1,0
1448542628_577016645.jpg,2,0
1583508390_422389645.jpg,13,4
2049245326_4291722645.jpg,1,1
2206181904_1792695645.jpg,13,13
2301310732_3214971645.jpg,5,5
2545598390_3700753645.jpg,1,1
2917633202_4098201645.jpg,1,1
2939175441_108147645.jpg,0,0
3151729072_506549645.jpg,12,12
3184536891_416041645.jpg,4,2
3470633634_730296645.jpg,12,12
3710805607_3317336645.jpg,13,13
3803143165_3655918645.jpg,7,1
3803398241_2057736645.jpg,2,2
4063175305_2965455645.jpg,6,8
4088048571_931384645.jpg,4,0
563517533_927644645.jpg,8,8
620603915_2807550645.jpg,1,1
792881370_3222348645.jpg,10,10
1005261904_3894837646.jpg,9,9
1020009090_708453646.jpg,9,6
1084689863_1438439646.jpg,9,9
1120592523_106396646.jpg,3,0
1129304970_3317477646.jpg,3,3
1375518313_2048405646.jpg,3,3
1431863884_3972440646.jpg,8,7
155906290_1411482646.jpg,9,9
1828428570_422520646.jpg,0,11
2057249785_42450646.jpg,13,13
2524405622_3651528646.jpg,5,5
2530480013_850915646.jpg,1,1
2546075466_312371646.jpg,13,13
2570716954_2102532646.jpg,9,9
2611514689_960639646.jpg,6,6
2763562616_2499538646.jpg,13,13
2863484484_128063646.jpg,3,0
3048136215_808887646.jpg,2,2
3100544901_3029193646.jpg,6,9
3208992601_2314693646.jpg,10,10
3855311301_724453646.jpg,6,6
4102813608_2312332646.jpg,8,10
4104780951_1204094646.jpg,5,7
4140771312_1556188646.jpg,8,6
4239392765_3273662646.jpg,6,11
440724232_1553822646.jpg,11,11
815850301_2462462646.jpg,3,2
850506515_3588718646.jpg,11,11
877992714_3929375646.jpg,10,10
1148089467_3878811647.jpg,11,11
1461338068_541095647.jpg,3,3
1525564127_3195216647.jpg,13,13
1766350579_2176483647.jpg,3,1
202650287_2696132647.jpg,13,4
2659807065_667798647.jpg,6,8
2660088080_2722187647.jpg,9,6
2701979473_1402319647.jpg,11,11
2714790107_2562632647.jpg,13,13
2749226793_2831635647.jpg,3,0
2794042715_2068529647.jpg,9,9
3086173806_1338319647.jpg,6,6
3104414204_3297048647.jpg,8,8
3201589174_3878016647.jpg,2,2
3242288421_1975285647.jpg,8,12
3437735095_3645419647.jpg,7,6
3529703537_2297334647.jpg,6,6
3682373474_275337647.jpg,10,10
3787817364_1922225647.jpg,3,0
3909187314_1929409647.jpg,0,0
3935589101_3746597647.jpg,3,0
773090246_3500656647.jpg,9,9
788681008_2466791647.jpg,8,8
798271827_255295647.jpg,10,10
971302011_2802701647.jpg,9,9
1117693940_1055001648.jpg,10,10
1147247411_1856806648.jpg,0,0
1361825704_1762518648.jpg,1,9
1636955615_3498006648.jpg,8,12
1778452070_3149339648.jpg,13,13
1790738994_1329646648.jpg,13,13
2193523752_3191460648.jpg,3,3
2221243180_2661539648.jpg,10,10
2398786153_3673176648.jpg,8,8
241954128_3799470648.jpg,9,6
2690070085_2456647648.jpg,0,0
2710246768_495086648.jpg,10,10
2807881000_789003648.jpg,10,10
2814169829_1121949648.jpg,0,12
2821126385_106168648.jpg,5,7
3088064292_3835467648.jpg,9,6
3089145654_2533861648.jpg,8,12
3120485197_1334403648.jpg,13,13
3168566862_3739291648.jpg,5,5
323521478_2784727648.jpg,13,13
3402643668_3370330648.jpg,6,6
3530957719_465007648.jpg,3,3
3741256990_2856786648.jpg,3,1
3795216097_1445090648.jpg,6,8
3988083103_2215033648.jpg,2,4
4073372984_3005769648.jpg,9,9
4125624619_1586870648.jpg,1,8
4274493184_2256993648.jpg,3,0
461777858_3169393648.jpg,5,5
522280518_3420988648.jpg,3,0
704696474_3796067648.jpg,12,11
1267019964_2102392649.jpg,4,2
1353135445_212665649.jpg,9,9
1535595019_3645552649.jpg,12,11
1825814429_3376609649.jpg,3,11
201981700_4173688649.jpg,4,2
2185802826_3614372649.jpg,10,10
2358398370_1546045649.jpg,13,13
2392277806_535310649.jpg,4,2
2461371897_1597571649.jpg,11,2
2508062801_3190597649.jpg,7,6
2649165369_741542649.jpg,11,11
2654294654_2257193649.jpg,7,7
2658968694_3911882649.jpg,2,5
3254935090_3995300649.jpg,8,7
3312386940_3946698649.jpg,5,5
3327073756_3115822649.jpg,11,12
3574738074_3489661649.jpg,10,11
3589074445_1935179649.jpg,8,8
3699441661_487882649.jpg,10,10
3744266974_4054414649.jpg,4,1
719119826_3349232649.jpg,8,8
844275323_1802422649.jpg,3,1
844759867_4034228649.jpg,13,13
1046488039_526229650.jpg,6,6
1196889109_3087767650.jpg,3,0
1306907463_555603650.jpg,13,13
1849228665_3576022650.jpg,1,3
1954505845_2759504650.jpg,3,3
1977607925_3003269650.jpg,13,13
2209845589_599743650.jpg,1,1
2232999608_3219205650.jpg,4,2
2355830822_156707650.jpg,3,11
2596738205_298082650.jpg,10,10
2664198510_2686741650.jpg,5,5
2674086790_3141605650.jpg,13,13
2687892390_379174650.jpg,1,1
2689319431_1086155650.jpg,1,1
2705185156_3439336650.jpg,4,2
2732792463_436658650.jpg,4,4
2813185084_1271294650.jpg,0,0
2930089558_1096696650.jpg,5,5
3452361102_126046650.jpg,5,5
350552307_1136120650.jpg,9,9
351147491_2095978650.jpg,1,0
3539354365_1007120650.jpg,9,9
389192289_394918650.jpg,0,0
3932999874_1006550650.jpg,13,11
4195564595_2569686650.jpg,10,10
461390192_1112227650.jpg,10,10
972599653_1829263650.jpg,12,0
1150628857_3689609651.jpg,12,12
1267165272_1499889651.jpg,12,12
1271742738_674271651.jpg,4,11
1372962936_656493651.jpg,9,11
1533619591_2952164651.jpg,3,3
1741897321_1566277651.jpg,13,12
1969440298_3084271651.jpg,1,1
2230147309_3884080651.jpg,3,3
2379995336_1059802651.jpg,9,9
2600688405_2569358651.jpg,3,11
2834545570_742718651.jpg,4,2
3069300005_2298158651.jpg,12,12
3425017098_2603177651.jpg,1,3
3521952343_1739980651.jpg,9,9
3685840162_4197346651.jpg,9,9
3870752594_3190002651.jpg,5,5
419184663_2950352651.jpg,11,11
47852682_4150944651.jpg,5,7
497763358_948569651.jpg,7,0
499898626_3286825651.jpg,8,8
614949183_904695651.jpg,13,13
661254908_610305651.jpg,11,0
100167445_3625932652.jpg,10,6
1786403081_3709902652.jpg,1,1
2466111291_1167328652.jpg,10,1
2529058746_3289059652.jpg,13,13
2561926117_2063354652.jpg,13,13
2755997942_2574850652.jpg,13,13
2834981612_4049148652.jpg,0,0
2944385587_3740538652.jpg,5,5
3181346442_1306975652.jpg,7,7
3306692237_266652652.jpg,2,2
3385422405_3995385652.jpg,11,11
3435378888_102598652.jpg,8,8
373569611_484528652.jpg,2,6
3944486469_2254482652.jpg,13,13
501700739_4206932652.jpg,9,9
1010942121_3665650653.jpg,10,10
108057266_1716930653.jpg,5,13
1165235365_279179653.jpg,5,5
1374145692_1635281653.jpg,6,8
1378560267_2554317653.jpg,12,12
13815752_1693182653.jpg,5,5
1613475168_1279282653.jpg,6,6
1736884666_627308653.jpg,4,2
1784056158_2505611653.jpg,13,13
1946165804_2253672653.jpg,12,11
2292673208_503141653.jpg,13,13
2304469233_1713086653.jpg,10,10
2309776454_213572653.jpg,13,13
2621519142_4125649653.jpg,3,1
2646696941_2152217653.jpg,4,2
3211579145_3824376653.jpg,3,3
3235522247_779498653.jpg,11,11
3241249183_2315303653.jpg,6,6
3258146652_4178441653.jpg,13,13
3431040686_3003148653.jpg,8,8
3646473978_4060189653.jpg,3,1
3659688760_1467603653.jpg,2,2
3852019071_3191079653.jpg,8,7
3931192349_665620653.jpg,4,4
3976236711_1473368653.jpg,5,5
4086840296_338542653.jpg,6,7
4107813124_2397465653.jpg,0,0
4180366698_2786586653.jpg,9,6
4214018972_1163072653.jpg,11,11
426759583_2440398653.jpg,6,11
482698232_2747332653.jpg,11,11
677456908_2578545653.jpg,2,2
937599313_2500779653.jpg,1,1
998720295_1391281653.jpg,3,3
1380269307_2833332654.jpg,10,10
1995516541_3941659654.jpg,13,13
2007198581_3339730654.jpg,5,5
2016883467_2508021654.jpg,6,6
2017859920_1318352654.jpg,3,3
2233426809_2175940654.jpg,8,12
2272071151_3294877654.jpg,5,5
2544420917_2299986654.jpg,2,2
2633701917_2403992654.jpg,10,10
2974997608_1103248654.jpg,3,1
3177356653_4164420654.jpg,0,13
3183191171_3915355654.jpg,5,5
3266276350_1695264654.jpg,11,11
3509422712_1840319654.jpg,12,12
3512802678_4056208654.jpg,0,0
3564434268_3350048654.jpg,4,2
3786856611_469151654.jpg,11,12
3930501089_4242222654.jpg,0,0
3963043913_648298654.jpg,8,8
953969920_150155654.jpg,11,3
1051148887_3200039655.jpg,9,9
134625300_2703557655.jpg,6,7
1942099954_2907129655.jpg,12,1
223821393_745651655.jpg,9,9
2592830233_2574259655.jpg,12,12
2635791755_380614655.jpg,3,3
2667175898_4020110655.jpg,11,7
2682037770_3332006655.jpg,9,6
2960601131_1967353655.jpg,6,8
3005478265_2575415655.jpg,10,10
3136363594_2117015655.jpg,6,6
3298909925_4287745655.jpg,10,10
3410640266_1697420655.jpg,9,9
3595283930_992130655.jpg,11,6
396334471_2696152655.jpg,10,10
5061588_950069655.jpg,4,4
641151850_3628126655.jpg,4,2
68470750_2090935655.jpg,0,0
69730254_502012655.jpg,11,11
74628097_1983928655.jpg,4,2
87411979_136383655.jpg,2,2
1084361831_1926758656.jpg,6,6
1093301510_1757327656.jpg,3,11
1248581007_2660994656.jpg,12,11
1287987299_3818080656.jpg,5,5
1422275210_2666019656.jpg,9,9
1443588893_855444656.jpg,9,9
1472734963_2676754656.jpg,13,12
1524496919_82598656.jpg,5,5
1630542325_2694384656.jpg,0,0
1700659949_3363148656.jpg,11,11
1740710356_4027773656.jpg,9,9
1773377875_4149313656.jpg,12,11
2285065125_2614352656.jpg,8,7
2860310384_1671591656.jpg,10,10
3130459105_4046998656.jpg,1,3
3171137359_2077852656.jpg,11,11
3619699418_1187928656.jpg,9,9
3844145184_474858656.jpg,9,9
3896878112_3458227656.jpg,12,12
4194526171_54517656.jpg,9,6
4236122515_3456541656.jpg,8,8
643141292_2925254656.jpg,1,1
777808551_1294225656.jpg,12,12
995035244_2780930656.jpg,2,2
1070892256_1729844657.jpg,3,3
122868520_1848058657.jpg,8,8
1498104960_1508985657.jpg,3,1
1895811570_979812657.jpg,8,6
210919792_1367861657.jpg,3,0
2228162302_1280069657.jpg,4,2
235685899_4123413657.jpg,10,10
251985637_4092186657.jpg,1,1
2686741291_2974720657.jpg,0,0
2912920529_887708657.jpg,3,3
2955574308_3637533657.jpg,9,9
2975281866_1184397657.jpg,12,0
3403547811_1180429657.jpg,3,11
3483016133_419866657.jpg,3,3
3612668249_4130787657.jpg,13,13
4136398245_1487019657.jpg,12,13
4178768255_2309171657.jpg,4,4
548213297_3516295657.jpg,9,6
741820346_169453657.jpg,10,6
890421718_2150167657.jpg,0,0
1037506871_1997077658.jpg,9,9
1170660584_1151841658.jpg,6,6
1185026991_290505658.jpg,5,5
1255046537_3390604658.jpg,3,12
1300247602_3364021658.jpg,5,5
1411357313_3859480658.jpg,1,1
1453547444_1077107658.jpg,13,13
1536703642_2087981658.jpg,0,5
1637848049_3417968658.jpg,13,13
1733073149_3801220658.jpg,13,12
1773049207_1390191658.jpg,9,9
1826899199_2087385658.jpg,7,7
1849084767_1088467658.jpg,7,8
1911572587_3520002658.jpg,8,8
1935582084_1800198658.jpg,9,2
2152772174_907522658.jpg,3,1
221424177_221470658.jpg,11,11
2325786471_3686879658.jpg,13,13
2347258838_3447318658.jpg,0,7
2422951878_1363802658.jpg,4,2
2702518524_2267298658.jpg,2,2
2848399218_725608658.jpg,5,5
3236501486_4067873658.jpg,11,11
3397932634_491124658.jpg,2,4
3418629226_161042658.jpg,13,13
3650962899_3955233658.jpg,13,13
3787466204_3744447658.jpg,3,11
3886907202_1259388658.jpg,8,7
3994023431_1390406658.jpg,12,12
702242930_3718036658.jpg,12,0
733111560_3761055658.jpg,0,0
878204650_462427658.jpg,0,13
1586530510_404572659.jpg,5,5
1644383215_2420035659.jpg,9,9
1655849227_2182050659.jpg,9,9
2089628621_18764659.jpg,5,7
2144782939_2714513659.jpg,1,11
2241979658_241094659.jpg,0,0
2345015718_3379837659.jpg,10,10
2549963666_1748978659.jpg,0,0
3132499820_3723501659.jpg,13,13
3267565705_427780659.jpg,5,5
3306910240_288445659.jpg,6,6
3368821078_919627659.jpg,3,1
3562665762_2862488659.jpg,8,1
3655000637_892191659.jpg,12,11
3918968987_2051955659.jpg,5,7
399946571_30417659.jpg,3,1
4015477373_1195144659.jpg,9,9
591290882_3809923659.jpg,1,1
803331973_2715741659.jpg,13,4
83852206_103343659.jpg,1,1
956593466_4231335659.jpg,1,7
1230696448_4013891660.jpg,8,7
1241486171_2261724660.jpg,8,7
1413215293_136663660.jpg,13,13
158336186_1850426660.jpg,12,11
1793023947_23156660.jpg,0,4
1819949901_3417290660.jpg,3,0
1900660941_2184159660.jpg,9,9
2106186664_2193265660.jpg,9,9
226696450_3958832660.jpg,13,13
2293550014_2670950660.jpg,5,5
2350603001_480191660.jpg,0,4
3185304974_1297466660.jpg,4,11
3307556724_4065100660.jpg,11,0
3340608407_1617229660.jpg,4,0
3528928055_3899802660.jpg,8,12
3863552801_2470830660.jpg,0,0
3895005834_4202788660.jpg,3,3
3948551519_4022045660.jpg,0,13
4093067989_1925043660.jpg,0,7
4127119117_1118169660.jpg,1,1
4257937750_1236038660.jpg,0,0
518370921_1479292660.jpg,10,10
654610556_4250839660.jpg,1,1
705839545_2477120660.jpg,10,10
88187308_3340179660.jpg,0,0
985145865_3932138660.jpg,12,3
107527736_3391972661.jpg,13,13
1421762154_2522259661.jpg,3,0
1528338969_3897969661.jpg,12,11
167480914_3812578661.jpg,13,13
1796996612_2860961661.jpg,8,6
1812215389_2230772661.jpg,0,11
1861345816_477721661.jpg,4,2
2012751416_803722661.jpg,4,2
2020683536_2096034661.jpg,9,9
2163882731_2092856661.jpg,1,1
2233222087_1479148661.jpg,10,10
2650782123_3770289661.jpg,2,0
2895695963_3983444661.jpg,4,2
304742949_3274519661.jpg,2,2
308226812_860610661.jpg,5,2
3113671824_585661661.jpg,13,13
312566831_1302514661.jpg,11,2
3203431320_4263337661.jpg,8,7
3261541475_3298013661.jpg,11,11
3379724742_3216525661.jpg,6,7
3448113829_4148125661.jpg,0,2
3511242642_190865661.jpg,13,12
3585764875_952850661.jpg,3,0
3586690953_3295912661.jpg,8,8
3652201978_485657661.jpg,3,3
3679435112_4223058661.jpg,8,8
3696819989_3558971661.jpg,13,13
3832496624_4079071661.jpg,5,7
3862377513_871841661.jpg,8,8
3987140249_1310896661.jpg,12,12
4024246552_1327214661.jpg,12,12
4141655924_3602658661.jpg,11,0
4198356569_2586661.jpg,13,13
604693324_1295260661.jpg,11,11
613693576_531577661.jpg,3,2
90631034_626771661.jpg,10,10
1012285997_2050226662.jpg,8,12
1163427450_3687093662.jpg,5,5
1230748799_1768572662.jpg,9,9
127159160_1543105662.jpg,3,0
1300285428_3632494662.jpg,0,5
1329190110_1450032662.jpg,9,9
149196325_809046662.jpg,10,10
1763168447_2533752662.jpg,11,12
1848711929_1881181662.jpg,6,6
1936864088_4186818662.jpg,13,13
2730627151_4258210662.jpg,0,0
2752601473_3709338662.jpg,9,6
2826919601_3091436662.jpg,5,4
2919845687_1303593662.jpg,1,7
3051335657_244262662.jpg,3,3
3414419569_183716662.jpg,7,7
3533337570_1989122662.jpg,0,7
3594369342_3153346662.jpg,5,0
3716027545_2524584662.jpg,0,2
3892592114_1028417662.jpg,8,8
3933461716_3377450662.jpg,12,0
444989850_2635371662.jpg,8,6
54416920_2619213662.jpg,9,6
550335973_3022878662.jpg,3,1
739603402_198105662.jpg,9,6
935831134_3678422662.jpg,6,6
1154506301_343338663.jpg,0,5
1211581957_2352132663.jpg,1,1
1277621200_1279962663.jpg,4,2
1278534554_918772663.jpg,0,0
1410222483_3065042663.jpg,5,5
145036955_2282208663.jpg,10,10
2120568918_425734663.jpg,13,2
2515403971_279282663.jpg,5,6
261793526_3217610663.jpg,9,2
2749308734_2779529663.jpg,0,0
2873320756_2781233663.jpg,6,6
305898193_2271619663.jpg,10,10
3102282092_2659449663.jpg,3,3
3531610515_3390851663.jpg,8,12
3701993455_3527520663.jpg,12,11
3771488061_127788663.jpg,13,13
3780813173_695380663.jpg,3,3
3905813086_4108779663.jpg,8,5
4210660166_2930399663.jpg,5,5
452666536_1927869663.jpg,13,13
459955673_1531398663.jpg,10,10
524343176_1764511663.jpg,10,10
538644545_1130745663.jpg,4,13
898717161_1369339663.jpg,12,12
951254412_4229236663.jpg,12,7
1022760702_1568493664.jpg,12,2
1388447191_368198664.jpg,8,8
1459687678_3204797664.jpg,1,1
1584519731_2175664.jpg,9,9
1734193362_1055716664.jpg,2,4
1766291806_3260036664.jpg,5,5
1777790457_1299616664.jpg,8,6
1981782899_3737488664.jpg,10,10
2117384151_3071204664.jpg,13,0
2197146538_890155664.jpg,0,0
2213384133_751043664.jpg,1,1
2320062317_3776565664.jpg,10,0
2405181010_3969431664.jpg,10,10
2514980678_3875642664.jpg,3,11
2609473123_2770294664.jpg,5,5
2762492277_2731537664.jpg,3,1
2973284107_1206231664.jpg,4,4
2975012624_3860421664.jpg,7,7
3304418830_4066880664.jpg,5,5
3393336335_1608265664.jpg,9,9
3499946073_3094902664.jpg,11,4
3562205875_1960544664.jpg,13,13
3770544989_3127179664.jpg,4,2
4041144037_3126089664.jpg,0,11
4120041088_161941664.jpg,0,0
434754300_2110922664.jpg,11,11
507795589_1398669664.jpg,5,7
579797268_3989420664.jpg,9,9
761012475_1966357664.jpg,9,6
771767470_2902118664.jpg,13,13
90898631_854704664.jpg,2,0
1305144586_1394266665.jpg,5,5
1440337040_1302990665.jpg,9,9
1478759097_1835705665.jpg,6,5
1758556083_1117634665.jpg,6,6
2323919278_3933451665.jpg,4,2
2352551704_1620441665.jpg,3,3
2441589057_94435665.jpg,2,2
2558101745_38496665.jpg,6,8
2758168451_2890561665.jpg,13,13
2848307323_4168115665.jpg,5,5
2889672880_3436573665.jpg,10,10
3089079188_1896899665.jpg,1,1
3188405817_2666498665.jpg,3,3
3228979811_2569278665.jpg,11,11
3396443411_2717842665.jpg,1,1
3738425464_2515290665.jpg,6,6
37547588_3764703665.jpg,13,13
4102226669_1311217665.jpg,3,3
4252463972_3348030665.jpg,4,0
470154922_1158930665.jpg,13,13
503808702_3013175665.jpg,5,5
80686416_2594472665.jpg,9,6
1193390108_1607745666.jpg,9,2
1270992019_2152210666.jpg,1,1
1273140581_1575353666.jpg,0,3
1384827525_3462613666.jpg,7,6
1623957848_1354603666.jpg,11,11
1839630007_3595209666.jpg,0,0
1865386538_1640929666.jpg,1,1
1929134915_2820399666.jpg,8,6
1953106254_4064421666.jpg,11,11
1975424442_2087579666.jpg,8,8
198846122_2157189666.jpg,1,1
2342383398_4076597666.jpg,5,5
2356449193_336283666.jpg,10,10
2475009013_1552623666.jpg,1,1
2678856216_2724073666.jpg,6,6
2725085995_3242682666.jpg,3,3
2844978097_4032792666.jpg,0,0
2863593138_4261052666.jpg,12,13
2931809781_161654666.jpg,1,1
3195528349_2279145666.jpg,8,6
3267323946_3794124666.jpg,11,11
3600112471_1838030666.jpg,3,3
3639257792_3393781666.jpg,13,13
4189914776_3444152666.jpg,10,10
45133302_1198315666.jpg,8,8
644782957_3732403666.jpg,13,13
663110593_3909766666.jpg,10,2
754771571_3650587666.jpg,5,7
958924239_295218666.jpg,13,13
1038594595_1206484667.jpg,6,7
1067126031_519364667.jpg,3,1
1401297094_2559669667.jpg,3,3
1431682201_1926973667.jpg,3,3
1469170933_2495084667.jpg,5,5
1670973013_347247667.jpg,2,11
1689990930_4084566667.jpg,3,3
1758426880_3855917667.jpg,9,9
1971327734_1943786667.jpg,1,1
2685591671_3504390667.jpg,1,1
2828560122_3152733667.jpg,1,1
2863499745_3178189667.jpg,9,9
2867512683_1113708667.jpg,8,8
3053091655_1518400667.jpg,1,1
3358649347_1497519667.jpg,11,6
3414412746_2447850667.jpg,12,11
3513993997_2101110667.jpg,5,5
3887602096_2260871667.jpg,4,2
3951390961_3835263667.jpg,5,0
3956842315_3111422667.jpg,4,2
4045105079_3918174667.jpg,9,9
4127648848_2292387667.jpg,4,2
4215839624_2161764667.jpg,0,13
42492631_1259890667.jpg,8,10
688197758_3637535667.jpg,5,5
785063933_3782611667.jpg,13,13
908014138_386290667.jpg,10,10
107425536_953139668.jpg,5,7
1145784613_307295668.jpg,12,12
117539067_2722485668.jpg,1,0
127995174_232640668.jpg,6,9
138031609_3967619668.jpg,5,5
1558150863_2200664668.jpg,8,6
1739882847_453202668.jpg,8,8
1773583873_4159275668.jpg,13,13
1882171701_1333979668.jpg,9,9
1990733248_2711382668.jpg,5,11
2155415834_1400432668.jpg,3,11
2395405586_575956668.jpg,4,5
2438342676_1993205668.jpg,8,8
2440904283_2325220668.jpg,0,0
2756876267_2034895668.jpg,13,12
2868747694_1541315668.jpg,5,5
3069650482_261241668.jpg,10,10
3242369102_1778828668.jpg,0,0
3321940567_1308509668.jpg,9,9
3364479470_2014003668.jpg,9,9
3457632704_265688668.jpg,0,1
3975893501_756104668.jpg,12,11
4116106157_172395668.jpg,13,13
415181234_1430495668.jpg,13,0
4202081807_2616520668.jpg,1,1
4261706613_149018668.jpg,9,11
431867192_2127845668.jpg,1,1
494874783_3666724668.jpg,10,2
768776106_1672647668.jpg,0,11
799114834_425007668.jpg,2,0
910409961_3470251668.jpg,4,2
1194258740_3867051669.jpg,3,1
1411162364_1575425669.jpg,13,13
1465847503_3166144669.jpg,6,6
2005543064_4286244669.jpg,13,13
2283924818_1562382669.jpg,2,4
2290433236_1608320669.jpg,4,2
2291998559_3694739669.jpg,6,6
2318492106_3280463669.jpg,8,8
2430551935_493585669.jpg,13,13
2746645192_2309060669.jpg,13,13
2781361166_3054706669.jpg,1,1
2829969914_1210530669.jpg,13,0
2842961565_874773669.jpg,11,11
2901605878_1769468669.jpg,10,10
2976847118_3830321669.jpg,0,7
3165072954_618212669.jpg,9,7
3281215395_555373669.jpg,2,2
3304131093_3713471669.jpg,1,1
3366372638_3252583669.jpg,2,2
3520799699_4228645669.jpg,5,5
3528255099_2566455669.jpg,1,1
3589216869_3215332669.jpg,9,9
3595012847_3829666669.jpg,8,8
3674647084_1136999669.jpg,11,11
3689331269_2731634669.jpg,6,8
4007431875_4050481669.jpg,5,5
4156081206_34996669.jpg,5,0
4192968509_2229833669.jpg,5,7
4225453839_3056355669.jpg,3,1
540262913_2395813669.jpg,0,0
801283661_1069098669.jpg,3,2
962142693_752784669.jpg,4,2
1131113017_3040034670.jpg,10,10
1178002327_1899973670.jpg,0,0
1326798091_2796548670.jpg,2,4
1335691269_2176650670.jpg,12,11
1349450099_1467930670.jpg,7,0
146800713_257777670.jpg,11,11
1623318506_2494280670.jpg,1,1
1646646465_3012412670.jpg,9,9
1716119492_2425072670.jpg,6,7
1960137112_1223140670.jpg,4,2
2034519223_981219670.jpg,10,10
2289053377_1088792670.jpg,8,5
2323835449_3365335670.jpg,11,11
2514931172_1272515670.jpg,13,13
2896239352_42358670.jpg,9,9
3083994711_382746670.jpg,13,13
3131352661_3535075670.jpg,3,0
326157813_436577670.jpg,13,12
3397806573_598348670.jpg,4,2
3649520731_1864364670.jpg,9,9
4002243117_3393676670.jpg,1,1
4284920083_1935549670.jpg,6,6
514350573_3761495670.jpg,0,2
605577963_2502330670.jpg,3,3
910996746_1533446670.jpg,11,12
102189457_2347367671.jpg,13,13
1098600921_3400807671.jpg,9,9
1248422411_2236624671.jpg,0,2
1352810296_3196305671.jpg,12,11
1641606512_1593295671.jpg,6,6
1664732280_2824535671.jpg,11,11
1668100750_117355671.jpg,6,6
2074465183_3603872671.jpg,9,9
2318048609_2814434671.jpg,7,7
2520395318_1510583671.jpg,11,11
257363960_3874641671.jpg,0,13
2839579004_2150582671.jpg,5,6
2994145612_2615949671.jpg,5,5
3121719855_799190671.jpg,9,9
3361788709_217647671.jpg,5,5
3408728386_2370502671.jpg,13,13
3438914600_1233938671.jpg,10,10
3916676624_1547183671.jpg,1,1
4043680611_2366102671.jpg,3,11
662944661_310818671.jpg,4,2
995246112_2416882671.jpg,2,2
1258031037_2613233672.jpg,12,12
1429742351_2818219672.jpg,6,6
1637010784_3743492672.jpg,13,13
1639263926_3318282672.jpg,7,6
1646205262_1925410672.jpg,10,2
1672293985_2003113672.jpg,1,1
1796724446_3612809672.jpg,13,0
1849824129_156521672.jpg,8,8
2006620308_2937564672.jpg,0,0
2095109331_4269659672.jpg,8,8
2188702236_897051672.jpg,3,0
2215673989_1306122672.jpg,4,2
2467188633_28738672.jpg,9,9
2804773206_52735672.jpg,6,2
2955888991_3403370672.jpg,10,10
3157627480_416661672.jpg,0,8
3296814006_619011672.jpg,5,6
3768933598_999449672.jpg,8,7
3798293829_2752736672.jpg,7,6
3934406298_1678465672.jpg,10,10
3946801307_1518785672.jpg,10,10
4181459145_667730672.jpg,6,8
566915452_2998705672.jpg,2,4
620644654_2901977672.jpg,11,11
1002323032_3236267673.jpg,3,1
1193059014_3856049673.jpg,0,0
1482357974_3417878673.jpg,5,11
1681534748_3597920673.jpg,3,3
1740198135_2686081673.jpg,7,6
185712088_1079752673.jpg,8,6
209612850_1123416673.jpg,11,11
2186368084_1742343673.jpg,8,7
2213882732_2591485673.jpg,11,11
2278723604_1942364673.jpg,12,7
2634035129_1865304673.jpg,11,0
2741637683_2222390673.jpg,0,0
2877900312_2199573673.jpg,2,4
2900532548_561720673.jpg,11,11
2985722498_1973565673.jpg,7,1
2990312399_918838673.jpg,0,0
3001001210_3419763673.jpg,13,13
3064278730_3730943673.jpg,0,0
3254758076_2443047673.jpg,13,12
33840693_1750533673.jpg,10,10
33934261_2872771673.jpg,7,6
3510079652_3551807673.jpg,13,13
3672729130_1411872673.jpg,13,13
4152679997_3279430673.jpg,8,12
4159721891_1030426673.jpg,5,5
702919003_350201673.jpg,9,9
1102213636_3673334674.jpg,6,6
1454467296_3374617674.jpg,11,11
1547064618_2046207674.jpg,0,0
1830732504_4076392674.jpg,5,0
2394746398_4042761674.jpg,1,1
2589406965_3883144674.jpg,4,2
265503456_4174711674.jpg,4,2
2706505924_2201375674.jpg,10,10
2712485869_326944674.jpg,11,11
2773022247_1802653674.jpg,6,11
3139714550_2560135674.jpg,8,8
3391109786_3527211674.jpg,13,13
3410176427_3575216674.jpg,2,11
3469103163_2600069674.jpg,12,11
3472443958_972306674.jpg,0,0
3631728005_483519674.jpg,10,10
3788263222_2296723674.jpg,6,8
3820480170_899627674.jpg,3,3
3991787601_3104845674.jpg,13,13
403879760_486105674.jpg,4,4
4109610182_4127074674.jpg,8,8
653518148_738283674.jpg,10,10
686748418_4065262674.jpg,0,2
914530688_1575032674.jpg,1,1
1377524078_1650173675.jpg,9,7
1409116093_908141675.jpg,11,13
1456873248_335838675.jpg,0,0
1688825334_4175441675.jpg,5,5
1694873343_2665675675.jpg,3,3
1860102846_1977453675.jpg,7,6
2049550362_2493437675.jpg,3,1
2140905051_3267192675.jpg,5,5
2176941024_1887433675.jpg,5,1
2510231477_3208613675.jpg,11,2
2649138759_2145086675.jpg,4,2
281811508_1854749675.jpg,0,13
2838106940_2110795675.jpg,11,11
2894638032_1399779675.jpg,8,6
2941252240_2646155675.jpg,13,13
295541518_2291934675.jpg,11,0
3008816662_3401058675.jpg,8,8
3056713583_1098176675.jpg,4,2
3492187365_1455058675.jpg,0,0
3875015036_2409316675.jpg,8,6
3977092287_689536675.jpg,6,6
4049375085_2570184675.jpg,13,13
4067117506_618998675.jpg,6,6
4068254560_2663991675.jpg,10,10
4155009190_3261556675.jpg,5,5
4237876847_1004026675.jpg,8,6
680640112_359995675.jpg,8,6
880896913_2355593675.jpg,8,7
1030024319_3460251676.jpg,3,3
1144730398_3039068676.jpg,1,1
1222571409_2389930676.jpg,0,3
1297840504_218675676.jpg,6,6
1449261345_1189898676.jpg,7,6
1488225177_3705833676.jpg,8,8
154724523_3478496676.jpg,7,7
1572657092_2251142676.jpg,4,4
1618745126_622965676.jpg,13,13
2018554350_2323277676.jpg,1,1
2104735672_4109652676.jpg,4,2
2170741325_3852207676.jpg,13,4
239122153_55037676.jpg,3,3
2532734957_1274408676.jpg,3,11
3319688936_2239462676.jpg,12,12
3485099819_2230803676.jpg,12,12
3553225508_2248284676.jpg,13,13
3699225924_3287334676.jpg,5,5
3958195523_628372676.jpg,11,13
4032033149_265888676.jpg,11,0
4138932995_837929676.jpg,3,11
4193266546_2134365676.jpg,5,5
4242896369_3868543676.jpg,3,3
429666496_183055676.jpg,6,6
455466070_2817282676.jpg,8,8
837256549_2939732676.jpg,9,9
993096647_1097721676.jpg,5,5
1039532303_986249677.jpg,4,2
1055044248_743601677.jpg,3,3
1072696523_2617925677.jpg,13,12
1073560886_2381629677.jpg,6,6
1170793728_2751749677.jpg,2,0
1277601499_4204659677.jpg,0,0
140614237_787951677.jpg,5,5
1701998414_569056677.jpg,0,0
1719489939_3845903677.jpg,9,9
1737718988_3610357677.jpg,8,12
1887676509_113378677.jpg,11,0
2145102037_3884791677.jpg,1,1
2661642354_217085677.jpg,1,1
2907167122_167931677.jpg,8,7
3125051833_2376074677.jpg,13,13
3299045228_3079561677.jpg,1,1
3394318629_853344677.jpg,9,7
3552307540_3583633677.jpg,3,1
3720467872_430630677.jpg,13,12
3857224752_3325113677.jpg,3,3
395665662_4250970677.jpg,13,13
3981722749_1157600677.jpg,12,11
3986099205_1858702677.jpg,0,5
3993970468_3685711677.jpg,5,11
4016964043_2637328677.jpg,11,9
4085809506_76380677.jpg,4,2
41025634_960417677.jpg,8,12
417494627_1882681677.jpg,9,6
4217014524_2386385677.jpg,13,13
870428768_3106700677.jpg,4,0
1372438193_3690765678.jpg,4,2
1597828397_3480441678.jpg,10,10
1942519756_230551678.jpg,13,13
2005120989_3236837678.jpg,13,13
2088308566_683587678.jpg,6,11
2518640722_3025996678.jpg,8,8
2567833800_4177762678.jpg,5,5
3440149678_3222955678.jpg,9,11
3459470588_2670243678.jpg,11,3
3832258099_3711587678.jpg,4,2
383473586_646521678.jpg,3,4
3981828971_4019793678.jpg,13,13
4048798856_353802678.jpg,0,13
417596670_3672924678.jpg,12,11
467197106_1517322678.jpg,13,12
638918734_2420279678.jpg,13,13
87458680_448970678.jpg,3,3
927124706_758315678.jpg,0,0
938468258_3310889678.jpg,3,0
939923266_2874890678.jpg,13,13
958391480_4117562678.jpg,8,12
1136632847_3898789679.jpg,13,13
1167402249_1574988679.jpg,0,0
1286803091_1138121679.jpg,13,13
1396498234_1685846679.jpg,6,8
1580075560_3884608679.jpg,5,7
1610860630_1844243679.jpg,10,10
1686329583_2869825679.jpg,7,6
2248534243_2288362679.jpg,11,11
2256087179_1045957679.jpg,13,13
2549052100_3187662679.jpg,7,6
2594051722_2667418679.jpg,5,5
2610420256_223703679.jpg,3,11
2638497395_1014044679.jpg,2,4
2842682227_2607815679.jpg,4,2
2891482682_1435590679.jpg,0,2
3052056284_3228424679.jpg,11,12
3133126817_2980046679.jpg,13,13
3206973999_4043159679.jpg,13,13
3520376377_3811778679.jpg,2,0
4160206796_1107421679.jpg,8,6
4175889729_1475701679.jpg,12,12
806710499_882541679.jpg,7,7
82935302_2891682679.jpg,8,8
1108566046_4135779680.jpg,5,5
1237148971_1841368680.jpg,9,9
1360266050_171464680.jpg,12,11
1399728576_4222791680.jpg,6,6
1544663832_613595680.jpg,6,6
1823657346_3122683680.jpg,10,10
203955161_2039444680.jpg,12,7
2081838896_168204680.jpg,9,9
2272790678_2775068680.jpg,10,10
2318667990_799330680.jpg,13,12
2603531488_3442038680.jpg,13,13
2653679455_2944131680.jpg,13,13
2806695907_284267680.jpg,6,6
2874662434_781217680.jpg,3,3
2909783267_3378535680.jpg,1,1
2990234513_1564912680.jpg,8,8
3522367024_4108765680.jpg,11,11
3703496697_1352098680.jpg,11,11
3914127748_341978680.jpg,6,6
393767759_2267113680.jpg,4,2
4278712939_1807488680.jpg,10,10
737777366_2778573680.jpg,8,6
757525742_1811690680.jpg,5,11
877092914_2966208680.jpg,3,3
1071795869_2450337681.jpg,9,11
1185749270_3180181681.jpg,12,12
1223568357_1791448681.jpg,9,6
1279633939_258508681.jpg,3,11
1403048175_1792559681.jpg,7,6
1432236079_3066883681.jpg,8,8
1524366117_855821681.jpg,11,6
2125967697_2705366681.jpg,3,1
2572206436_2109470681.jpg,8,8
2729238382_2807077681.jpg,8,8
2901202995_1736801681.jpg,13,13
2991656397_3590343681.jpg,5,5
3119584816_2157279681.jpg,13,11
328043983_2661408681.jpg,5,2
3726535162_25273681.jpg,6,6
3783576459_135088681.jpg,7,7
553461573_3267499681.jpg,10,10
612493774_2330258681.jpg,9,9
682576335_4049523681.jpg,9,9
919277727_1665678681.jpg,9,9
1197711960_3208516682.jpg,10,10
1380793212_2246871682.jpg,6,8
1420903800_3897299682.jpg,5,5
1504280266_4037034682.jpg,1,0
167632061_1674257682.jpg,2,0
1679462809_2420230682.jpg,13,13
173017565_1058713682.jpg,5,7
1819891472_1664299682.jpg,3,3
2289837333_3912313682.jpg,1,1
2377148628_740012682.jpg,11,11
2462970599_2228471682.jpg,5,7
2725711086_283938682.jpg,3,1
2797877997_3386158682.jpg,11,12
2832148068_361707682.jpg,10,10
29861979_2418492682.jpg,0,0
3221965694_327144682.jpg,10,10
3573244731_1860750682.jpg,2,2
3819423292_71828682.jpg,10,10
4053523449_2244280682.jpg,5,5
4053904388_4232323682.jpg,9,9
4073118997_1599621682.jpg,4,2
4222660932_256768682.jpg,3,0
687368334_923106682.jpg,2,2
710238829_679974682.jpg,8,6
727058106_1561820682.jpg,5,5
926267700_1500176682.jpg,1,3
120766197_2971608683.jpg,3,11
1217161748_1463390683.jpg,3,3
1237258260_2071670683.jpg,0,0
1800409265_3349810683.jpg,8,7
1895631046_273003683.jpg,5,7
1934598660_4285280683.jpg,13,13
1997546618_3342346683.jpg,0,3
2152861847_1286783683.jpg,1,1
2235265852_329921683.jpg,12,11
2512979202_2890877683.jpg,10,10
2644539921_1229420683.jpg,4,2
2675138572_3425907683.jpg,10,10
2739715253_1623658683.jpg,8,7
2936204437_3439576683.jpg,0,0
3111016440_2221782683.jpg,9,7
313944002_486403683.jpg,11,0
3170226156_3544480683.jpg,13,11
3361530083_4156346683.jpg,3,11
3399176400_377607683.jpg,2,2
340108687_3335340683.jpg,2,12
478920220_883673683.jpg,5,5
550824970_702754683.jpg,9,6
816083425_159287683.jpg,0,0
11266896_2322067684.jpg,2,2
1261240330_2552971684.jpg,13,5
1577013126_1755453684.jpg,11,11
1698822541_258591684.jpg,9,9
1932616422_2056438684.jpg,1,1
1953883166_799651684.jpg,3,1
2146216894_3646006684.jpg,0,0
2598199501_4150160684.jpg,3,3
2685092929_3685384684.jpg,1,1
2788748554_1063515684.jpg,6,5
2983695870_3943907684.jpg,2,11
3122856217_1617089684.jpg,0,0
3337656127_2406354684.jpg,9,7
3355805594_2934189684.jpg,4,2
3591532212_2184619684.jpg,10,10
3852543878_3542967684.jpg,10,10
386827467_3999605684.jpg,9,6
3910804650_943774684.jpg,0,11
3962014967_1080788684.jpg,0,0
4077840124_4181481684.jpg,12,13
1201844365_3962503685.jpg,11,11
1355793394_3987589685.jpg,6,6
1393232239_2900488685.jpg,3,1
1428656794_369286685.jpg,0,0
1466818901_1705705685.jpg,1,1
157464737_2464829685.jpg,13,13
1584523280_3705384685.jpg,9,11
1587975088_2492290685.jpg,12,12
1622475868_3030372685.jpg,1,1
1686805223_2569495685.jpg,11,11
1877902323_3357717685.jpg,9,9
1915123582_2094966685.jpg,8,7
2177388463_3708514685.jpg,5,5
2251724429_2812066685.jpg,5,7
2351429863_3471546685.jpg,9,9
2615012411_336072685.jpg,11,11
27580748_1169814685.jpg,9,9
2780409655_2477338685.jpg,6,6
2802852270_269451685.jpg,12,12
2995226934_235621685.jpg,10,10
3008687063_1514100685.jpg,1,3
3181333787_505877685.jpg,9,9
3298314851_1391511685.jpg,5,5
3328795836_1188878685.jpg,9,9
3493944048_4155383685.jpg,4,0
3527110569_3583023685.jpg,2,4
362899998_3996887685.jpg,5,7
3847801119_2142774685.jpg,12,11
3952550083_2050886685.jpg,12,12
688308086_1270838685.jpg,13,0
754690027_437625685.jpg,5,7
803438519_4088610685.jpg,3,0
95627549_2903469685.jpg,5,5
989434322_1141780685.jpg,8,12
1352709695_3165104686.jpg,12,0
1376806028_97297686.jpg,9,6
1494112012_4137062686.jpg,0,0
1650936050_1919927686.jpg,11,11
1851798139_2529363686.jpg,10,2
1897809241_714530686.jpg,12,0
2111867201_1220784686.jpg,7,7
2207230591_3295704686.jpg,8,12
2217410356_1007151686.jpg,8,8
2308600659_3405369686.jpg,0,12
2901480720_228962686.jpg,13,13
2936350235_2334041686.jpg,12,12
3210259915_30415686.jpg,13,13
3610650115_397870686.jpg,0,0
3657346240_3314218686.jpg,10,10
3671384678_2402760686.jpg,3,3
3780054978_2325535686.jpg,9,8
378217267_3559200686.jpg,0,1
3855263447_3870003686.jpg,8,8
401043772_2855232686.jpg,3,0
4141535237_1731998686.jpg,8,12
4206150105_155446686.jpg,10,10
4206833151_3496444686.jpg,11,11
697466003_1217332686.jpg,3,11
713745806_735057686.jpg,5,5
822448636_1237650686.jpg,12,12
846009301_749708686.jpg,7,5
989068883_2260266686.jpg,3,3
1295712060_2966318687.jpg,5,5
1417404786_3723471687.jpg,0,0
162080072_1244152687.jpg,8,6
1645380636_1324288687.jpg,8,8
1745653796_1084794687.jpg,11,1
1840350646_3331334687.jpg,13,13
194601733_1108976687.jpg,13,13
1978378339_1835139687.jpg,4,4
2139275905_3615046687.jpg,12,11
3078518488_3313581687.jpg,8,8
319912468_3937955687.jpg,0,0
3334109225_1867581687.jpg,8,8
3637274161_1389316687.jpg,12,12
3847074455_3912877687.jpg,9,9
3995748766_2977968687.jpg,12,11
4219529468_2462502687.jpg,5,5
42438747_2838415687.jpg,5,5
4294256140_2742331687.jpg,8,13
498901657_2415026687.jpg,12,11
70946611_3721551687.jpg,13,11
913465741_1720384687.jpg,12,11
920016517_445290687.jpg,0,0
1434354261_3403576688.jpg,2,2
1629735794_1381226688.jpg,0,0
1784458231_3910450688.jpg,12,13
1900681994_1459752688.jpg,9,9
2225264368_64922688.jpg,3,3
2704037942_4006097688.jpg,9,6
2797068784_629737688.jpg,0,0
2809649075_2879612688.jpg,13,13
3278368450_1087360688.jpg,9,9
345481068_741108688.jpg,10,10
3471788638_1905546688.jpg,8,8
3660384032_3747584688.jpg,10,10
3720256248_676012688.jpg,12,11
3725811275_134621688.jpg,3,12
4139993076_3574398688.jpg,2,0
466883702_88829688.jpg,3,3
721424921_2953584688.jpg,5,5
134810742_3587496689.jpg,3,1
14664560_3940874689.jpg,3,3
1558213987_2174403689.jpg,5,5
166945590_2371492689.jpg,10,10
1809443781_4114147689.jpg,3,3
1999684329_1359880689.jpg,0,0
2193458014_1098029689.jpg,9,9
2329462079_1113686689.jpg,10,10
2413477406_1797101689.jpg,7,6
2851602557_3407607689.jpg,5,2
2868141835_1300104689.jpg,9,6
3162404951_2078817689.jpg,1,1
3338770017_1486978689.jpg,9,9
3479369700_1640631689.jpg,5,0
3524087595_827896689.jpg,11,11
3755256039_1074463689.jpg,13,12
4042329802_2498153689.jpg,0,0
4161928704_4276935689.jpg,8,8
4201586660_214787689.jpg,8,8
628368946_2809088689.jpg,12,11
898429615_3482668689.jpg,10,2
1458554886_1365085690.jpg,0,2
1657754296_3959361690.jpg,11,11
1696045692_827216690.jpg,9,9
1781377509_1788354690.jpg,9,7
1931443434_2643931690.jpg,9,6
2266518637_2162920690.jpg,5,1
2282666061_2393015690.jpg,5,7
2469400300_179136690.jpg,2,2
2564369817_2879264690.jpg,5,5
2640329525_3926819690.jpg,13,12
2869110462_3480816690.jpg,13,12
2932030894_3289380690.jpg,2,2
3256605574_3152405690.jpg,5,4
3269602682_1844434690.jpg,13,13
3298047308_2464751690.jpg,4,2
3314370796_1678274690.jpg,1,0
3612391569_3529806690.jpg,5,5
3791332101_429175690.jpg,0,0
3802468871_2260677690.jpg,13,13
3866250218_852296690.jpg,6,7
3917304485_2659542690.jpg,12,12
3938038376_3069738690.jpg,11,6
423116045_3592646690.jpg,6,6
513313736_2358108690.jpg,9,11
58166539_510103690.jpg,5,5
641835319_1828600690.jpg,9,6
1068524241_3987064691.jpg,13,13
1140304563_52456691.jpg,1,7
1382425367_909375691.jpg,3,3
2417166568_23372691.jpg,5,0
2550596149_1375737691.jpg,10,1
2770117166_3282202691.jpg,13,13
2778609745_777441691.jpg,3,3
2916099808_3066745691.jpg,6,7
3108220878_3002514691.jpg,2,0
3235825081_1933246691.jpg,0,0
3398876235_4155136691.jpg,3,3
3408068765_2431658691.jpg,5,1
3469015218_864275691.jpg,11,2
3522189525_1279170691.jpg,10,10
3545713726_3393895691.jpg,7,7
3933589633_4098124691.jpg,13,13
4114347731_3081750691.jpg,3,11
496186163_1577789691.jpg,1,1
560683040_2454035691.jpg,13,13
814534169_2502025691.jpg,6,6
900460086_1677511691.jpg,8,12
90768333_1876335691.jpg,12,11
1158110893_1911016692.jpg,12,12
1264115662_1925872692.jpg,10,10
1409769313_1477178692.jpg,10,10
1414761882_686820692.jpg,0,0
1439728032_1260743692.jpg,3,1
1634811553_3202524692.jpg,0,0
1648452861_633056692.jpg,1,1
1927913172_1700158692.jpg,4,2
1974359610_3891954692.jpg,6,6
2100752270_862613692.jpg,12,11
2221916577_3356386692.jpg,5,5
2264186860_3691594692.jpg,10,10
2299916591_1846391692.jpg,12,11
2306170647_2165545692.jpg,8,8
2417425772_2237114692.jpg,3,11
2627215932_940887692.jpg,13,13
2833031869_2015430692.jpg,10,10
2892273880_2890594692.jpg,6,7
3557451949_2277913692.jpg,11,12
3785439943_3996848692.jpg,10,10
3829250_2961397692.jpg,9,9
3855260803_2916980692.jpg,9,9
4142007547_1689685692.jpg,0,2
423579547_2555132692.jpg,6,8
52873657_3569920692.jpg,10,6
714730853_427263692.jpg,13,13
726675774_3091409692.jpg,8,12
834735642_3345949692.jpg,3,3
109758363_2067730693.jpg,10,10
1103702453_3464679693.jpg,6,8
1764651665_1061370693.jpg,10,10
1794171950_1929284693.jpg,12,11
2243080085_2867817693.jpg,2,5
2316351761_3156758693.jpg,4,11
2524091201_2841599693.jpg,6,6
2561788733_3270104693.jpg,13,12
2672865526_2217166693.jpg,12,12
2721743201_376261693.jpg,13,13
3474120152_2636505693.jpg,5,7
3720641361_3191014693.jpg,6,7
4111648981_2157365693.jpg,12,13
4132768541_3036625693.jpg,6,6
459098823_2675623693.jpg,8,7
65307956_73529693.jpg,8,8
654955745_1747036693.jpg,2,2
722532628_910505693.jpg,12,11
740027167_2481559693.jpg,0,13
801231887_115051693.jpg,12,11
805578825_2931937693.jpg,5,5
1196280039_1628152694.jpg,4,0
1293682134_2677546694.jpg,5,4
1426211323_3204431694.jpg,0,0
2130717524_3097425694.jpg,10,10
2965864819_2956302694.jpg,5,5
2987181692_913071694.jpg,0,2
3404733578_3293635694.jpg,5,5
3442499145_3742656694.jpg,8,6
3443405582_1068586694.jpg,5,5
347719556_1981992694.jpg,7,7
3968307002_3810665694.jpg,11,11
4110382834_3746457694.jpg,9,6
460369200_3222360694.jpg,11,11
635883616_2967925694.jpg,12,11
680747575_3749828694.jpg,9,9
688503225_1657123694.jpg,3,3
879517372_2918087694.jpg,13,13
963302093_1728303694.jpg,0,11
1191804981_266167695.jpg,9,9
1199117755_754929695.jpg,0,0
1687704573_982155695.jpg,0,0
177813831_2679790695.jpg,5,5
181475964_100788695.jpg,1,1
2477845374_3644606695.jpg,12,0
2672414007_1071581695.jpg,0,1
2948378013_1641126695.jpg,5,5
331394205_1154551695.jpg,5,5
3678823796_4093634695.jpg,12,12
397129693_1743086695.jpg,5,5
4289898296_1102112695.jpg,0,2
436279839_1191142695.jpg,7,7
972980644_3460419695.jpg,12,12
1103095248_1323424696.jpg,4,2
155998156_1883624696.jpg,5,7
1761041568_2867531696.jpg,10,10
2106515859_1890154696.jpg,6,8
2199417647_1873156696.jpg,6,6
2407406012_206269696.jpg,12,11
2674136870_2252912696.jpg,2,11
2771352184_1880195696.jpg,13,4
2855411836_765867696.jpg,12,13
2911404652_3718301696.jpg,5,5
2988285875_786040696.jpg,1,1
2989400250_435873696.jpg,2,12
3152671379_3416062696.jpg,10,10
3611543391_2522130696.jpg,6,8
3706737205_3880981696.jpg,10,10
3933429786_647087696.jpg,10,10
4246319010_3963328696.jpg,11,11
448434391_1108593696.jpg,8,7
960717009_1035642696.jpg,12,12
1056759238_2712811697.jpg,0,0
1284418601_956720697.jpg,6,8
1307789870_3947114697.jpg,4,2
1377207173_3436273697.jpg,6,6
1649486572_3156105697.jpg,5,7
1695404287_370979697.jpg,8,12
1721156693_910446697.jpg,9,9
1732705175_1082698697.jpg,5,5
1857620610_2651912697.jpg,12,12
1893989758_3790207697.jpg,3,11
2309005582_1321167697.jpg,11,11
2356993757_1889084697.jpg,3,1
2468500939_309367697.jpg,6,6
2579802300_1763591697.jpg,12,11
2789821996_3322496697.jpg,6,6
2847033364_3102831697.jpg,12,0
2913190669_1085588697.jpg,6,6
3302815380_3544110697.jpg,8,6
3520184704_2540710697.jpg,6,6
4235787913_3695274697.jpg,8,8
4254707788_1431639697.jpg,7,6
464532426_1433866697.jpg,11,11
515906867_769519697.jpg,2,2
533416370_2220435697.jpg,12,12
737089278_1396979697.jpg,13,13
1001112585_3369903698.jpg,11,2
1117607591_1267494698.jpg,6,7
1224945773_2741996698.jpg,0,0
1662134170_2526679698.jpg,8,6
1689978271_3831049698.jpg,12,12
1935197140_1009279698.jpg,3,11
2009390166_3487102698.jpg,6,6
2052264279_3007619698.jpg,12,12
2123892005_4024510698.jpg,4,2
2255559363_3412094698.jpg,13,13
2307872173_189009698.jpg,0,0
2320828155_3596273698.jpg,4,2
25574713_4261972698.jpg,11,11
2804132738_2973661698.jpg,8,8
3035567243_2306222698.jpg,8,8
3077330394_1009332698.jpg,4,0
3433196377_419854698.jpg,10,10
3514043325_78058698.jpg,6,8
3551620231_3999468698.jpg,1,1
3653041506_3660194698.jpg,8,6
4169142972_347467698.jpg,4,0
45371361_2422793698.jpg,9,9
602842757_299273698.jpg,9,7
64787892_666788698.jpg,5,5
872956191_3244465698.jpg,5,5
111213491_922957699.jpg,6,5
1131185102_1278502699.jpg,3,3
1832343669_2081434699.jpg,7,7
2186222354_2088925699.jpg,8,7
2425048343_3105752699.jpg,5,5
2425573961_3584584699.jpg,6,6
2599244387_779042699.jpg,5,7
2743102632_1799250699.jpg,12,12
3048283848_1926631699.jpg,11,11
305801344_461915699.jpg,5,5
3086456109_3304740699.jpg,1,1
3119704666_4082374699.jpg,0,0
3130825181_2276183699.jpg,1,1
3282329241_52180699.jpg,1,1
3305868273_1850876699.jpg,11,9
3694317249_4004728699.jpg,11,11
3952332289_1863937699.jpg,1,1
4120220929_3516066699.jpg,3,3
82879294_1565751699.jpg,4,0
898053815_2780190699.jpg,10,10
901703012_3759653699.jpg,5,5
1136444676_1008576700.jpg,3,3
1376782110_3005442700.jpg,3,3
1413542307_2663944700.jpg,9,6
1442681233_1774848700.jpg,9,7
1513875230_2488657700.jpg,6,6
1704765046_355832700.jpg,8,8
1820779415_2195305700.jpg,5,5
1838127950_4252276700.jpg,13,13
1918242962_3289813700.jpg,13,13
2032912758_2611839700.jpg,9,9
2252294911_440635700.jpg,3,11
239597622_1905284700.jpg,11,11
2774968334_1470938700.jpg,0,11
2947924716_970453700.jpg,8,8
3019554490_369584700.jpg,9,9
336371289_1731908700.jpg,6,8
3568946283_1700343700.jpg,3,3
3764406581_2967417700.jpg,6,6
3962760180_4177409700.jpg,3,0
4273028306_1523116700.jpg,6,7
452802805_3121509700.jpg,12,0
551314456_3898733700.jpg,11,11
590411_3329377700.jpg,13,13
662847480_1370463700.jpg,9,6
131813903_1778494701.jpg,0,0
1408590827_4108294701.jpg,8,8
1522416989_4178674701.jpg,5,5
159320604_1672616701.jpg,5,5
1689539663_3690565701.jpg,3,11
1824665738_3473727701.jpg,9,6
1848592115_1515511701.jpg,4,2
185679695_1074149701.jpg,9,9
2265555338_1504890701.jpg,6,6
2523469214_2299222701.jpg,3,3
2605911856_3806386701.jpg,8,8
2725744536_313063701.jpg,9,9
3069070736_789680701.jpg,0,0
3190374740_1817403701.jpg,6,7
3340517868_3353002701.jpg,6,6
3468687508_31726701.jpg,13,13
3651057570_3351588701.jpg,5,7
3764569825_1592754701.jpg,4,3
3902817911_210387701.jpg,7,11
4203184719_1977599701.jpg,12,7
4228444253_3461833701.jpg,10,10
4260691462_3820707701.jpg,8,8
4275451931_3062167701.jpg,13,13
4286790182_629670701.jpg,2,1
490810856_3481969701.jpg,0,0
1094452142_785406702.jpg,13,13
1170420695_3986729702.jpg,2,4
1222138800_2629220702.jpg,13,13
1279833297_2641451702.jpg,13,13
137037185_1429552702.jpg,13,13
1467250122_2862857702.jpg,4,4
1768412853_4213177702.jpg,12,11
200122972_1985395702.jpg,5,5
2133171349_4235705702.jpg,1,1
2247120333_2066930702.jpg,12,12
2906839287_2313340702.jpg,1,1
3056527179_754022702.jpg,5,5
331317943_2917650702.jpg,9,9
3338618174_3433277702.jpg,2,1
358123559_4200921702.jpg,11,11
3910974253_1039146702.jpg,11,1
4122596745_2251193702.jpg,6,6
857003629_425675702.jpg,9,7
110570559_3605248703.jpg,0,5
136780395_2644050703.jpg,10,2
162430757_3691494703.jpg,9,9
1661630996_551755703.jpg,12,12
1691063383_311767703.jpg,3,3
1712025274_1558936703.jpg,11,11
1981154705_4046623703.jpg,13,4
2172754361_3981943703.jpg,3,3
2216287670_2395989703.jpg,3,3
2440067392_545477703.jpg,2,10
2839182549_3245731703.jpg,10,1
2926328734_1884206703.jpg,0,2
296399814_1205390703.jpg,8,6
3203174002_4111144703.jpg,9,9
3294987570_2283972703.jpg,4,2
3339559168_3228470703.jpg,11,11
3412991005_3344082703.jpg,2,2
3446298242_2591303703.jpg,2,2
3505036461_3822593703.jpg,12,12
370366086_3234878703.jpg,6,6
4055574826_2399467703.jpg,6,8
4176759281_1690525703.jpg,4,2
4269427335_2027009703.jpg,10,10
490370489_1978827703.jpg,7,7
515127523_357411703.jpg,1,1
672284620_2890659703.jpg,4,2
1008581783_4289601704.jpg,9,1
1120862633_3588769704.jpg,11,11
1194855229_2555663704.jpg,12,12
1350663034_3427122704.jpg,12,12
1427887127_1176946704.jpg,3,11
1436623765_2927473704.jpg,6,6
1530759611_2068229704.jpg,4,0
1634327731_3210460704.jpg,2,4
1991651059_3779668704.jpg,9,9
2332372627_3216238704.jpg,4,0
2491238399_1407774704.jpg,11,11
2573421672_1572505704.jpg,13,13
2581384682_2111665704.jpg,9,9
2705623734_3686312704.jpg,9,9
2757488555_2834631704.jpg,5,5
2809534316_117317704.jpg,6,6
3027341966_2721699704.jpg,13,13
3090172184_3303413704.jpg,3,1
3340839839_590410704.jpg,6,6
3429614871_2932192704.jpg,8,8
390584211_1312695704.jpg,11,11
3909760613_869099704.jpg,5,5
4059482297_2175838704.jpg,13,13
4277832996_3173451704.jpg,12,11
449859892_2146904704.jpg,12,3
582676637_568996704.jpg,6,6
731792140_489076704.jpg,9,9
79618883_2013519704.jpg,0,3
99205230_3804654704.jpg,13,13
1052157530_2176697705.jpg,6,6
1303632417_160580705.jpg,12,12
1529457651_4088066705.jpg,3,1
1534511131_1515947705.jpg,6,6
1561635861_275444705.jpg,12,11
1596774237_4287865705.jpg,7,7
1832791742_1422005705.jpg,13,13
1954161457_2277447705.jpg,12,12
2503915911_140976705.jpg,12,11
2539737255_3339264705.jpg,6,6
2984466663_2807312705.jpg,0,0
3286324195_572302705.jpg,2,4
3424532819_1287428705.jpg,12,11
3611670026_2191365705.jpg,13,13
3910335023_857683705.jpg,10,10
442523016_748497705.jpg,2,4
546690788_3246088705.jpg,13,13
1261075883_36800706.jpg,6,6
130227334_2202781706.jpg,13,13
1626917370_312307706.jpg,10,10
2367582897_3302916706.jpg,9,9
2378589395_2461906706.jpg,4,0
263271111_2604067706.jpg,5,5
2984723999_2138161706.jpg,11,11
3098362878_1419106706.jpg,13,0
3524090726_50455706.jpg,6,6
3562990639_2631493706.jpg,9,7
3575598142_2245772706.jpg,3,0
383691630_3807116706.jpg,6,6
3909391127_844833706.jpg,0,0
4098701877_1350455706.jpg,13,13
4715853_383219706.jpg,6,6
563709460_3817667706.jpg,9,7
1327716164_1188636707.jpg,13,13
1415126871_2326782707.jpg,6,8
208842768_1929220707.jpg,2,4
2220705971_1395409707.jpg,8,8
2411501304_2718485707.jpg,6,8
2912182539_2797583707.jpg,5,5
2919038139_3354364707.jpg,5,5
2960836546_3706407707.jpg,11,1
310141314_2060341707.jpg,9,6
3284735476_1469780707.jpg,6,6
3291927950_2164403707.jpg,4,2
3478310573_3583732707.jpg,10,10
3495002719_3265195707.jpg,1,1
3854088730_2813700707.jpg,1,1
4007126574_3416480707.jpg,10,10
4292026638_2549115707.jpg,5,5
455110362_262485707.jpg,11,6
1182972524_2658744708.jpg,4,0
1273585809_287593708.jpg,10,10
1489981018_2366853708.jpg,2,2
1622865832_1883661708.jpg,11,6
1691157797_3193918708.jpg,8,12
1737000999_351559708.jpg,4,4
1912835806_2654751708.jpg,6,6
2042385234_3331620708.jpg,5,5
2057462384_104058708.jpg,2,2
2102943285_1048772708.jpg,12,7
216249689_2675664708.jpg,13,13
2496447978_1794002708.jpg,3,1
2881797128_3054075708.jpg,11,12
3054505936_1968138708.jpg,4,0
3150863432_3141360708.jpg,6,6
3152070005_394154708.jpg,10,10
3212915504_4195276708.jpg,5,7
3479537712_3000824708.jpg,3,1
3499123946_2561423708.jpg,4,2
3518510702_1150535708.jpg,7,7
359514809_2415241708.jpg,12,11
3847702579_429988708.jpg,6,6
3893615377_4164005708.jpg,12,11
4282801096_2418820708.jpg,0,0
641125162_2651136708.jpg,11,11
736168688_2752196708.jpg,3,1
918379454_1983097708.jpg,8,12
1070621864_2569112709.jpg,11,11
1308262125_953861709.jpg,9,2
139760925_1553514709.jpg,12,12
1587196732_4209476709.jpg,13,13
16508943_2488755709.jpg,3,3
2149772927_2140782709.jpg,1,1
2274366193_2888722709.jpg,1,1
2338156516_2426797709.jpg,4,2
2390305800_434913709.jpg,10,10
2523301221_2558878709.jpg,3,3
2652818559_4292109709.jpg,6,6
2749628547_4243069709.jpg,7,6
2888232420_2320269709.jpg,2,0
3127980417_3277465709.jpg,0,0
3162030599_4229677709.jpg,8,8
3224420227_1209657709.jpg,3,1
3278379656_4059793709.jpg,11,11
342526982_821038709.jpg,12,11
3795965681_1352663709.jpg,8,8
4203456538_1735517709.jpg,9,0
4242743095_3627427709.jpg,1,1
507306073_1307855709.jpg,8,8
579303209_2915840709.jpg,6,6
789790064_19216709.jpg,8,8
851410978_2421485709.jpg,5,5
918708478_1203857709.jpg,2,4
952716969_2108754709.jpg,1,1
1238918186_2299962710.jpg,0,0
1275530284_3275256710.jpg,11,11
1512885935_534632710.jpg,13,13
1560399878_1373344710.jpg,9,9
1656310740_2456504710.jpg,9,9
1805432562_681148710.jpg,0,0
1948863828_1390206710.jpg,1,1
2070487014_2638502710.jpg,9,9
2086897355_2409972710.jpg,9,9
2111600159_1231884710.jpg,8,6
2270000949_2093652710.jpg,9,9
2386272477_2472970710.jpg,8,7
3079393617_3088371710.jpg,8,12
3757399630_2990208710.jpg,12,11
3837491525_2698871710.jpg,11,11
394583841_1287584710.jpg,13,13
4028419947_1868656710.jpg,5,5
404120981_3740189710.jpg,2,2
4291819428_3813795710.jpg,1,1
595385504_3843320710.jpg,5,6
66651110_3219611710.jpg,12,11
745556501_4173387710.jpg,12,11
986887038_184616710.jpg,0,4
1050350641_446151711.jpg,13,4
1090967882_2846426711.jpg,6,6
1149080836_3610149711.jpg,5,5
1334345206_2925179711.jpg,13,13
1516002535_3127913711.jpg,12,11
1801373488_4291751711.jpg,3,11
1964107320_517801711.jpg,13,13
207730458_127090711.jpg,1,1
2570699138_3917965711.jpg,3,3
2826891865_3461567711.jpg,12,12
300786475_4225045711.jpg,2,0
3120513371_2661446711.jpg,9,9
3587980675_1595570711.jpg,6,8
4150602784_471633711.jpg,5,5
637507829_3846444711.jpg,4,2
674120582_1402545711.jpg,10,10
1197875403_2498177712.jpg,6,11
1472148578_1723356712.jpg,7,7
1476523455_1975032712.jpg,2,4
1561954050_4009014712.jpg,0,0
1893234291_3587100712.jpg,13,13
1984485012_3866826712.jpg,1,1
2032072029_3489346712.jpg,4,2
2229400637_1285699712.jpg,1,1
2292043720_1219214712.jpg,11,11
2642643619_4075005712.jpg,4,2
2677123636_2182423712.jpg,6,8
2913257325_817910712.jpg,3,3
2955698933_4244462712.jpg,12,12
3057823041_3931335712.jpg,11,6
3081201682_1985202712.jpg,12,12
3106185382_2251396712.jpg,11,11
3373926346_3031257712.jpg,8,12
3408993326_854664712.jpg,9,6
3838380315_3700516712.jpg,13,13
384833751_3321885712.jpg,5,5
4000110031_1997469712.jpg,1,1
4092580054_3321689712.jpg,9,9
837249823_4025390712.jpg,12,13
909755547_1404377712.jpg,13,13
1012122835_989376713.jpg,3,0
1221924317_2392584713.jpg,6,7
1241299055_3147886713.jpg,6,1
1694508101_463350713.jpg,11,11
1981229113_3894857713.jpg,6,6
2035855426_3951869713.jpg,11,13
2615996385_508951713.jpg,13,13
3049477047_938722713.jpg,5,7
3123902113_1018157713.jpg,8,8
3335802821_1163347713.jpg,10,10
372301191_1553559713.jpg,13,13
3979922268_2905611713.jpg,2,0
4110007989_2469766713.jpg,2,10
470341257_3658507713.jpg,5,5
53661053_922611713.jpg,3,3
569113918_4108035713.jpg,0,5
609918050_3932060713.jpg,9,9
883040286_1394388713.jpg,13,13
1069356541_3968159714.jpg,5,5
1111771543_3696552714.jpg,7,6
1117488758_1024113714.jpg,11,0
1194703463_2984216714.jpg,9,11
1445388091_2260247714.jpg,0,0
1508757966_430560714.jpg,4,2
18531427_1009212714.jpg,3,11
2063522741_999049714.jpg,1,1
2136575503_3271037714.jpg,11,11
221730620_2387751714.jpg,0,0
2257393133_3653675714.jpg,10,10
2348763331_239598714.jpg,13,13
2390911670_3613437714.jpg,8,8
2475382173_208705714.jpg,3,3
2559497043_3998040714.jpg,6,8
2636083921_3905331714.jpg,9,3
282105082_1158520714.jpg,10,10
2941431127_2919385714.jpg,11,11
299243362_3943625714.jpg,9,6
3040640451_2392479714.jpg,10,10
3105402505_2568532714.jpg,3,1
3413801865_334808714.jpg,6,8
3512215414_1832355714.jpg,3,1
3626926951_8017714.jpg,7,7
3806975285_4288215714.jpg,10,10
3811054181_4274266714.jpg,10,10
3878200532_1209766714.jpg,13,11
3912897998_223854714.jpg,12,11
3969707901_1052519714.jpg,8,8
4005854522_41887714.jpg,3,3
4227031559_3796674714.jpg,2,1
458548482_802635714.jpg,3,3
55575466_3286113714.jpg,11,11
596388566_2795292714.jpg,2,2
990708027_335135714.jpg,13,12
1038429670_2470880715.jpg,12,11
1283969635_1010796715.jpg,13,13
147300308_4157945715.jpg,13,13
1482158789_3828847715.jpg,5,1
1509971586_810300715.jpg,11,11
1695772150_2153018715.jpg,13,13
1701482029_3555071715.jpg,5,6
1745733986_380000715.jpg,1,1
1821925592_4211666715.jpg,0,1
2143232732_3853934715.jpg,5,5
2290921450_1772667715.jpg,9,11
2333289109_3532061715.jpg,13,13
2481367904_4230084715.jpg,6,7
3264078834_2023085715.jpg,12,1
33670444_2888789715.jpg,3,3
3472735154_195069715.jpg,3,1
3479383700_3785022715.jpg,13,13
3766522796_1593327715.jpg,5,5
3798630481_1668377715.jpg,0,5
3842688855_2668982715.jpg,8,8
3865719766_4222369715.jpg,11,11
3939289089_264668715.jpg,10,10
4275990260_56204715.jpg,8,8
725620551_1960680715.jpg,8,6
743498857_1390112715.jpg,2,2
788578929_2198080715.jpg,3,11
804062219_1139527715.jpg,4,2
1016912217_350770716.jpg,2,2
1035865384_3948377716.jpg,2,4
1279286125_3754388716.jpg,2,4
1400015247_2265945716.jpg,0,0
1665035841_534209716.jpg,13,13
1694270661_241541716.jpg,6,6
1746341683_1366939716.jpg,9,11
1766466411_1762272716.jpg,11,11
1965941399_1201246716.jpg,1,1
2020282634_3381719716.jpg,11,11
2108719113_977199716.jpg,6,7
2179172626_1216199716.jpg,10,10
2533005886_3863381716.jpg,13,13
2755114230_2273433716.jpg,0,0
3221115202_886114716.jpg,10,10
3303634142_1961005716.jpg,13,13
3765267953_4061714716.jpg,8,6
4125260471_385929716.jpg,10,10
4158264105_1430045716.jpg,6,6
4274749055_2522361716.jpg,1,1
445474827_230189716.jpg,5,5
465950326_3169887716.jpg,2,2
497590429_920516716.jpg,4,2
753848990_1021612716.jpg,1,1
941163574_543298716.jpg,13,13
964810436_2073973716.jpg,3,1
1013913396_2530525717.jpg,12,11
130290934_3182836717.jpg,13,12
1519409099_2032356717.jpg,10,10
1953598527_102779717.jpg,4,2
2390706305_152140717.jpg,11,11
2408688162_3564832717.jpg,10,10
2529169541_730226717.jpg,12,12
286660134_87511717.jpg,2,2
3012514305_1536418717.jpg,3,3
3557217295_504453717.jpg,1,1
3774230726_1449898717.jpg,3,3
3912892872_2750518717.jpg,8,8
4182903788_3801617717.jpg,1,1
465812218_2675428717.jpg,11,11
482119908_3429604717.jpg,10,10
558120020_1178704717.jpg,0,11
799744973_4087898717.jpg,3,1
1433117423_2476184718.jpg,4,2
1494849444_2987590718.jpg,3,0
172800430_1601393718.jpg,5,5
1755820925_2905091718.jpg,11,11
1905533310_1068811718.jpg,0,0
1980498080_3074418718.jpg,9,7
2056912003_90570718.jpg,5,4
2494762992_77419718.jpg,5,5
2556980511_1357492718.jpg,5,5
2741832970_476979718.jpg,8,6
2814185582_2100381718.jpg,3,1
2841448254_1828188718.jpg,11,11
3006564054_1034746718.jpg,8,8
3091950650_972911718.jpg,3,1
3137178318_3227137718.jpg,1,1
317587441_1702880718.jpg,5,5
3276812196_2044291718.jpg,11,6
3286292655_2970109718.jpg,3,1
3349607486_251074718.jpg,3,12
3372389749_3377542718.jpg,2,4
3406075024_3373789718.jpg,10,10
3494959061_3155610718.jpg,4,2
3573438080_802573718.jpg,1,11
3786390336_3385049718.jpg,3,11
3810830306_690671718.jpg,2,4
3816161641_3550699718.jpg,8,8
3978887204_2268622718.jpg,6,8
4108346233_145447718.jpg,1,1
536395025_237355718.jpg,10,10
839165831_192327718.jpg,4,0
894525638_419518718.jpg,3,3
939024496_4042309718.jpg,6,8
945757082_1030726718.jpg,4,2
1048620475_2212609719.jpg,6,6
1079472193_2371314719.jpg,0,2
1435119255_502711719.jpg,5,7
1605128355_807829719.jpg,4,2
1690446613_2409554719.jpg,8,8
1755692364_861825719.jpg,5,5
1833811373_4162106719.jpg,6,6
1883375997_537450719.jpg,12,13
1992953041_1158671719.jpg,10,11
2052147880_333430719.jpg,11,11
2053330108_529243719.jpg,12,12
2198803774_1734071719.jpg,13,11
2274138708_794205719.jpg,2,4
2636532408_1942699719.jpg,4,2
271165960_657143719.jpg,8,8
2735514298_2385838719.jpg,13,13
2824411538_3602338719.jpg,3,11
285140928_1451811719.jpg,13,13
288948938_1364974719.jpg,13,13
3055226428_3229275719.jpg,9,9
3070489464_672136719.jpg,1,1
3270398189_4198564719.jpg,4,0
3412766908_1857763719.jpg,5,5
381887808_858307719.jpg,7,1
3970786304_2179189719.jpg,8,6
4087463175_439538719.jpg,13,13
4175325667_4087203719.jpg,3,9
4263944557_2616660719.jpg,13,13
634654941_811156719.jpg,7,11
664374376_3703749719.jpg,8,9
734893128_3473059719.jpg,2,2
786895229_2943433719.jpg,1,1
1430726809_2310626720.jpg,11,12
1534629689_815218720.jpg,13,13
1585446399_1384864720.jpg,12,11
1617528292_342238720.jpg,9,9
1706803794_3200454720.jpg,11,11
1739772927_1735279720.jpg,10,10
1823925098_626402720.jpg,8,6
2212267912_3894305720.jpg,11,11
2425196321_1694661720.jpg,9,9
2484947384_3893015720.jpg,8,7
2806523726_1753446720.jpg,3,1
3051630809_51485720.jpg,8,6
3192967388_1285744720.jpg,1,1
3362677180_296753720.jpg,13,13
3419489125_3486777720.jpg,8,8
3696418728_3237269720.jpg,5,5
3865629412_1181448720.jpg,1,11
3890743874_3831470720.jpg,6,6
4135747947_1979957720.jpg,13,13
4292558059_548590720.jpg,11,6
653836379_1733438720.jpg,3,3
895829711_476389720.jpg,4,2
987110244_2009014720.jpg,11,11
1175982265_2376351721.jpg,3,3
1652452620_1390267721.jpg,12,13
174544074_3617548721.jpg,13,13
1811174282_3042110721.jpg,8,12
2024137077_2548441721.jpg,13,13
213337290_4023958721.jpg,3,3
2182669975_109032721.jpg,0,0
2376037590_3234668721.jpg,4,4
2550278756_1389155721.jpg,1,1
2586777426_1514844721.jpg,13,13
260767584_1802400721.jpg,0,0
3182550266_1806381721.jpg,6,6
3308645777_2874597721.jpg,3,0
3331494500_114135721.jpg,3,3
3332664254_1596377721.jpg,1,1
3574675172_2090009721.jpg,12,12
3691866963_1264314721.jpg,10,10
3700693829_508286721.jpg,10,10
3728202136_3134590721.jpg,4,0
3876853810_3334766721.jpg,11,11
3943128160_915546721.jpg,5,7
4191091187_1092176721.jpg,0,0
548757771_1237515721.jpg,10,10
619153262_3346771721.jpg,10,10
703170885_1972496721.jpg,13,12
775745646_1381194721.jpg,13,13
805619935_1412196721.jpg,9,0
821820901_1070007721.jpg,13,13
922861484_2470415721.jpg,0,0
1379292786_4059278722.jpg,5,5
1430828155_4232568722.jpg,11,11
1452504601_2865421722.jpg,8,8
1684987447_537207722.jpg,11,0
1685878458_3667838722.jpg,10,10
1827481260_893136722.jpg,10,10
2037023549_2795065722.jpg,13,5
2044112412_309679722.jpg,0,0
2053820301_3377759722.jpg,5,5
2227938068_504544722.jpg,12,12
2302612922_2881616722.jpg,10,10
2459840211_2227818722.jpg,10,10
2713557644_2442117722.jpg,9,9
3045558773_1867646722.jpg,1,1
3122798677_2590852722.jpg,10,4
3467214436_1681857722.jpg,11,6
3474555856_996100722.jpg,5,5
3550661509_2542612722.jpg,8,7
3560562919_2391033722.jpg,12,12
3866074866_2825773722.jpg,10,10
3971623854_992166722.jpg,2,2
3973300160_2076642722.jpg,8,8
4071270564_111980722.jpg,11,13
984059056_224167722.jpg,6,6
1046069175_2157692723.jpg,1,7
1217737115_1315096723.jpg,9,9
1284919428_808058723.jpg,10,10
1343008354_1645943723.jpg,0,11
1370147423_1827442723.jpg,3,0
1433363620_4240743723.jpg,9,9
1882605278_404060723.jpg,6,7
2292754288_3083763723.jpg,1,1
2460513701_1535361723.jpg,4,2
2959538251_1827637723.jpg,5,5
3090113033_3388479723.jpg,1,0
3293886067_4017864723.jpg,3,3
335082091_2137473723.jpg,11,11
3369773397_817786723.jpg,8,8
338724409_3179218723.jpg,0,0
3482818479_745352723.jpg,0,0
3632453924_3435642723.jpg,9,9
569037790_2968596723.jpg,10,10
734585387_1359241723.jpg,5,5
828032287_1128196723.jpg,1,3
1196477528_2306185724.jpg,2,2
1472510520_2074120724.jpg,8,8
1706423424_174455724.jpg,5,5
1794127797_3585961724.jpg,12,12
1988584519_3971566724.jpg,13,13
2136901848_240073724.jpg,11,2
2286684085_3508566724.jpg,8,7
2308029958_1833530724.jpg,11,11
238751554_3563774724.jpg,3,3
265633231_3788847724.jpg,5,5
2806439848_2776147724.jpg,2,2
3213705299_4219641724.jpg,6,6
3310253499_2114687724.jpg,10,10
3515435632_3707694724.jpg,8,8
3547494133_142646724.jpg,8,6
3688821977_1530401724.jpg,0,0
3767063820_2620280724.jpg,2,2
3920905865_2779724724.jpg,12,12
869516930_1231499724.jpg,10,10
1049405295_3041289725.jpg,6,7
1177680031_3353822725.jpg,8,0
1268882268_2304509725.jpg,4,5
1322534139_358700725.jpg,9,9
1732872799_3991984725.jpg,3,3
2063989288_1766585725.jpg,5,0
2180475433_1064644725.jpg,12,12
2481548411_406160725.jpg,13,12
2808848511_2776856725.jpg,2,4
281141706_4254919725.jpg,12,11
2899808353_4218953725.jpg,5,5
2931138524_464774725.jpg,3,11
3177646084_2382443725.jpg,4,2
3479281927_1263948725.jpg,4,0
3623593746_1509117725.jpg,5,7
39561783_1753742725.jpg,6,6
3978909888_918619725.jpg,0,0
4234280984_2623050725.jpg,11,11
484440073_2848706725.jpg,1,1
830992097_3485583725.jpg,1,11
981876263_1525300725.jpg,3,3
1322231445_190453726.jpg,4,2
1603074425_3737263726.jpg,1,1
186989000_3714161726.jpg,0,0
2205801210_2581600726.jpg,1,1
258504451_476736726.jpg,3,1
2724108451_4294212726.jpg,12,12
3052685550_952040726.jpg,5,7
3261749553_3193229726.jpg,13,13
3319149746_3427680726.jpg,11,11
3345069773_1938885726.jpg,5,2
3498028234_3704203726.jpg,7,7
3752621788_4096715726.jpg,11,11
3849409790_2362740726.jpg,3,3
3906387566_403807726.jpg,1,1
3990231998_3754779726.jpg,12,11
4004295263_4051269726.jpg,9,9
4177186352_465041726.jpg,10,10
539741728_2513862726.jpg,10,10
920110669_617251726.jpg,2,0
1061952564_3051464727.jpg,12,11
1145717036_4117196727.jpg,9,9
1423670889_2436658727.jpg,0,3
1448279283_1921857727.jpg,2,11
1485188501_2704095727.jpg,9,9
1761158013_4140578727.jpg,5,5
1874844655_1994126727.jpg,8,8
1939418494_2572261727.jpg,11,11
2243961482_1980476727.jpg,6,6
2268996148_3134256727.jpg,13,13
2534924231_1068478727.jpg,0,0
2782239215_3387382727.jpg,13,13
3214949408_3305126727.jpg,0,4
3238737836_4061244727.jpg,8,7
3382598837_3468284727.jpg,10,10
3911733626_4205545727.jpg,2,4
4000711577_172061727.jpg,2,2
4074498642_396579727.jpg,13,13
4139527294_1302918727.jpg,0,12
90684539_2711139727.jpg,9,9
1589242897_2648984728.jpg,3,0
1604241460_1417812728.jpg,4,2
1669689254_3842761728.jpg,0,4
2069029019_1970574728.jpg,0,0
2073617433_3245925728.jpg,3,0
2210369022_2252639728.jpg,12,12
2469813897_2711773728.jpg,0,0
2648632135_3756215728.jpg,2,4
2711616078_3371919728.jpg,9,6
2903701687_94266728.jpg,1,1
3264529729_222693728.jpg,5,5
3271748507_332524728.jpg,10,10
3605688121_966911728.jpg,2,2
3811952629_712364728.jpg,1,1
3952899934_1101133728.jpg,13,13
4071242537_2053642728.jpg,3,3
502196485_2520858728.jpg,13,11
658317513_1849343728.jpg,7,7
894780763_3160066728.jpg,9,2
1092635194_951051729.jpg,1,1
1141099486_3385136729.jpg,6,6
1244106946_1752341729.jpg,5,5
1270208745_4083688729.jpg,5,5
1298718436_377578729.jpg,10,10
1810960564_2692607729.jpg,3,3
2051206783_1361074729.jpg,5,5
2082856564_3318261729.jpg,6,6
2293589079_2070401729.jpg,0,11
2421358159_3447302729.jpg,0,0
2762543782_3646800729.jpg,1,1
2820743701_2571537729.jpg,3,1
3117459926_3189520729.jpg,5,5
3273317758_2758825729.jpg,4,2
3503832388_3184362729.jpg,1,0
3850021051_1993796729.jpg,13,7
4058048536_3236235729.jpg,0,0
558460100_1816468729.jpg,1,1
76013085_1400227729.jpg,11,11
850527754_1576759729.jpg,12,11
1294317364_2184578730.jpg,0,0
1406200510_2216098730.jpg,2,2
142175305_4253266730.jpg,5,2
1517149397_3978299730.jpg,1,1
1735560894_1340691730.jpg,12,0
2026419008_1550677730.jpg,12,12
2581563589_3848841730.jpg,3,1
2856948720_2211541730.jpg,13,13
2979436665_188651730.jpg,12,12
312500378_4000857730.jpg,5,7
3211569161_4241383730.jpg,6,6
3259282888_136398730.jpg,10,10
3603233338_1351441730.jpg,10,10
3854433242_1773383730.jpg,12,12
488797550_1029250730.jpg,0,0
79469514_3837951730.jpg,13,11
817312993_3531773730.jpg,3,3
1146744601_2020558731.jpg,3,3
1285225137_3490453731.jpg,2,2
1863415248_251855731.jpg,13,13
2351509025_2530502731.jpg,8,8
2398812576_3819232731.jpg,6,6
2533133591_3047822731.jpg,10,10
2536433915_2271689731.jpg,4,2
2773545393_1260795731.jpg,10,10
2893148283_761255731.jpg,5,2
3300796442_3771070731.jpg,11,2
3332822101_1662909731.jpg,9,9
3642135058_3352289731.jpg,12,12
3660133108_2667525731.jpg,10,10
3684873312_3404844731.jpg,5,5
3706273441_3330207731.jpg,12,11
3776320687_1574509731.jpg,0,2
3816744029_888942731.jpg,10,10
3829103322_513865731.jpg,10,10
4021364640_3476103731.jpg,0,0
624714029_1621902731.jpg,8,5
76459134_3603769731.jpg,10,10
891244882_1121525731.jpg,9,6
1069011582_3985077732.jpg,4,2
1198481014_136230732.jpg,8,7
1216382340_93150732.jpg,10,10
1679585604_3052587732.jpg,2,11
1698429306_2530519732.jpg,5,5
1729265976_3768144732.jpg,2,10
1732894273_3419921732.jpg,1,1
2382959908_4201406732.jpg,3,3
2464036837_2575312732.jpg,1,1
2614585723_3312605732.jpg,3,3
284968944_4143337732.jpg,2,4
3081990678_1278614732.jpg,3,0
3139435523_1510437732.jpg,5,7
3186698346_408754732.jpg,0,5
3271499435_2210946732.jpg,0,0
337041411_203532732.jpg,13,13
3404322005_1972684732.jpg,6,8
3459379234_3559916732.jpg,5,0
354288723_1662861732.jpg,9,9
3570027_46179732.jpg,1,0
3585870054_2369725732.jpg,7,7
3824474202_2877309732.jpg,5,5
3944124648_4024798732.jpg,0,0
4260228040_566613732.jpg,10,10
497417993_4091498732.jpg,3,11
79644966_1082306732.jpg,8,8
799437888_2651539732.jpg,8,8
829333835_3563226732.jpg,3,0
9031546_1193211732.jpg,0,1
1224760872_2282415733.jpg,10,10
1975215374_3285293733.jpg,10,10
202622442_1226133733.jpg,1,3
2076211770_1497757733.jpg,4,2
2240185192_2165130733.jpg,4,4
2576433498_4236725733.jpg,7,7
2633035486_3379052733.jpg,6,6
2705852982_3821808733.jpg,3,0
2809223695_2199905733.jpg,2,4
2936047880_2902757733.jpg,12,12
3256750112_919781733.jpg,10,10
3298505465_2711202733.jpg,0,2
3318971750_2594670733.jpg,13,13
3757131108_1844166733.jpg,9,2
37796423_2947826733.jpg,0,1
3910479869_1073840733.jpg,11,11
3989966082_608260733.jpg,6,10
3990035697_2658902733.jpg,6,8
4211278703_1572272733.jpg,11,11
4219945735_1489534733.jpg,10,10
118558735_3480982734.jpg,12,12
1346094298_4177292734.jpg,3,3
1571972428_1178890734.jpg,12,12
1766748476_447300734.jpg,3,3
1917479599_2948855734.jpg,10,10
2017200178_2630327734.jpg,3,0
20372716_181062734.jpg,3,3
2533640887_3897082734.jpg,2,2
2659729805_670465734.jpg,12,12
2703580653_230902734.jpg,0,0
2713778348_2523228734.jpg,10,10
2893592858_2347951734.jpg,9,9
3061796815_435769734.jpg,11,11
3154717756_2469318734.jpg,10,10
325071916_2454722734.jpg,13,13
3276122670_3192083734.jpg,11,11
3371593581_1852893734.jpg,13,12
3532120161_905377734.jpg,12,12
3572836175_1739259734.jpg,13,13
399310987_753299734.jpg,8,8
4181588482_2628214734.jpg,1,1
692773087_2424096734.jpg,0,7
790177791_3363003734.jpg,8,8
92349455_573527734.jpg,12,12
924622264_1228337734.jpg,7,6
1440472283_474250735.jpg,5,5
1541360075_2176701735.jpg,12,13
1551619940_858134735.jpg,13,13
1752811214_622896735.jpg,11,11
1809251513_3162767735.jpg,3,1
187039926_4031358735.jpg,12,12
1998102186_385046735.jpg,1,1
2096392942_3540744735.jpg,12,12
2110190562_2268950735.jpg,9,9
2432287542_1690902735.jpg,9,9
2442521242_3727296735.jpg,5,7
2575513506_1454406735.jpg,3,1
3225301225_2659268735.jpg,12,12
3329241530_4019608735.jpg,13,13
3349821433_3001938735.jpg,9,9
3824890362_2385012735.jpg,12,12
3866715548_3867461735.jpg,13,13
3874316056_1087557735.jpg,3,3
392046576_2801291735.jpg,9,9
3947254338_3576553735.jpg,9,0
4093369765_501826735.jpg,12,11
4268234692_737436735.jpg,8,8
4290912707_3092290735.jpg,1,3
43688743_69334735.jpg,12,3
828075246_616962735.jpg,12,0
845530259_1737665735.jpg,11,3
912770778_573361735.jpg,13,13
1415826652_2217241736.jpg,0,1
1846605359_3657819736.jpg,4,2
1873632431_692134736.jpg,5,5
2161243921_204920736.jpg,10,10
2240247402_1901872736.jpg,1,1
2718580718_2762386736.jpg,6,8
3016661187_1016193736.jpg,8,8
3148060084_4202434736.jpg,3,1
3232755190_1039310736.jpg,12,11
3461542674_1490196736.jpg,13,12
366326422_1289629736.jpg,9,9
386645120_2694777736.jpg,5,0
3905406097_1533470736.jpg,2,12
3922979998_3114922736.jpg,1,1
921082972_2520972736.jpg,6,6
987935853_2580736.jpg,3,3
1044553560_3673591737.jpg,7,6
1220305042_4150059737.jpg,3,3
1325052531_2999706737.jpg,8,8
176778373_1495731737.jpg,10,10
1898105087_1955285737.jpg,9,6
1954057806_400258737.jpg,13,13
2212721729_800033737.jpg,9,11
2319944701_784792737.jpg,6,6
239129722_1956750737.jpg,4,2
2537244564_3815312737.jpg,4,2
2579558239_1441300737.jpg,5,5
2746029035_28385737.jpg,1,1
3009778301_2024268737.jpg,10,10
3161660562_82318737.jpg,0,0
3175458083_716155737.jpg,2,2
340921621_2379554737.jpg,3,3
3451084161_712831737.jpg,0,0
352006254_1073537737.jpg,5,5
3595318262_3177004737.jpg,13,13
3803165808_3676615737.jpg,5,5
3884153865_2504453737.jpg,0,0
3922559486_3848575737.jpg,12,12
4106842423_830355737.jpg,9,9
4187727195_4017023737.jpg,2,11
510169950_1618345737.jpg,9,9
548102369_3003921737.jpg,13,13
1240504540_888155738.jpg,3,1
1669581253_3926520738.jpg,12,11
1736796063_1498860738.jpg,11,11
1741932648_543863738.jpg,7,8
1848666917_3811776738.jpg,3,3
1853594303_381084738.jpg,13,13
2098046016_1975067738.jpg,9,9
2419867265_4267344738.jpg,2,2
2498143214_1033606738.jpg,1,9
2517934509_2596438738.jpg,13,13
2826964100_1425165738.jpg,10,10
2900486559_1714282738.jpg,3,1
3060217250_3766388738.jpg,2,2
3227574937_1914015738.jpg,2,4
3273121478_1653606738.jpg,11,11
3507887024_2388864738.jpg,9,9
3637295038_3264649738.jpg,9,9
4156451878_2269613738.jpg,13,13
559980762_3730305738.jpg,4,2
618064837_1899198738.jpg,4,2
696489740_61396738.jpg,9,9
978853761_495049738.jpg,3,3
979702972_2630115738.jpg,3,0
1176029759_545142739.jpg,9,9
1222122712_4051162739.jpg,12,12
1834312025_2994978739.jpg,13,13
1890214707_1551615739.jpg,12,12
1993355786_294334739.jpg,10,10
2022780487_179781739.jpg,3,11
2214274920_2467238739.jpg,13,5
2519020446_3736039739.jpg,12,0
2528031796_502663739.jpg,9,6
2831900239_2329874739.jpg,2,2
3624067280_3989098739.jpg,4,2
3784544856_2389781739.jpg,13,13
3829966976_2363631739.jpg,3,3
4143695308_1796308739.jpg,12,12
4225212319_3194700739.jpg,12,12
650698844_3681901739.jpg,6,6
1065193034_1201376740.jpg,9,9
1136468780_3217010740.jpg,9,9
1157420323_3614414740.jpg,3,0
1256936867_4197065740.jpg,9,6
1283041996_727099740.jpg,13,13
1288999822_3426741740.jpg,0,2
1363725099_1785394740.jpg,8,8
158357136_405437740.jpg,8,8
16699228_1449398740.jpg,1,1
1879131337_1028184740.jpg,10,10
1928834530_2221702740.jpg,8,12
1960873168_118851740.jpg,1,1
2105917071_2213017740.jpg,12,12
2120361967_1599732740.jpg,9,9
2164290875_446787740.jpg,1,1
2270424563_2423510740.jpg,7,6
233634772_1992714740.jpg,1,1
2570584914_3507531740.jpg,9,9
2595185429_3331405740.jpg,8,8
2600454324_3371633740.jpg,8,8
2603408799_2395714740.jpg,13,13
269877117_831033740.jpg,13,4
2770740706_4239357740.jpg,3,3
2960661042_4159120740.jpg,13,13
308148082_1441580740.jpg,13,12
3091962813_742349740.jpg,5,5
3097647558_1184696740.jpg,0,0
3312499489_75921740.jpg,13,13
3787514908_1208839740.jpg,0,11
3940882744_3316834740.jpg,1,3
850973785_1708955740.jpg,10,10
917782119_2128564740.jpg,13,13
1051639579_2896451741.jpg,3,3
12526466_2656594741.jpg,7,5
1539499494_3715761741.jpg,9,9
1580690832_1040712741.jpg,3,11
1958111359_2264720741.jpg,5,5
1958568447_2074578741.jpg,8,8
2055513295_3909116741.jpg,0,0
2394255201_3793166741.jpg,13,13
2483033773_1575965741.jpg,13,13
2638211871_2346442741.jpg,10,10
2710068027_927442741.jpg,8,6
2764802170_1461574741.jpg,0,0
2821469752_2152550741.jpg,4,2
301310084_3293573741.jpg,12,0
3322939785_1933337741.jpg,2,2
341381886_2939011741.jpg,10,10
3534278185_2743253741.jpg,13,13
3614028025_498933741.jpg,1,1
3996948533_331858741.jpg,8,12
4026173531_268183741.jpg,12,11
4219765883_2074628741.jpg,0,0
47272651_2599674741.jpg,13,13
566920069_4181741741.jpg,2,4
718841713_3041145741.jpg,10,10
758040313_1646060741.jpg,4,2
80003597_4117157741.jpg,13,13
979530737_3041918741.jpg,0,0
111024660_791909742.jpg,3,12
1137205854_82636742.jpg,3,11
1448578951_199108742.jpg,0,0
1612677493_144317742.jpg,7,1
1765778600_147691742.jpg,1,1
1883410462_3254289742.jpg,5,5
2177810157_4088429742.jpg,8,8
2243753303_570104742.jpg,7,6
2253312973_98901742.jpg,1,1
2300226253_3597169742.jpg,9,7
256818163_712242742.jpg,10,10
2804204022_2206904742.jpg,5,7
3088942402_2478316742.jpg,11,6
3129376313_3465326742.jpg,11,2
3275200858_1002045742.jpg,6,6
3395267485_535796742.jpg,5,6
3714902597_1443516742.jpg,13,12
3717559949_2172672742.jpg,2,2
3792870596_800768742.jpg,11,11
3888114747_15819742.jpg,4,4
3901900761_525576742.jpg,8,8
4070867098_966911742.jpg,3,1
4174902819_391874742.jpg,5,5
535114068_1916299742.jpg,1,1
543472603_2619787742.jpg,6,11
654780028_499618742.jpg,3,3
724394946_1993636742.jpg,11,11
859337978_3095336742.jpg,9,9
944842565_1386147742.jpg,4,2
990826900_1166478742.jpg,8,7
1172071440_1393087743.jpg,9,6
1271996740_2044072743.jpg,12,0
1384836884_2015186743.jpg,13,13
1468019636_2859475743.jpg,1,1
1493783616_3048436743.jpg,13,13
1853139900_3533535743.jpg,8,8
1854558123_24556743.jpg,8,8
1891483226_2088194743.jpg,9,9
1973101180_1852505743.jpg,3,1
2064915353_2271856743.jpg,1,0
2082722093_1515416743.jpg,9,6
2169759926_288392743.jpg,13,13
2430684231_774260743.jpg,0,11
2473488898_2696479743.jpg,1,1
2522057808_548517743.jpg,13,13
2630280917_2424484743.jpg,8,7
2642583801_3793342743.jpg,6,9
2784196531_372201743.jpg,0,0
2810002700_2581588743.jpg,7,7
2938368656_140275743.jpg,8,7
323151152_2278890743.jpg,6,6
3271027778_2778289743.jpg,8,8
3388025205_3594682743.jpg,2,0
3457585041_1443935743.jpg,3,3
3588960217_1188994743.jpg,6,6
3634003140_2178448743.jpg,13,13
3878067105_275530743.jpg,11,11
3968540226_1283212743.jpg,4,2
4006991103_1968570743.jpg,0,5
4077142216_3447472743.jpg,1,1
4165949187_2102612743.jpg,3,1
588007696_2279563743.jpg,11,11
648526847_4111789743.jpg,8,6
786115109_2154065743.jpg,13,13
996177006_439409743.jpg,6,6
1235495497_325670744.jpg,11,11
1419118196_3314531744.jpg,1,3
1463785652_410775744.jpg,8,12
1613718039_2404645744.jpg,5,6
1803543649_909185744.jpg,9,9
2027407523_269373744.jpg,5,2
2238512616_3935309744.jpg,0,0
2323436078_11323744.jpg,10,10
264670376_3775796744.jpg,12,11
2829754078_2714898744.jpg,10,10
3026743567_1283959744.jpg,3,11
312814908_496392744.jpg,0,0
3139178158_3782423744.jpg,1,1
3207933676_1021280744.jpg,10,10
3246225148_877786744.jpg,9,6
3540912094_1821053744.jpg,9,11
4245317146_3062027744.jpg,1,1
652912171_1893471744.jpg,9,9
953966387_1778295744.jpg,13,13
130557332_1497275745.jpg,1,1
1353158833_4258395745.jpg,9,6
136149284_3526359745.jpg,5,5
1437556569_2559699745.jpg,6,6
155618996_1401910745.jpg,11,11
1847116503_2549980745.jpg,0,0
1863424538_3396357745.jpg,5,1
2063476466_2412692745.jpg,1,1
22104183_2228986745.jpg,12,12
2228967599_2425190745.jpg,12,12
2552782898_2964776745.jpg,3,12
2621943751_1974616745.jpg,6,6
263406947_3380128745.jpg,3,12
2657952530_3685973745.jpg,7,7
2728938436_2882865745.jpg,1,3
2907540623_3144492745.jpg,11,11
2952702647_3296166745.jpg,11,11
3215915668_1967756745.jpg,8,6
3404388823_1309888745.jpg,13,13
3494388110_534545745.jpg,3,3
3689517514_3478965745.jpg,0,0
375367214_1099506745.jpg,8,7
3857720396_1226261745.jpg,12,12
3868144998_2447345745.jpg,8,7
4038943743_412153745.jpg,13,13
4256137669_1321992745.jpg,9,9
62366315_1734932745.jpg,11,11
675304052_1062419745.jpg,5,5
765934448_1637180745.jpg,3,1
845920849_543950745.jpg,2,11
950198336_3264562745.jpg,8,8
1234521329_3626924746.jpg,0,0
137594047_2696367746.jpg,12,11
1376853620_3293797746.jpg,8,8
1695260151_2340628746.jpg,13,13
1747475798_1796287746.jpg,7,8
1751825073_2228821746.jpg,7,6
1815628785_4045419746.jpg,13,13
1875128936_273092746.jpg,13,13
2260543155_2629847746.jpg,3,1
251967632_3246173746.jpg,10,10
27252474_3526871746.jpg,12,12
2808290806_1808807746.jpg,10,10
2954574439_1886990746.jpg,0,1
2956325234_3911189746.jpg,6,6
3080088096_842193746.jpg,1,1
3246340823_3089339746.jpg,8,6
332262721_1946402746.jpg,10,10
3458095812_1514270746.jpg,9,9
3588744635_1874097746.jpg,8,8
3596469017_2827646746.jpg,6,7
3785838484_2628485746.jpg,6,8
3789123901_3966203746.jpg,1,11
3850298704_2959265746.jpg,1,1
4003423763_810035746.jpg,10,10
4062876122_2594811746.jpg,6,8
4091246769_244379746.jpg,10,10
428357508_15304746.jpg,10,10
468194614_2910006746.jpg,5,5
569080709_1365195746.jpg,11,11
760717499_4212691746.jpg,11,11
1360750639_3922097747.jpg,13,13
1436484182_1457503747.jpg,2,2
1445962453_816902747.jpg,11,11
1582372754_306275747.jpg,13,12
1584865311_4094797747.jpg,2,0
1644252361_1834841747.jpg,3,3
1765525895_2490814747.jpg,13,13
2186965533_209368747.jpg,0,7
2644022068_2292264747.jpg,9,9
2662800988_2160811747.jpg,10,10
2774811530_1470208747.jpg,9,9
3035377993_1646713747.jpg,13,13
350806568_3452277747.jpg,9,6
3616562196_2537855747.jpg,6,6
3665615881_1212055747.jpg,0,13
524472583_931723747.jpg,6,6
706937794_3279767747.jpg,8,8
750725520_643832747.jpg,8,8
924193323_2992253747.jpg,6,6
1041153563_3139264748.jpg,3,3
1097721831_1051547748.jpg,3,11
1312602882_2731068748.jpg,9,9
141249233_191223748.jpg,12,12
1770108855_1428205748.jpg,9,9
209791466_1553657748.jpg,10,10
2606279336_1645515748.jpg,8,6
2682912450_1089663748.jpg,5,8
271054053_2458415748.jpg,4,2
3001550130_3948916748.jpg,13,12
3044305102_722273748.jpg,3,1
3051799071_3992902748.jpg,8,6
3096689373_2626795748.jpg,5,5
3100946025_157419748.jpg,0,0
3103822092_1083303748.jpg,3,0
3208550623_2443145748.jpg,4,2
3748725017_2318067748.jpg,13,0
3943150706_2204792748.jpg,2,5
4025945572_1754706748.jpg,6,6
4042572968_2826509748.jpg,6,8
4260069033_2880637748.jpg,9,9
481163867_1745370748.jpg,3,11
650666211_975730748.jpg,10,10
807532131_3345860748.jpg,9,9
1212792784_145080749.jpg,11,11
1722225919_429612749.jpg,11,11
1902488064_3844690749.jpg,0,0
2085536793_305322749.jpg,11,11
2559744700_383374749.jpg,4,2
2712427904_809568749.jpg,10,10
2863417557_2052717749.jpg,11,11
292996890_1168906749.jpg,0,0
3522311520_2456255749.jpg,9,9
3532366470_2929618749.jpg,7,6
3545162252_913802749.jpg,0,0
3682977067_1526866749.jpg,9,9
3699772912_330093749.jpg,0,0
4181403219_3435214749.jpg,4,2
4220505160_3565473749.jpg,8,6
4288118712_528599749.jpg,12,12
769910260_4148657749.jpg,3,1
109971436_2364187750.jpg,3,1
1328827182_3247315750.jpg,7,1
133768928_1420800750.jpg,3,11
1343917872_1726531750.jpg,12,11
1445402170_2151943750.jpg,0,11
1468932837_2850313750.jpg,10,10
2155492853_1994838750.jpg,3,3
2162439151_1641009750.jpg,0,0
2277465620_3945847750.jpg,9,9
2371923045_2458915750.jpg,12,12
301720501_2929621750.jpg,10,10
3284948292_3242093750.jpg,4,0
3668630888_462322750.jpg,9,9
3691588582_1133110750.jpg,7,7
397235606_2213043750.jpg,13,11
4154504597_2437097750.jpg,5,5
4289877586_2988285750.jpg,6,8
50955831_4058848750.jpg,8,8
621914221_2490019750.jpg,3,0
698002613_425373750.jpg,1,1
1059611387_3570919751.jpg,6,6
1159924802_2224263751.jpg,13,13
137676546_1046743751.jpg,1,1
1540052505_3524189751.jpg,7,5
1648521415_1061687751.jpg,3,1
1714315906_2845968751.jpg,1,1
1750162673_1375212751.jpg,7,8
2085394834_833857751.jpg,12,12
2096280947_4159861751.jpg,0,0
2138072723_348721751.jpg,13,13
2139951826_2239461751.jpg,12,11
2364452674_2349835751.jpg,12,12
2541057210_2571883751.jpg,13,13
2610847248_419827751.jpg,10,10
2738558986_3008859751.jpg,1,1
2880434817_1215945751.jpg,13,13
3153114471_2838193751.jpg,9,9
3688839410_3396126751.jpg,0,5
3826703871_1999843751.jpg,1,1
3905677884_1966293751.jpg,5,5
3978391180_212870751.jpg,7,6
3998229406_419335751.jpg,9,9
4088698569_1126225751.jpg,9,6
4101093684_2143472751.jpg,0,0
4147434160_4014757751.jpg,0,7
426168934_2916738751.jpg,6,6
657893260_2060540751.jpg,2,0
67486290_1955027751.jpg,10,2
736228156_1838589751.jpg,0,0
77532830_3832413751.jpg,5,5
814084398_2826776751.jpg,2,4
959375965_599144751.jpg,12,3
1060570393_1116200752.jpg,9,9
1328029727_373441752.jpg,8,8
148692245_3395604752.jpg,8,1
1867964523_2592270752.jpg,10,10
1949271939_833591752.jpg,13,13
1988773485_504545752.jpg,10,10
2220325997_1695101752.jpg,9,1
2238676535_2673002752.jpg,11,11
2254454652_3533761752.jpg,1,1
2347290113_263157752.jpg,1,1
24508636_2243027752.jpg,13,12
2567653935_2151461752.jpg,8,6
2721784846_3506550752.jpg,11,12
283283562_517139752.jpg,8,2
2895956229_3247504752.jpg,11,11
316725850_140105752.jpg,12,12
3289333723_2799074752.jpg,13,13
3441795027_1332769752.jpg,6,7
3478707661_832647752.jpg,10,10
3589450104_4037090752.jpg,12,12
3674968889_2262692752.jpg,0,0
3698881634_3455648752.jpg,1,1
4213934489_803267752.jpg,8,8
427201550_2147148752.jpg,9,9
1051301504_1750481753.jpg,8,8
1196794860_3760072753.jpg,9,6
1229348310_2530896753.jpg,8,8
1300837232_766791753.jpg,0,3
1421934605_2725676753.jpg,5,8
1479770052_2099378753.jpg,13,13
161568900_2195305753.jpg,0,0
1895637097_2287830753.jpg,3,3
1977895975_1856641753.jpg,3,1
2615873331_274947753.jpg,0,0
2624626201_366670753.jpg,5,2
3050854311_841602753.jpg,1,1
3074679325_588743753.jpg,11,11
3207373190_1187482753.jpg,4,2
3256096712_1380343753.jpg,3,0
3410017142_2000312753.jpg,12,12
3546394471_401224753.jpg,10,10
3810033556_1097019753.jpg,12,12
4024142779_3427428753.jpg,5,5
514442728_2094304753.jpg,2,4
682664715_969371753.jpg,13,13
924582922_3353715753.jpg,1,3
931891651_4186930753.jpg,13,4
1000027345_133611754.jpg,4,9
1179161251_3204285754.jpg,5,5
1181867350_1389742754.jpg,3,3
1194975656_1926258754.jpg,9,9
1246982842_2929119754.jpg,11,11
1403552038_2441201754.jpg,3,11
1445987330_1707240754.jpg,13,13
1601537579_3001948754.jpg,10,10
1622976514_1756922754.jpg,0,0
185215398_650059754.jpg,8,6
2117872438_3503513754.jpg,9,9
2145206139_554104754.jpg,3,3
220967344_1127807754.jpg,13,11
233152559_872057754.jpg,6,8
2332069724_4236059754.jpg,1,11
2453414629_3369415754.jpg,9,0
2507139266_2912421754.jpg,11,11
2796154105_3622801754.jpg,13,13
3094872756_1201619754.jpg,8,5
3310693659_1188443754.jpg,12,12
3343309739_3459998754.jpg,6,6
3383743632_2929525754.jpg,5,7
3673672701_1818267754.jpg,3,3
3709501100_3440461754.jpg,1,1
37640873_188696754.jpg,2,4
3765598058_3003727754.jpg,2,4
4168954108_4218211754.jpg,6,9
4186570349_953451754.jpg,12,11
486431640_27675754.jpg,3,3
525008746_2992642754.jpg,13,13
654735475_1110849754.jpg,5,5
833087003_2971738754.jpg,5,5
1119564096_269634755.jpg,8,6
128447357_3616347755.jpg,13,13
1332049209_1567437755.jpg,3,3
1379834743_3753899755.jpg,13,13
1414802035_617348755.jpg,0,1
1451921124_3875105755.jpg,13,13
1684839506_3724556755.jpg,10,10
1697052946_2449639755.jpg,3,3
1909930877_2155856755.jpg,10,10
2065432075_433686755.jpg,10,5
2269723481_1767268755.jpg,9,9
2809291683_2082329755.jpg,1,1
2866384336_1194825755.jpg,3,3
2976364402_274101755.jpg,3,11
3224376055_4035051755.jpg,7,7
3746473188_1209204755.jpg,4,2
3755185183_253478755.jpg,11,11
3793678504_2247573755.jpg,0,0
3806383712_2294203755.jpg,13,13
3965676213_639040755.jpg,13,13
4030645955_2974391755.jpg,2,2
450211504_2966439755.jpg,8,6
614520154_3519880755.jpg,12,3
63974489_1419071755.jpg,8,6
731141315_2111088755.jpg,6,8
756552073_2235312755.jpg,11,11
961179729_4126824755.jpg,3,3
987963174_2393462755.jpg,1,1
1130059119_1379624756.jpg,4,5
1197578618_4196926756.jpg,11,11
1237766533_1755981756.jpg,5,6
1511494911_3296770756.jpg,2,2
213425743_2249282756.jpg,3,3
2171142676_3708652756.jpg,0,0
2505967091_4254065756.jpg,12,2
2719042118_1233672756.jpg,6,6
2877545407_2724068756.jpg,4,4
2884991949_2923191756.jpg,13,13
2991616954_1082608756.jpg,10,10
3048480965_3876189756.jpg,9,6
31567516_3880193756.jpg,13,13
3404998019_3338674756.jpg,1,11
3463748076_2500248756.jpg,12,12
3863482104_249899756.jpg,2,12
3993107956_526829756.jpg,3,1
484544897_1113588756.jpg,9,9
540756123_3859339756.jpg,4,2
747109355_3449792756.jpg,5,6
1254524785_888866757.jpg,3,1
1500545472_1061369757.jpg,3,3
1606457203_2575167757.jpg,8,8
1725219326_1416300757.jpg,11,1
1731396566_2422593757.jpg,13,13
2020035252_2650249757.jpg,4,2
2346600025_2641446757.jpg,7,1
2638926611_848071757.jpg,0,0
2879380522_3242914757.jpg,8,7
2987322292_3458944757.jpg,8,2
2989320689_1881994757.jpg,13,13
3017964827_3139670757.jpg,13,11
313768033_1632974757.jpg,2,0
3253048365_1253685757.jpg,3,3
3274638708_1666634757.jpg,7,7
333582228_448271757.jpg,4,2
3370854552_3048452757.jpg,6,6
3845394576_2746509757.jpg,11,2
3869630497_3118861757.jpg,11,11
3921407174_4158526757.jpg,0,5
398888683_1801386757.jpg,2,4
420995726_639008757.jpg,4,0
426821003_3715870757.jpg,1,1
434502172_3753900757.jpg,0,13
768701713_3020070757.jpg,5,7
1097908490_3135280758.jpg,12,13
1314178686_1647018758.jpg,3,3
1582895989_2861438758.jpg,8,8
1624380899_3673728758.jpg,13,13
1694681658_1651982758.jpg,11,11
1729121313_2750109758.jpg,12,11
2261392364_2161739758.jpg,10,10
2365638512_2741710758.jpg,12,11
2778336459_183083758.jpg,11,11
3131137795_1543704758.jpg,11,0
341833199_1966237758.jpg,5,5
3542448448_3317274758.jpg,5,5
3622566041_509343758.jpg,10,10
4150073024_1618545758.jpg,9,9
416052861_1548030758.jpg,3,11
48162589_1355050758.jpg,4,2
705032080_380041758.jpg,12,12
843091881_2490508758.jpg,12,12
949800437_3823896758.jpg,3,3
98060923_1076175758.jpg,10,10
118500151_1907487759.jpg,11,11
1191868313_2147497759.jpg,13,12
1266521732_3759157759.jpg,1,1
1307825801_1341830759.jpg,3,3
1642141237_2820150759.jpg,9,9
1693178231_3795169759.jpg,3,0
1851632685_1566630759.jpg,4,0
2491427282_3873289759.jpg,13,13
2658177147_2682668759.jpg,4,2
2683771971_733253759.jpg,5,6
2696301198_4143877759.jpg,3,3
2841948200_2086763759.jpg,3,0
3067006467_2995674759.jpg,12,12
3067819875_1184248759.jpg,6,9
3106942198_2831948759.jpg,3,3
3218869461_1084069759.jpg,11,11
3360599809_1264460759.jpg,1,1
3640240184_1064987759.jpg,8,8
3992371852_4266551759.jpg,3,2
4108535598_443750759.jpg,13,13
4236234276_580179759.jpg,13,12
454397874_1411608759.jpg,8,8
673885925_1849659759.jpg,3,3
1206985514_3274011760.jpg,9,9
1309786521_1262406760.jpg,13,12
1385703585_2773916760.jpg,9,9
1398683727_546983760.jpg,12,11
143339749_2124677760.jpg,0,11
1470053278_259582760.jpg,9,9
15796222_1461357760.jpg,3,1
1671009781_3771718760.jpg,3,11
1739852618_1136156760.jpg,9,9
2063467648_2785474760.jpg,2,4
265627625_4201239760.jpg,7,7
2881357201_833957760.jpg,9,9
3328476929_1146078760.jpg,9,6
3345007565_2226664760.jpg,0,0
3626303598_2635484760.jpg,5,5
3752180709_4174045760.jpg,1,1
3865973307_2388086760.jpg,1,1
3899475830_4140126760.jpg,4,2
3961791487_3946628760.jpg,11,11
4011159156_3918230760.jpg,10,10
4054610706_1401106760.jpg,5,5
4112779424_1594403760.jpg,1,1
443857251_3736957760.jpg,3,1
589553755_2588890760.jpg,3,3
692669480_3582142760.jpg,10,10
745082788_3398712760.jpg,3,1
74531646_904471760.jpg,9,6
773455731_1227070760.jpg,10,10
911650877_3489660760.jpg,12,11
920211200_3448632760.jpg,6,9
935759851_752087760.jpg,5,5
1027464537_1662901761.jpg,12,11
1055031506_3857566761.jpg,13,13
1057622072_1582505761.jpg,5,5
1199271242_2720020761.jpg,3,3
1256141323_2770798761.jpg,1,1
1315487472_3746958761.jpg,0,11
1601406815_2149820761.jpg,3,3
199794930_747475761.jpg,0,3
21576106_108146761.jpg,1,1
2316953542_1926474761.jpg,11,11
2352988603_2472427761.jpg,4,11
2473959528_3338348761.jpg,13,13
2641596214_3806649761.jpg,11,1
2711151463_4084517761.jpg,9,9
2822649363_2202607761.jpg,9,9
283307203_2746956761.jpg,13,13
2979609367_321129761.jpg,0,0
3041515352_1961904761.jpg,13,13
3247813117_3026847761.jpg,3,0
3280887209_3306394761.jpg,13,13
3495115201_3940807761.jpg,3,3
3534743873_1763288761.jpg,12,12
3696435657_1879990761.jpg,8,8
3729166128_869637761.jpg,5,5
3785952496_342735761.jpg,5,9
387208127_1697765761.jpg,11,11
399713327_18223761.jpg,3,3
4009093188_3464040761.jpg,8,8
4254045684_4140662761.jpg,3,1
528104090_1383018761.jpg,5,5
640055245_3594982761.jpg,8,6
1234730273_927696762.jpg,0,0
1255485211_880961762.jpg,0,0
1451377337_1884706762.jpg,0,0
1505163266_2850744762.jpg,9,9
1664945805_905126762.jpg,13,13
188455996_4190252762.jpg,4,2
229167709_3603494762.jpg,0,0
2301879276_3889350762.jpg,12,0
246744473_1609836762.jpg,3,3
251439300_300505762.jpg,6,6
2574976489_1956375762.jpg,0,0
2639047378_2332430762.jpg,12,11
2917759500_2068109762.jpg,9,9
3063291817_1099676762.jpg,13,13
3117884571_2028943762.jpg,10,9
3138761562_1356650762.jpg,11,12
317527551_3113431762.jpg,1,3
3266731423_1249297762.jpg,13,13
3620381521_2950901762.jpg,8,7
3657587366_2123832762.jpg,0,0
3684440371_1183946762.jpg,13,12
3807609314_1781144762.jpg,1,1
4203312903_4061751762.jpg,0,11
4251547875_1887803762.jpg,10,10
489621571_2503347762.jpg,3,3
549657706_3928433762.jpg,1,1
56596096_237191762.jpg,6,6
924742844_1871687762.jpg,4,4
1159526503_3680885763.jpg,9,9
1233114390_2082304763.jpg,9,9
1537150580_1888718763.jpg,5,5
1565430559_2031367763.jpg,13,13
166531815_1577461763.jpg,7,1
1712359527_2702494763.jpg,4,0
1729949198_2335715763.jpg,3,3
1854748015_305384763.jpg,9,9
2499004084_262039763.jpg,0,0
2617306558_3563348763.jpg,1,1
2680409922_4190051763.jpg,10,10
2844435748_2299714763.jpg,5,0
2872783881_936100763.jpg,1,1
2891314382_1042727763.jpg,13,13
2911883829_2832125763.jpg,3,11
3034364613_1079834763.jpg,13,13
3187665086_10414763.jpg,3,1
3193979204_2473258763.jpg,3,3
3227107594_2059055763.jpg,13,13
3337471649_401597763.jpg,0,11
368728472_3712609763.jpg,8,8
3722063140_1198579763.jpg,0,0
3935703151_36963763.jpg,0,0
3951201360_4117955763.jpg,0,0
3957606896_1522608763.jpg,4,0
4074482635_2921761763.jpg,9,9
4123001973_1078153763.jpg,11,11
424374213_3688810763.jpg,13,13
542870766_1385048763.jpg,0,0
952147986_1427296763.jpg,0,0
1052944868_103746764.jpg,0,0
1054635441_230855764.jpg,5,5
109713092_2681232764.jpg,5,5
1539025877_985964764.jpg,12,11
1605838134_3678302764.jpg,11,11
1884068973_1500781764.jpg,9,9
1993518533_1127993764.jpg,4,2
228269826_1172820764.jpg,11,11
2298576733_4083699764.jpg,0,0
2329177617_331229764.jpg,13,13
2373590381_2915727764.jpg,1,1
2399376026_3723421764.jpg,8,8
2415961113_1167362764.jpg,10,10
2530408345_3336004764.jpg,7,6
2538468793_423033764.jpg,4,2
2638847100_1630648764.jpg,3,0
2719340035_2302751764.jpg,9,9
2918854287_3169796764.jpg,6,8
2922059729_3446588764.jpg,10,10
3125770498_1169532764.jpg,4,2
3240572912_112313764.jpg,3,3
3266435839_2471410764.jpg,2,2
3283415294_3413745764.jpg,3,0
3569804673_3922515764.jpg,11,2
3639210339_3449780764.jpg,13,2
519481190_4278937764.jpg,10,10
707022122_1454200764.jpg,0,0
770777676_1463917764.jpg,3,11
903673077_1801949764.jpg,3,3
945035590_2019165764.jpg,8,8
976254549_3738079764.jpg,13,13
1056731812_466943765.jpg,8,8
1142395247_2909131765.jpg,5,6
1160396714_476630765.jpg,0,0
1269011200_1529784765.jpg,0,0
1617458796_880417765.jpg,5,7
2077031311_2473484765.jpg,1,1
2188805059_2431575765.jpg,8,12
2300455064_1294273765.jpg,13,13
2398977138_2659506765.jpg,9,9
2429883554_442557765.jpg,12,12
2601201439_3294152765.jpg,13,13
2716775325_582831765.jpg,2,4
278419227_1883254765.jpg,4,4
2795045679_2956440765.jpg,8,8
3056451060_2453389765.jpg,3,3
340676266_2921440765.jpg,0,0
3675128142_3792122765.jpg,2,4
3682631286_1735556765.jpg,10,10
3752305671_1419144765.jpg,1,1
3945570219_3364381765.jpg,2,2
3965400899_4109265765.jpg,1,1
396905671_3230269765.jpg,3,3
4169709699_4264704765.jpg,9,11
4178309331_3316740765.jpg,1,1
469839949_1814415765.jpg,0,13
517217598_2609178765.jpg,9,9
70981758_570403765.jpg,11,11
778641138_1504266765.jpg,11,11
903367312_1653876765.jpg,13,13
1000520692_1375340766.jpg,8,8
1200265531_1079077766.jpg,4,2
1446100416_272339766.jpg,7,7
1640697598_4064622766.jpg,12,13
1759313283_514393766.jpg,3,3
1920575356_565526766.jpg,11,0
1931246563_952592766.jpg,10,10
1983740833_718019766.jpg,5,5
2415975721_1109917766.jpg,5,5
2676971531_1737993766.jpg,9,9
3463178545_439776766.jpg,2,0
3466799475_3658207766.jpg,8,8
3645886023_935579766.jpg,0,2
3821567826_3323532766.jpg,13,12
3874578778_3059800766.jpg,6,6
3927917636_3661889766.jpg,8,12
3975675769_460328766.jpg,11,11
4007976262_968179766.jpg,3,1
447352996_2628467766.jpg,11,12
465320430_3405399766.jpg,11,6
775765884_3945765766.jpg,10,6
1130222312_3741502767.jpg,9,6
1384740537_635691767.jpg,7,7
140284008_3075486767.jpg,0,0
1446804217_1295539767.jpg,10,10
1715575647_4087929767.jpg,4,2
1890591815_1459501767.jpg,12,0
1950526594_2671983767.jpg,13,13
2138359644_1677866767.jpg,3,3
2141672425_3327817767.jpg,9,9
2372420378_1071455767.jpg,2,0
2561350339_2356255767.jpg,7,11
2777124069_4059429767.jpg,2,2
2859305238_790335767.jpg,3,1
29206605_140611767.jpg,8,8
3029794447_271994767.jpg,2,4
3273534839_443744767.jpg,8,8
3392683984_1358075767.jpg,0,11
3409481910_304724767.jpg,11,11
3447541857_1096623767.jpg,2,2
3496951363_3525408767.jpg,13,11
352529636_3638486767.jpg,3,0
3559641986_3947439767.jpg,13,13
3631595978_1979862767.jpg,9,9
3675464082_1747846767.jpg,2,2
499301122_45262767.jpg,12,12
518819541_1842887767.jpg,10,10
605596142_962750767.jpg,1,1
1877103226_2056658768.jpg,10,1
1905621837_1678500768.jpg,1,9
1940650766_1137949768.jpg,12,11
2183214309_794430768.jpg,8,8
2448946983_2742963768.jpg,10,10
2503209221_2113054768.jpg,9,6
2505282363_673891768.jpg,0,11
2518804646_2404051768.jpg,8,8
2621520540_3177659768.jpg,11,3
2767426807_3982126768.jpg,9,9
2976821324_1187815768.jpg,0,0
3495882655_1306691768.jpg,5,5
3793347132_3989905768.jpg,10,10
4249063076_1477670768.jpg,11,11
4262802604_2305919768.jpg,1,1
714235609_914924768.jpg,1,1
718568279_1559341768.jpg,9,9
799718156_2023409768.jpg,2,4
958236008_1513180768.jpg,5,5
1052977528_1024708769.jpg,11,3
1077434965_3737768769.jpg,1,1
1080617895_3964951769.jpg,6,6
1438734114_1565665769.jpg,10,10
1706414542_2864916769.jpg,8,12
1859577573_2739093769.jpg,0,0
2062460431_1274326769.jpg,0,0
2582270662_790201769.jpg,10,10
282867730_1699153769.jpg,0,0
2917128666_3231971769.jpg,3,3
3055783923_3047613769.jpg,12,12
3069667447_3898785769.jpg,1,1
323277668_270540769.jpg,12,12
3672671275_1215314769.jpg,13,13
3999098205_987427769.jpg,12,0
4015745592_2525680769.jpg,11,11
4085680655_3520614769.jpg,13,13
4161421207_4082031769.jpg,6,5
459648910_1919256769.jpg,0,7
500286318_4209732769.jpg,5,7
93113911_653447769.jpg,3,3
1021140689_3653286770.jpg,5,5
1141486799_2081521770.jpg,8,8
1143367959_2772770770.jpg,8,8
1231623958_2833166770.jpg,5,5
1500773488_242517770.jpg,3,3
1742777254_1513959770.jpg,3,3
2067710602_1406377770.jpg,1,1
2074658626_1455970770.jpg,1,1
2110515219_4027986770.jpg,1,1
2166510225_3276106770.jpg,1,1
229119498_2597003770.jpg,5,5
2412799799_1167045770.jpg,12,11
2418097170_844261770.jpg,8,8
315952758_616103770.jpg,13,13
325150384_2141591770.jpg,13,13
3293380392_3292039770.jpg,9,7
3304296721_3248080770.jpg,9,9
3346862386_2309277770.jpg,9,9
3494322689_542328770.jpg,8,8
3598703443_1924531770.jpg,3,1
3638074989_2860101770.jpg,9,9
3754158577_1096580770.jpg,13,13
4039553049_803308770.jpg,12,11
4172351591_3941748770.jpg,11,11
4181625851_2957379770.jpg,3,3
4237362523_2424754770.jpg,10,0
4250828261_1695181770.jpg,3,3
4289208800_3961342770.jpg,7,7
451549211_2591522770.jpg,10,10
681257651_2347491770.jpg,5,5
1171822890_1542929771.jpg,3,11
119929453_1805510771.jpg,4,11
1239462470_1765768771.jpg,3,3
1484985976_3205790771.jpg,3,3
1689274808_4193852771.jpg,5,5
225062596_280744771.jpg,4,4
2653279787_33327771.jpg,3,3
2696138400_753089771.jpg,2,11
2796054650_1233849771.jpg,11,6
2805181722_1067271771.jpg,13,13
2885781537_3433958771.jpg,8,8
2888886790_2297676771.jpg,3,3
3832197648_4294908771.jpg,9,9
3898095102_1928040771.jpg,10,10
4195060043_536533771.jpg,1,1
4234036186_3082775771.jpg,13,5
474034781_3714745771.jpg,13,13
50413697_694850771.jpg,6,7
665437473_1507005771.jpg,4,2
70954434_2527730771.jpg,2,2
803839472_1923705771.jpg,13,11
891322405_45763771.jpg,1,1
963141187_1924826771.jpg,1,1
969479421_811986771.jpg,1,1
970267617_701130771.jpg,6,9
1137879738_2638000772.jpg,12,12
1160850354_3219095772.jpg,9,9
1212627345_3240026772.jpg,3,3
1249110129_562038772.jpg,5,5
1425606947_2148726772.jpg,3,0
1569644313_4012771772.jpg,1,0
1600474962_1216990772.jpg,8,8
1622586104_613237772.jpg,3,3
2033139478_3273886772.jpg,1,0
2036998878_329431772.jpg,9,9
2042709425_383786772.jpg,0,0
2464737077_2912509772.jpg,9,9
2541950994_4222465772.jpg,8,8
2709415107_2205243772.jpg,12,12
2780981999_543082772.jpg,9,9
2863396878_3512443772.jpg,6,7
2952502980_1076330772.jpg,13,13
30434714_274961772.jpg,11,6
3121902213_1784911772.jpg,10,10
3207962500_141002772.jpg,5,5
3267257453_2197752772.jpg,1,1
3343905310_910092772.jpg,0,2
3355717150_772132772.jpg,11,11
3363035281_1627268772.jpg,10,10
3736197619_117855772.jpg,9,9
3747089740_401281772.jpg,8,8
4062088175_1038047772.jpg,13,13
4099864494_2053583772.jpg,9,9
4237576786_2553165772.jpg,13,5
106160822_3824560773.jpg,8,8
1232224305_445234773.jpg,3,3
1256815698_3363482773.jpg,5,5
1585197466_3868403773.jpg,8,8
1587073251_3415297773.jpg,6,8
165191942_1043367773.jpg,0,2
1653058874_3517765773.jpg,12,0
1789635995_2664267773.jpg,0,0
2003809574_731155773.jpg,13,13
2203469236_2788104773.jpg,6,6
2305433965_4084354773.jpg,9,9
2468068947_3549257773.jpg,10,10
2571611430_2275928773.jpg,11,12
2579327969_1148904773.jpg,11,11
2720372009_500481773.jpg,2,10
2756965764_1450493773.jpg,10,10
2838380672_2289283773.jpg,8,8
288242724_1707211773.jpg,9,11
3035989620_3415361773.jpg,10,10
3352075739_3624016773.jpg,0,0
3404414006_2752455773.jpg,11,11
3454608312_2159872773.jpg,1,1
3529934273_3082821773.jpg,9,9
3673371270_3999473773.jpg,3,3
3759593241_1112371773.jpg,6,6
3830205778_1563046773.jpg,10,2
4161310703_1028550773.jpg,13,13
4236899391_4104753773.jpg,0,0
607515687_3091852773.jpg,10,10
679524819_1473408773.jpg,2,11
708423713_42837773.jpg,3,1
852727751_493713773.jpg,13,13
1135201065_3863087774.jpg,10,10
1256399832_4285085774.jpg,5,4
1514845382_2089182774.jpg,9,9
1708541388_790323774.jpg,0,0
1956718058_1903045774.jpg,12,12
2037859651_680561774.jpg,0,0
2092775431_1385124774.jpg,13,13
2288888123_900204774.jpg,6,7
2540939794_1554494774.jpg,4,2
2604012781_1498211774.jpg,0,0
2606936936_3920674774.jpg,13,12
2707649862_363786774.jpg,11,11
2735770418_3117854774.jpg,8,8
2804911039_1267969774.jpg,13,13
2932902919_3610521774.jpg,9,9
3212570232_312007774.jpg,10,10
3255247366_2607415774.jpg,8,9
3276276132_2404983774.jpg,4,2
3395866613_3195031774.jpg,10,10
3397356967_2490106774.jpg,8,7
3537416219_294533774.jpg,7,7
3542778760_19127774.jpg,5,5
3781380447_1138060774.jpg,9,9
3943797052_3426473774.jpg,12,12
4006456235_1957157774.jpg,10,10
4177374664_2442662774.jpg,13,13
4193766348_1188905774.jpg,10,10
54395497_34906774.jpg,7,8
906582862_2136873774.jpg,0,0
1209240837_93980775.jpg,8,8
1603997347_807402775.jpg,7,7
1719076024_1711404775.jpg,6,6
1852615182_1350510775.jpg,10,10
1919874758_19365775.jpg,2,4
1943854472_2700571775.jpg,1,7
2055723798_3941629775.jpg,13,13
2137513040_374658775.jpg,1,1
2230784570_91954775.jpg,1,11
2301755255_4213160775.jpg,1,4
2658916245_3314999775.jpg,10,10
3170734293_822580775.jpg,3,3
354255082_827827775.jpg,9,9
355255409_2201444775.jpg,9,9
4023708086_1862583775.jpg,9,6
4086839164_1834519775.jpg,7,7
4098118514_1537167775.jpg,13,12
4119203963_3375481775.jpg,4,2
4222506580_1011040775.jpg,0,0
4238324843_1542026775.jpg,5,5
4257075867_2273633775.jpg,8,8
4265617761_880002775.jpg,4,1
665918825_4237023775.jpg,10,10
705617788_3511531775.jpg,13,13
798541333_191476775.jpg,10,10
999618586_2232917775.jpg,12,12
1003216311_3118023776.jpg,4,2
1075439086_2447255776.jpg,3,3
1155164724_1858729776.jpg,11,11
1284584650_1246323776.jpg,3,1
1572211702_1016667776.jpg,5,5
1617841643_1473220776.jpg,9,9
1630782135_197194776.jpg,1,1
1630814710_3015070776.jpg,8,7
1755919046_2687567776.jpg,8,8
1832524082_2942513776.jpg,6,5
18484024_1519860776.jpg,5,4
2060793090_3140424776.jpg,5,5
2109297064_2900783776.jpg,10,10
2171277734_753585776.jpg,8,8
2339539760_2638954776.jpg,2,4
2409582374_1744344776.jpg,13,13
2449726401_4231257776.jpg,5,7
2628047809_1525792776.jpg,13,13
2669487596_276343776.jpg,3,1
3241049764_766328776.jpg,0,0
3369956996_3926470776.jpg,13,0
3407966846_673635776.jpg,8,8
34693044_2482458776.jpg,8,8
3475920051_2541151776.jpg,9,9
3942807490_3896201776.jpg,12,12
4119423121_4207875776.jpg,13,13
4178547978_2207789776.jpg,11,11
4258947878_2439951776.jpg,9,9
4268711547_3032133776.jpg,4,0
593776468_776825776.jpg,8,6
695621350_155214776.jpg,6,6
1416459629_1359957777.jpg,9,9
142814261_2818157777.jpg,9,9
1489181460_3140142777.jpg,1,1
1668284576_795231777.jpg,2,4
181049453_2611634777.jpg,3,3
1867643044_3077608777.jpg,3,3
1938810844_1552746777.jpg,3,3
2000869747_3807823777.jpg,5,5
2041183863_1563538777.jpg,10,10
2083909366_1218573777.jpg,5,7
217753368_1607841777.jpg,8,8
2246820510_3869856777.jpg,5,5
2993111946_3226916777.jpg,6,6
3028120875_2555844777.jpg,11,11
3052568656_1874147777.jpg,1,1
3221059274_1008666777.jpg,2,12
3322894850_4167866777.jpg,12,12
3441345866_711466777.jpg,9,9
3742674353_2281044777.jpg,3,0
3820121710_952974777.jpg,12,12
383954021_3279945777.jpg,12,12
393022353_785136777.jpg,13,13
3962613152_3680699777.jpg,9,3
3991800623_3460487777.jpg,8,12
4033590850_4029686777.jpg,4,2
677774513_539858777.jpg,13,13
868239952_3591349777.jpg,1,1
88600961_2872779777.jpg,1,1
970201466_2586364777.jpg,13,13
1072032047_788047778.jpg,9,9
1213894716_2432890778.jpg,5,5
1347802502_825669778.jpg,8,8
1559321963_3915739778.jpg,9,7
1605565952_734471778.jpg,12,12
1606075323_3171382778.jpg,3,3
1658207389_295361778.jpg,1,3
1702064756_173603778.jpg,3,3
1710794619_1484421778.jpg,0,13
2022372889_611926778.jpg,5,7
2336847913_338208778.jpg,5,5
2416513059_4253718778.jpg,0,13
2548790529_1729071778.jpg,11,11
2587951408_2226458778.jpg,10,10
2827595682_2608164778.jpg,13,13
2831662274_322694778.jpg,0,0
2918612046_2220497778.jpg,3,3
3341527869_3231331778.jpg,3,3
3561772120_3075204778.jpg,8,8
3688797503_3861933778.jpg,11,1
3762581160_521347778.jpg,1,1
3903128464_2082815778.jpg,9,9
3983442553_1352548778.jpg,6,6
4000366683_925393778.jpg,8,8
4263571800_1446276778.jpg,8,8
452974277_3028771778.jpg,13,13
52270448_4014895778.jpg,12,12
603930122_1879960778.jpg,9,9
605920949_898297778.jpg,10,10
953087448_2284778778.jpg,0,0
953904149_4030722778.jpg,9,9
1375862356_3406709779.jpg,1,1
1576955598_457287779.jpg,5,5
1649512542_1462017779.jpg,13,13
1716752854_3881878779.jpg,13,13
184197173_1205921779.jpg,5,5
2006520687_2290314779.jpg,10,10
202004597_3010365779.jpg,2,5
2162482657_1853254779.jpg,12,11
2257833936_537622779.jpg,3,3
2397564804_1900449779.jpg,12,11
2486885263_3956214779.jpg,10,10
2526117496_779943779.jpg,4,4
2689146988_1236647779.jpg,13,12
2896448984_1870734779.jpg,6,6
3010700919_199913779.jpg,6,9
3197253085_109309779.jpg,11,11
3543902079_2728232779.jpg,1,1
3670688945_2854000779.jpg,11,11
417336360_781943779.jpg,11,11
4201387703_97884779.jpg,1,1
873618987_2045221779.jpg,13,0
952493324_4166907779.jpg,3,3
1052824462_3281869780.jpg,1,11
1063793148_1504660780.jpg,8,6
1311701967_313598780.jpg,8,12
1510323713_2797073780.jpg,8,8
1573871142_2533660780.jpg,0,4
2069586958_2837700780.jpg,11,2
2457153164_3531488780.jpg,11,11
2637572193_1141360780.jpg,9,9
2641132577_1642693780.jpg,3,0
2755260680_2542405780.jpg,6,8
2756849984_2294502780.jpg,1,1
2770345023_2403747780.jpg,8,6
280570870_1952292780.jpg,1,1
286932855_1058079780.jpg,4,2
2902108516_833325780.jpg,8,5
3013954565_1924585780.jpg,12,12
3128831185_1917431780.jpg,1,1
3301714532_2824945780.jpg,1,1
342028066_1779118780.jpg,11,9
3858229526_1196824780.jpg,9,9
4021321421_4004887780.jpg,13,12
4068340650_2726707780.jpg,2,4
523149424_2663596780.jpg,6,8
591781981_3824734780.jpg,3,0
695173008_370582780.jpg,1,1
793465372_2370813780.jpg,4,5
973137552_2347463780.jpg,8,8
1343380768_3744360781.jpg,13,13
1542358927_2303059781.jpg,13,13
182440970_1256583781.jpg,9,9
1887813883_4233499781.jpg,7,6
1915683614_611255781.jpg,9,9
201090390_4135704781.jpg,0,5
2291915642_954393781.jpg,1,1
2376242979_3883429781.jpg,10,10
2400180182_280186781.jpg,7,7
251264781_2544186781.jpg,0,0
2584098749_3024944781.jpg,12,12
2627555699_705601781.jpg,13,13
2681376829_210972781.jpg,11,13
2914426026_2537988781.jpg,9,6
3002958890_3377418781.jpg,6,6
3096143813_3207247781.jpg,5,5
3177580026_634581781.jpg,3,3
3392205513_4128590781.jpg,8,8
3471915996_4013374781.jpg,9,9
3620983066_20933781.jpg,9,9
3750281157_3635731781.jpg,3,3
3940273238_1011554781.jpg,8,6
3975460789_2142616781.jpg,12,12
4108514361_2106957781.jpg,8,6
578897378_3622831781.jpg,9,10
704366524_1301153781.jpg,13,13
772399951_2006491781.jpg,11,11
948482728_1848246781.jpg,5,5
109756582_3695151782.jpg,10,10
1221356744_3366820782.jpg,4,0
1463030351_1337294782.jpg,13,13
1619636378_2426413782.jpg,9,9
1661808594_3382852782.jpg,5,2
2127470743_3161262782.jpg,10,10
2165474208_1659994782.jpg,9,9
2275175367_2403859782.jpg,0,3
2276523820_3165127782.jpg,4,2
2332551062_2430759782.jpg,2,1
2668827429_2929384782.jpg,3,5
2763173716_3358252782.jpg,0,0
2770943831_102401782.jpg,6,6
2838337833_2301991782.jpg,2,2
2891926336_675142782.jpg,8,6
3363336141_1119590782.jpg,11,11
3436489030_2942287782.jpg,3,0
3440280549_457012782.jpg,11,11
3527386063_679788782.jpg,5,5
3645437236_2891782.jpg,13,13
3786282357_3011024782.jpg,12,0
3849470174_3436325782.jpg,3,1
3891576406_277899782.jpg,11,11
3949891540_1413706782.jpg,0,0
3980755664_4072018782.jpg,3,11
4154517820_2479962782.jpg,0,5
530950479_1297865782.jpg,9,9
814879649_939626782.jpg,5,5
860832043_2623470782.jpg,10,10
87460928_4138692782.jpg,7,7
1152664574_1052872783.jpg,0,0
1302242126_917332783.jpg,2,2
1367520633_1197421783.jpg,9,9
1815131789_3316559783.jpg,1,1
2049492595_2064536783.jpg,9,6
2662931759_3972332783.jpg,13,13
3029747494_4058086783.jpg,7,7
3048630295_2057870783.jpg,1,1
3088073312_2980903783.jpg,9,9
3096885054_1949960783.jpg,9,11
3226785656_3271275783.jpg,12,11
3317585177_2831325783.jpg,5,5
3485087925_3792694783.jpg,9,11
3605044766_2522509783.jpg,10,10
3942330546_3113968783.jpg,10,10
403056105_2108688783.jpg,0,3
4241520812_3918933783.jpg,9,9
446190502_187252783.jpg,6,8
547173891_3027750783.jpg,2,1
67384716_3771615783.jpg,12,12
707708465_469503783.jpg,10,10
831546860_1463800783.jpg,2,2
912566404_2955212783.jpg,10,10
1002082278_247933784.jpg,3,3
1597972131_217767784.jpg,0,0
1678862358_4128031784.jpg,9,9
1800675166_3223103784.jpg,5,5
1858410180_4200442784.jpg,1,1
2208366449_975937784.jpg,11,11
2431101062_2129412784.jpg,10,10
2518243840_1662561784.jpg,9,9
2582191803_3422292784.jpg,13,13
3094713758_1337823784.jpg,13,5
3127943045_2076887784.jpg,5,5
3429791308_2256881784.jpg,10,10
3485546132_3545823784.jpg,5,2
3548677933_52526784.jpg,3,0
3564457226_4272391784.jpg,9,9
3589944143_4136540784.jpg,0,5
3613770022_3472986784.jpg,5,5
3833554753_2669480784.jpg,13,13
4056355390_3784878784.jpg,9,9
4252368282_203134784.jpg,1,1
455667278_2461542784.jpg,0,0
558316806_3680767784.jpg,2,11
761638021_90773784.jpg,8,6
916072693_314756784.jpg,5,5
1034591344_1013240785.jpg,5,5
1079781145_222844785.jpg,2,2
1478461837_514843785.jpg,3,3
1650190029_2618804785.jpg,5,9
1693482905_313508785.jpg,1,1
1746880018_779719785.jpg,9,6
2039732752_1643253785.jpg,1,1
2085706498_518416785.jpg,1,7
2237557345_3400225785.jpg,6,6
241309528_3597031785.jpg,9,9
2533217860_2459604785.jpg,11,11
2817751214_2790475785.jpg,1,1
2979847326_3775494785.jpg,1,2
2990831939_1486795785.jpg,9,9
3067442065_20213785.jpg,0,0
3076756832_1061009785.jpg,13,13
3163130208_2324352785.jpg,7,11
3394035606_2378470785.jpg,5,8
3531847593_457752785.jpg,0,4
3671911061_730039785.jpg,8,6
4226435780_1012596785.jpg,3,3
4231788088_1091719785.jpg,12,12
642903065_3761856785.jpg,10,10
978692604_251555785.jpg,1,1
1315688470_2259158786.jpg,3,3
1530899343_1107514786.jpg,12,13
1671975634_235637786.jpg,7,1
1766855846_3027388786.jpg,0,11
1903800318_4198077786.jpg,9,9
1913525732_3485987786.jpg,13,13
1941826175_3182066786.jpg,12,7
2556230614_468702786.jpg,8,8
2643537652_2340983786.jpg,11,11
2804693461_827308786.jpg,2,2
2879243620_2757375786.jpg,2,0
3097102905_3731212786.jpg,4,2
3200190092_1896431786.jpg,11,11
3207430471_3063403786.jpg,3,11
343277803_3425935786.jpg,11,11
3557686607_2140735786.jpg,8,8
3979721363_3249282786.jpg,10,10
4104655616_2437084786.jpg,11,11
4184873695_4004734786.jpg,3,3
464045110_1723875786.jpg,5,7
6742484_2327396786.jpg,8,8
72922283_1175503786.jpg,1,1
885305259_106303786.jpg,0,1
909001862_4256906786.jpg,9,9
1072337438_3726111787.jpg,7,7
1163207131_3295361787.jpg,4,2
139037884_4056700787.jpg,3,11
1497781737_204845787.jpg,12,12
1676381260_3045016787.jpg,13,13
1711015542_212503787.jpg,1,1
1799911021_3125109787.jpg,3,3
2016669110_3137129787.jpg,12,12
2328208351_174181787.jpg,11,11
2380035910_1258638787.jpg,3,3
2400234292_2373290787.jpg,11,11
252399779_756643787.jpg,2,2
3073558229_3827205787.jpg,0,0
3254468598_3391349787.jpg,8,5
3574650370_2409522787.jpg,5,5
3984545975_2838102787.jpg,8,8
4116953252_3784173787.jpg,5,5
443925771_1464121787.jpg,3,1
714572422_66800787.jpg,3,1
873261522_1691643787.jpg,1,11
1256372521_3519621788.jpg,10,10
1380648120_1234055788.jpg,6,9
1493569493_367160788.jpg,4,2
1993582347_1492302788.jpg,10,10
250302662_4125042788.jpg,5,5
2689336491_3652927788.jpg,6,6
270838349_1576392788.jpg,10,10
2784217552_392231788.jpg,0,0
2982813864_1314801788.jpg,13,13
3085035947_4143900788.jpg,13,13
321006899_892125788.jpg,8,8
3235806900_2737090788.jpg,10,11
3375426191_3911374788.jpg,13,0
4018944325_1552385788.jpg,4,2
4027991074_1534102788.jpg,4,0
4204859632_3262587788.jpg,12,0
505049556_2765770788.jpg,3,3
682824864_349722788.jpg,12,11
77177_1655299788.jpg,8,8
919547509_2700265788.jpg,3,1
932790891_2280521788.jpg,5,5
940400901_84556788.jpg,8,8
967095697_1191773788.jpg,10,10
1107086377_2748966789.jpg,6,11
1173986046_2750660789.jpg,8,7
1234566980_3891645789.jpg,7,6
1327153194_3146907789.jpg,5,5
1385836041_2745212789.jpg,5,7
1576416790_885531789.jpg,13,13
1828374083_3482247789.jpg,13,12
1835621881_2494863789.jpg,3,2
2280807181_208008789.jpg,12,11
2438318800_1273582789.jpg,3,3
2500669637_2354996789.jpg,1,1
263520381_2247299789.jpg,1,0
2713588235_3360359789.jpg,1,1
2826827000_385761789.jpg,11,11
2829512373_1126908789.jpg,1,1
3044832165_2296633789.jpg,5,5
3289852459_731821789.jpg,0,0
33771041_2552659789.jpg,13,13
3427561343_1231681789.jpg,1,1
3443327492_2335789789.jpg,4,2
4138199901_1472250789.jpg,6,6
569967273_808796789.jpg,12,11
845711123_459592789.jpg,8,8
980563522_1235099789.jpg,9,9
1388389285_896410790.jpg,5,5
1412899007_2779270790.jpg,8,8
1425220958_1924970790.jpg,4,0
1650976284_3599779790.jpg,1,1
1709757658_3661714790.jpg,5,5
1724873494_521668790.jpg,9,9
1742853237_209214790.jpg,8,8
1747387178_3673871790.jpg,9,6
1841703393_3841052790.jpg,3,12
1864738822_3102227790.jpg,6,6
1896081779_1633307790.jpg,3,3
2112473702_2903631790.jpg,6,6
2141440200_4036686790.jpg,1,1
2156119397_845000790.jpg,0,5
2200987959_1783776790.jpg,8,6
2741076619_2856115790.jpg,3,1
2838820077_3324571790.jpg,5,5
2894137683_1762764790.jpg,3,1
3039264284_4024590790.jpg,8,8
3150554200_1309175790.jpg,12,12
3247830381_2005261790.jpg,5,5
3256713951_608748790.jpg,1,1
3497136769_2537700790.jpg,11,11
3775394374_4056623790.jpg,0,0
3793599239_2040565790.jpg,1,1
408778025_21902790.jpg,12,13
4173896204_3348055790.jpg,11,11
4181664179_1324983790.jpg,13,13
651822966_1535203790.jpg,12,0
919470777_3864714790.jpg,5,1
1080583566_2933218791.jpg,10,10
1511599308_12494791.jpg,9,11
1609935334_613907791.jpg,10,10
1643209437_960040791.jpg,5,9
1689612823_3744438791.jpg,6,6
1894673359_849950791.jpg,0,0
1906267578_2275886791.jpg,4,2
2312904420_1582396791.jpg,3,3
2313423870_2699447791.jpg,2,1
2968118600_2600074791.jpg,12,7
2989914421_2332142791.jpg,2,4
3009668200_3261802791.jpg,1,1
3112510178_3842141791.jpg,9,1
3206524464_2704714791.jpg,8,8
3319339652_1359702791.jpg,11,2
3540111998_2162276791.jpg,2,4
3641197835_3298623791.jpg,11,11
3735714226_3986451791.jpg,8,8
3790218509_2897571791.jpg,5,5
3819888102_2413292791.jpg,12,12
4044672600_3453423791.jpg,3,0
4090778911_3238788791.jpg,0,0
41615459_2737277791.jpg,12,0
992872827_1596850791.jpg,3,1
1033286777_2671428792.jpg,9,9
1074584443_964712792.jpg,9,1
1340745816_3213300792.jpg,6,9
1342094955_784653792.jpg,4,4
1416945834_1629392792.jpg,7,6
1653244091_4180803792.jpg,1,2
1722557094_3839641792.jpg,5,7
2612772727_733319792.jpg,3,1
2900742358_1906909792.jpg,0,2
3255068077_4245833792.jpg,6,6
339548520_2635052792.jpg,9,9
3491829104_2203196792.jpg,1,1
381672591_365084792.jpg,8,8
3883893099_1814273792.jpg,10,10
4077391379_1688286792.jpg,3,3
4191953143_2379652792.jpg,6,6
4263674001_2368947792.jpg,1,1
748281240_984464792.jpg,4,2
1397655981_2885091793.jpg,13,13
1406637174_3112152793.jpg,13,13
1521649908_3645256793.jpg,8,8
1551864884_1170890793.jpg,8,8
1575893373_1746380793.jpg,7,6
1803934062_2729108793.jpg,7,7
1810413324_3584568793.jpg,11,11
1890328359_3163986793.jpg,6,6
2079778024_4098456793.jpg,10,10
208092750_3205845793.jpg,4,4
2243384469_2229441793.jpg,0,2
2318472714_955986793.jpg,12,0
2591737073_3306784793.jpg,12,11
2623494674_442745793.jpg,7,1
2821853279_3131220793.jpg,10,10
3124497930_199392793.jpg,13,13
3184092300_3077378793.jpg,5,5
3456888004_2523459793.jpg,6,7
3493106569_2858971793.jpg,8,8
3593479582_1751857793.jpg,3,3
3635681923_1552214793.jpg,13,13
3740789500_2364936793.jpg,12,2
3799574772_2884901793.jpg,2,5
4268539663_2398811793.jpg,10,11
4290289148_4262771793.jpg,6,6
804944270_2263278793.jpg,7,6
986256803_1808360793.jpg,0,13
1040926568_4156384794.jpg,9,9
1153717324_1382236794.jpg,4,2
1239523566_765818794.jpg,11,11
1242179216_2063484794.jpg,0,2
132728928_2910409794.jpg,0,0
1571877699_1979349794.jpg,10,10
1703248842_1915837794.jpg,0,0
1913016963_1184747794.jpg,8,6
1935605984_1736121794.jpg,10,10
2116540455_2041281794.jpg,7,8
2288514621_204671794.jpg,3,0
2723358656_737425794.jpg,5,5
2806951849_2074136794.jpg,9,9
2847320654_2511907794.jpg,13,13
3019683721_1552036794.jpg,1,0
3130135647_1607978794.jpg,9,9
3153767616_1472653794.jpg,13,12
3343375083_2423084794.jpg,0,5
3509040954_1640060794.jpg,8,7
3550969537_1695585794.jpg,8,6
3637591443_3333332794.jpg,10,10
365433600_2341078794.jpg,11,11
3821324441_2951029794.jpg,2,11
4059916049_1519497794.jpg,3,11
4271259325_3755504794.jpg,2,2
4293125765_2088838794.jpg,8,6
874536286_4279116794.jpg,11,11
1027299283_1466624795.jpg,11,11
1093868084_2991551795.jpg,9,9
1154405662_2078464795.jpg,11,11
1345965459_3968209795.jpg,7,5
1687544638_211592795.jpg,4,2
1737565087_1567510795.jpg,10,10
2126449740_3121978795.jpg,2,4
224421451_2676160795.jpg,6,6
2326551566_3007502795.jpg,0,0
2466500219_2137410795.jpg,1,1
3001547295_4090219795.jpg,5,5
3135319917_3293989795.jpg,6,6
3662345989_3021953795.jpg,12,11
3825011478_3443161795.jpg,10,10
3891916039_2131649795.jpg,0,0
4016315998_26407795.jpg,0,0
428711514_845152795.jpg,4,2
52140892_3787170795.jpg,12,12
619723084_3208582795.jpg,8,8
680524906_3680994795.jpg,1,1
713835718_3281811795.jpg,1,1
873210530_3034365795.jpg,13,13
1203088738_2148511796.jpg,5,7
1260899611_3898026796.jpg,3,3
1302439717_4273971796.jpg,10,10
1414213466_545358796.jpg,8,7
1761286994_4195050796.jpg,12,12
2024715704_579198796.jpg,10,10
231265562_3458564796.jpg,9,9
2658614301_2539664796.jpg,10,10
2812947641_821973796.jpg,7,7
2890492253_3724805796.jpg,8,8
3150435173_1925447796.jpg,11,11
3284832736_3921192796.jpg,0,0
3444182426_2619794796.jpg,1,1
3591197881_3332241796.jpg,7,7
3708491704_387090796.jpg,3,3
4079816849_3976371796.jpg,6,7
4209680607_1713401796.jpg,13,12
4225835691_1877364796.jpg,8,8
597573634_11652796.jpg,9,9
721345405_2467558796.jpg,1,0
853308379_2888682796.jpg,7,7
1295581474_4158203797.jpg,13,4
1383454236_122734797.jpg,8,8
1618779857_2512629797.jpg,8,6
1751129408_30893797.jpg,13,13
1877945811_2240777797.jpg,11,11
2208653656_1623416797.jpg,12,13
2345380243_1596692797.jpg,13,13
2369683297_4150039797.jpg,9,6
2512628655_3515895797.jpg,5,8
2678906923_265608797.jpg,2,4
2733208474_1340266797.jpg,10,10
3006236532_3536992797.jpg,0,0
3097241978_3257123797.jpg,9,9
314599786_1233980797.jpg,11,11
3155231717_3387888797.jpg,12,12
3354750749_3736356797.jpg,0,5
350574580_2183354797.jpg,3,0
3532846649_165662797.jpg,1,3
3757836308_337626797.jpg,9,6
4156625407_323406797.jpg,12,0
4158847703_2055112797.jpg,5,5
510383311_3703893797.jpg,10,10
568130010_3017726797.jpg,1,0
596836254_4057646797.jpg,8,8
806502868_2485767797.jpg,1,7
1211226930_2480258798.jpg,9,12
1669894574_183368798.jpg,6,8
1673645673_2657687798.jpg,9,9
185832631_1498482798.jpg,10,10
185924158_2106172798.jpg,6,6
2126402336_2365304798.jpg,5,6
221787383_1680827798.jpg,3,3
2258013120_980645798.jpg,5,0
2443491690_1034671798.jpg,3,3
2573353721_3960293798.jpg,3,3
286957155_3562814798.jpg,9,6
2915102074_2132043798.jpg,11,1
2937420841_817267798.jpg,0,0
3102117519_2244365798.jpg,8,10
3418846742_28379798.jpg,2,2
3502802755_290515798.jpg,1,3
3702808328_546496798.jpg,10,10
3775564265_2753902798.jpg,3,1
3913267292_1378291798.jpg,9,6
4211875084_2053203798.jpg,7,7
1170971767_3001178799.jpg,1,1
1364868836_3887712799.jpg,10,10
1473046368_2508017799.jpg,8,8
1579097708_788182799.jpg,2,2
159317674_481778799.jpg,0,0
1814467822_3271003799.jpg,0,0
1842094881_3653047799.jpg,1,1
2114408447_3868699799.jpg,12,12
2128022934_1993329799.jpg,2,0
2352729484_434100799.jpg,13,13
245577912_938647799.jpg,11,3
2553624960_4135515799.jpg,1,1
259017211_3598107799.jpg,5,5
274954740_1204151799.jpg,12,11
2775823643_1183043799.jpg,4,2
2784572307_1699211799.jpg,11,11
2989633116_202343799.jpg,10,10
3045299514_2126803799.jpg,10,12
3313862449_205650799.jpg,12,12
3829517884_4074607799.jpg,2,2
4037196163_1168118799.jpg,9,9
4246292994_3477643799.jpg,5,5
581220900_3751603799.jpg,6,9
1028523374_1826087800.jpg,4,4
1046248240_1524131800.jpg,2,11
1099157382_2895629800.jpg,13,0
1200879610_3558265800.jpg,1,1
1230181739_3172271800.jpg,12,0
1454813687_3480278800.jpg,2,1
1697423313_3110786800.jpg,1,11
1946972454_1422814800.jpg,0,3
20527433_68793800.jpg,13,13
2054209013_1436819800.jpg,1,1
2081039660_2801031800.jpg,7,1
2240029585_1902963800.jpg,5,5
2367207454_1132660800.jpg,8,8
2385468553_936496800.jpg,9,7
2452786808_1162334800.jpg,9,9
2490939687_3288878800.jpg,5,5
2632748337_2604952800.jpg,10,10
2881573539_1815882800.jpg,10,10
2947821325_121517800.jpg,11,11
2971169379_175219800.jpg,3,1
3183930076_2037027800.jpg,8,7
334538444_1949153800.jpg,12,12
3848613130_348483800.jpg,8,8
4008929431_17843800.jpg,10,10
4112541856_1770932800.jpg,13,13
639632336_2772691800.jpg,6,6
788414030_1326526800.jpg,4,2
1390168349_3868517801.jpg,10,10
1592517799_2793803801.jpg,10,12
2000171600_1183954801.jpg,0,5
2073785860_1281404801.jpg,10,10
2114005580_2910877801.jpg,1,1
2136926708_845906801.jpg,10,10
2251526020_141820801.jpg,13,12
2344194514_4157566801.jpg,0,0
2521211883_1803630801.jpg,3,11
2576560249_4261225801.jpg,12,11
2653510639_419214801.jpg,11,2
2814815554_333664801.jpg,9,9
2846282972_3094886801.jpg,5,5
3009997629_308273801.jpg,0,0
3085483220_1753871801.jpg,6,6
340613254_3983343801.jpg,5,4
3427907596_4064328801.jpg,8,8
3453015967_760481801.jpg,7,6
3526543066_2693186801.jpg,4,4
356238628_3110084801.jpg,11,11
3630259958_2308509801.jpg,4,2
3664920262_73417801.jpg,4,2
3980536666_1350558801.jpg,3,12
407964811_1989096801.jpg,10,10
4202441231_2054060801.jpg,13,13
4239886190_3303469801.jpg,3,3
468185566_1283862801.jpg,1,1
872808580_2233933801.jpg,8,8
1017424288_2984219802.jpg,11,11
1036490015_3822821802.jpg,13,2
1058160787_1713575802.jpg,4,4
108777742_2072431802.jpg,3,3
1147506073_1881360802.jpg,0,0
1334945843_2471067802.jpg,12,12
1354687854_3710689802.jpg,9,6
1511726703_301437802.jpg,0,0
1610767274_3490528802.jpg,6,6
1702077495_1432691802.jpg,9,9
1816438391_2821045802.jpg,11,2
1831219826_553117802.jpg,2,2
2150078710_1077857802.jpg,13,0
2441546243_4260834802.jpg,13,13
2572098256_1898747802.jpg,9,9
2856280289_1649111802.jpg,3,3
2929021534_1523776802.jpg,4,2
3724141386_4254341802.jpg,8,8
380142902_4194499802.jpg,3,0
516443941_758854802.jpg,10,10
704993861_3884900802.jpg,12,12
87524068_48191802.jpg,5,5
880974933_545853802.jpg,0,0
92334719_2677644802.jpg,13,13
1130701091_1954008803.jpg,10,10
1188198248_1142026803.jpg,7,7
1511531812_484726803.jpg,2,11
1542817607_2977698803.jpg,8,12
1631511755_1188923803.jpg,13,13
1988696088_794217803.jpg,3,11
2028316738_3722058803.jpg,13,12
2035123387_4106482803.jpg,12,1
2360318426_4258236803.jpg,11,0
2468770317_834134803.jpg,0,11
2631615785_2066167803.jpg,0,11
2744337942_3870394803.jpg,0,0
2834696634_3869622803.jpg,5,5
3004953625_1597638803.jpg,12,12
3030488271_3069227803.jpg,4,2
3214258100_1163317803.jpg,8,8
3230407193_3836320803.jpg,7,1
3317131616_400564803.jpg,13,13
3404287706_946868803.jpg,9,9
3418216427_1096470803.jpg,5,5
3468484211_483343803.jpg,8,8
3491276405_3179047803.jpg,1,1
367986743_2824816803.jpg,0,0
3900685210_2064975803.jpg,11,11
4064694896_734901803.jpg,6,6
4159058515_3341536803.jpg,9,9
447264999_1285188803.jpg,9,6
618011074_1773994803.jpg,1,1
1313287653_464243804.jpg,0,0
1314073951_3356009804.jpg,9,9
1324786516_1017427804.jpg,0,0
1325643287_310162804.jpg,3,3
1435039366_145377804.jpg,1,1
1500128826_1555067804.jpg,0,11
1579698089_1644478804.jpg,11,11
1624920607_1584616804.jpg,13,13
1778622283_3832220804.jpg,0,0
1910038643_1943109804.jpg,3,3
1985984073_1783131804.jpg,5,5
2039530626_741378804.jpg,7,8
2629389276_3265248804.jpg,10,10
2875031841_3478077804.jpg,11,0
2927575416_736451804.jpg,3,3
2975132068_2290173804.jpg,10,10
3048977777_1472897804.jpg,13,13
3269307837_4025907804.jpg,4,2
3438463878_1955778804.jpg,5,5
3965826508_2738268804.jpg,9,9
492338336_2745135804.jpg,3,0
505861408_3980733804.jpg,11,6
769074505_4255370804.jpg,9,9
927626651_2683415804.jpg,9,9
975078254_1920380804.jpg,4,0
1020612041_3908562805.jpg,3,0
1113085595_2242664805.jpg,4,0
1195082361_3503656805.jpg,4,2
1402059681_3595881805.jpg,13,13
1438775720_2144309805.jpg,4,2
1562250397_681526805.jpg,4,2
1664283991_2093198805.jpg,12,12
1694743046_77901805.jpg,2,0
1754564562_2979721805.jpg,6,6
1830963522_964857805.jpg,13,13
1845714849_1290627805.jpg,7,6
1877427410_3094271805.jpg,3,1
1899196781_3682325805.jpg,3,0
196673045_223374805.jpg,5,5
2065086261_1326189805.jpg,4,0
2377594926_2228431805.jpg,2,11
265575456_2977248805.jpg,12,13
2711141394_479267805.jpg,1,1
2758176250_2332726805.jpg,0,0
2763235441_2637813805.jpg,3,3
2790642199_3035566805.jpg,6,8
2870211980_542028805.jpg,11,11
2891061235_3240036805.jpg,13,13
3225020188_2893521805.jpg,8,7
3385401992_933489805.jpg,5,5
3863771782_778470805.jpg,6,6
3907525655_2214797805.jpg,2,2
4147682622_3422045805.jpg,6,6
442948654_1407811805.jpg,4,2
531688795_2737340805.jpg,3,11
653414935_3236115805.jpg,6,9
927277103_2662126805.jpg,6,6
951156703_1424232805.jpg,1,0
960106720_2244129805.jpg,1,1
1126809576_1855490806.jpg,13,13
1144900318_2632185806.jpg,4,0
1221679563_727649806.jpg,11,11
13599594_2383208806.jpg,8,8
1743991908_3416057806.jpg,10,10
1768928503_3053674806.jpg,9,9
1795290245_1288855806.jpg,12,0
1797236130_4205639806.jpg,11,11
1861942957_3992916806.jpg,1,1
188934419_246724806.jpg,3,3
1959200101_954123806.jpg,3,3
1963857175_3857989806.jpg,9,9
2027676987_1845820806.jpg,2,5
2124163387_1875558806.jpg,0,0
2142251941_1359617806.jpg,13,13
2291813762_3568914806.jpg,0,0
2674878383_3376761806.jpg,10,10
2715591834_3855253806.jpg,2,4
2836847436_169057806.jpg,5,5
3073624850_1430666806.jpg,4,4
319880689_878172806.jpg,13,13
3502746236_3838219806.jpg,12,11
374672845_335812806.jpg,0,0
3758545099_2600034806.jpg,10,2
4021872812_3571322806.jpg,13,13
4067810384_3251326806.jpg,3,3
50316665_3730133806.jpg,11,11
733566602_305834806.jpg,12,0
811773177_3535605806.jpg,12,0
903212541_2141275806.jpg,3,3
960467289_3539196806.jpg,8,6
1428610625_1176432807.jpg,10,10
1707681981_2743461807.jpg,1,1
1745971556_3620102807.jpg,4,0
20269242_3894285807.jpg,10,10
2157959377_2438257807.jpg,11,11
2199947803_2583039807.jpg,5,5
2210265742_495306807.jpg,13,13
2578893926_2602663807.jpg,8,6
2590509806_3570457807.jpg,11,11
2662341992_787776807.jpg,3,11
3077164388_3178322807.jpg,6,7
3156454255_950327807.jpg,5,5
3178893319_2943999807.jpg,12,12
3356783695_1855091807.jpg,10,10
3451483676_2894307807.jpg,13,13
3495755614_2910935807.jpg,7,7
3655481937_1487164807.jpg,10,10
379391115_4054330807.jpg,5,5
3846614886_2930349807.jpg,10,10
4130580574_3561853807.jpg,4,2
4193393325_3989725807.jpg,9,9
598073329_2341442807.jpg,9,6
962205226_3206307807.jpg,13,13
1325262985_1696088808.jpg,0,0
1348392611_856678808.jpg,11,11
1392660730_3752846808.jpg,12,11
1436280732_3642165808.jpg,9,9
1510021001_14024808.jpg,6,8
1914290608_889012808.jpg,9,9
20388848_2232189808.jpg,5,5
2877177438_2338453808.jpg,7,7
298790893_539046808.jpg,6,6
3274501133_977629808.jpg,13,13
337103751_858437808.jpg,13,13
3862837073_180026808.jpg,5,5
3870653944_3538411808.jpg,3,3
4020362066_3875192808.jpg,13,13
4161988733_1239159808.jpg,0,0
444242476_1536475808.jpg,12,11
950478123_1647647808.jpg,3,1
969683666_864834808.jpg,10,10
997951846_187026808.jpg,12,11
1052750213_419699809.jpg,11,11
1079213081_744691809.jpg,0,0
1141923636_1321739809.jpg,10,10
1208337436_2657913809.jpg,13,13
1285378432_2910305809.jpg,13,0
1541159139_475098809.jpg,13,13
1688964835_1045458809.jpg,0,2
1693639735_2596579809.jpg,8,7
1769772261_2011023809.jpg,5,5
2291228560_891637809.jpg,8,8
2349066501_1754949809.jpg,6,6
237769676_411765809.jpg,13,12
254684516_2629529809.jpg,9,9
2559349081_3462150809.jpg,10,10
2586514870_1405997809.jpg,6,6
262649601_4071315809.jpg,12,12
2838775856_1654174809.jpg,11,11
2861559353_458972809.jpg,11,11
2913432540_2962353809.jpg,0,13
2984559390_1756193809.jpg,3,3
3202485533_1002002809.jpg,8,7
3267033114_2484487809.jpg,6,6
3287839568_884133809.jpg,0,0
355752884_443340809.jpg,5,5
3631726704_779349809.jpg,7,7
3784852417_1877430809.jpg,3,3
389842684_3334701809.jpg,0,0
4257054197_218734809.jpg,5,7
434517527_81828809.jpg,0,0
518087945_2725775809.jpg,0,1
685591620_1963696809.jpg,0,0
725717039_3043286809.jpg,12,11
1015959141_2142911810.jpg,9,9
1061424862_3700612810.jpg,12,11
1146717395_2413966810.jpg,12,11
1183386161_1392328810.jpg,1,1
1493171830_60827810.jpg,4,2
1610165927_435860810.jpg,1,1
1641953076_3772954810.jpg,3,3
1700678916_2038691810.jpg,6,8
1913571496_1520577810.jpg,11,11
2053510579_596435810.jpg,3,11
2065975742_2794949810.jpg,12,11
2075361636_3264790810.jpg,2,1
2108230686_2579978810.jpg,11,11
2130774622_4078773810.jpg,3,1
2213865804_2069271810.jpg,0,2
2387205229_3524400810.jpg,3,0
272247306_1778455810.jpg,1,1
2739285057_952594810.jpg,6,6
2992838543_1994200810.jpg,3,12
3002003272_234658810.jpg,8,7
3132694421_1614624810.jpg,5,5
3222732261_3756217810.jpg,5,5
3233521381_533613810.jpg,3,3
3337299432_208715810.jpg,3,3
3463118259_3613078810.jpg,5,5
3640140686_3627702810.jpg,8,8
3772202917_2221142810.jpg,1,1
3854014745_4269255810.jpg,11,11
4119905075_3114693810.jpg,2,2
4132985194_1687269810.jpg,10,10
428090685_3395301810.jpg,9,9
428901929_208129810.jpg,10,10
602600952_2462615810.jpg,8,7
784591804_1488918810.jpg,6,6
822418427_181981810.jpg,3,11
944416718_2657668810.jpg,2,2
1021149780_707792811.jpg,2,12
1032835290_85714811.jpg,12,1
1062946050_2368711811.jpg,1,1
1311213899_4109167811.jpg,10,10
1362330907_2784596811.jpg,12,12
1465865244_2265104811.jpg,12,11
1932422680_713917811.jpg,11,11
1954611416_713831811.jpg,10,10
2007836114_3246497811.jpg,4,2
229288127_2555612811.jpg,1,1
2309262608_1001725811.jpg,9,9
240075631_415892811.jpg,9,9
2493639097_2843484811.jpg,1,1
2549585480_3907893811.jpg,11,11
2683217102_2399863811.jpg,13,13
2882581351_1682874811.jpg,1,1
2985106383_2205294811.jpg,5,5
2990285861_3945184811.jpg,8,8
3080759202_299261811.jpg,12,11
3097208528_1978210811.jpg,3,1
3177960708_1379333811.jpg,13,13
318178521_1435446811.jpg,1,1
3246186512_3243419811.jpg,10,10
3554198223_3081765811.jpg,7,7
3554846278_2795335811.jpg,9,9
3696969450_4250373811.jpg,1,1
3779098980_3323106811.jpg,1,13
390209608_3268868811.jpg,11,11
3918639932_2265265811.jpg,8,8
3945311338_3115792811.jpg,11,9
3945395148_192249811.jpg,3,3
4028890597_3749618811.jpg,5,5
4065765976_4187504811.jpg,0,2
4150772969_285504811.jpg,12,12
509065491_1246327811.jpg,6,6
862214859_3212421811.jpg,4,2
884482904_494159811.jpg,10,10
958688700_1474468811.jpg,13,13
1163457958_699752812.jpg,7,6
122124571_2813192812.jpg,7,7
139551892_1654093812.jpg,7,11
153705161_3212877812.jpg,3,11
1622333934_1714607812.jpg,12,11
1693548863_1567066812.jpg,0,0
2083391128_747480812.jpg,0,5
2114110421_3774793812.jpg,3,3
2404645808_2883540812.jpg,9,9
2635276389_270822812.jpg,10,10
264376298_2241066812.jpg,11,11
2792058378_3821892812.jpg,5,5
309374633_1519805812.jpg,3,11
3199382713_1373003812.jpg,2,2
3734088014_2067558812.jpg,4,11
3822059237_3179004812.jpg,6,6
384841468_799704812.jpg,5,5
3885069582_689473812.jpg,4,2
3943995495_1891271812.jpg,9,9
4193505709_830470812.jpg,5,5
679955272_3439365812.jpg,9,9
687291705_575045812.jpg,10,10
748484699_3678296812.jpg,13,13
1005518566_3648332813.jpg,9,9
1056103007_1158045813.jpg,0,0
110094972_2101283813.jpg,1,11
1329671316_4019071813.jpg,3,1
1343643192_2434726813.jpg,9,9
1420325412_785556813.jpg,9,9
145619670_1743883813.jpg,13,13
1637937999_4174117813.jpg,11,11
1649437732_2044338813.jpg,11,11
1750473439_2559697813.jpg,11,11
1800720164_3615111813.jpg,2,1
1809289467_1525387813.jpg,9,9
1885574129_3930018813.jpg,5,5
2081945343_2023183813.jpg,5,5
2225721510_4082278813.jpg,2,2
2248738332_503387813.jpg,11,11
2370562797_504112813.jpg,5,5
2410772345_2115239813.jpg,2,2
2494939494_937722813.jpg,0,0
2559001575_4279690813.jpg,3,1
2561648355_432000813.jpg,5,5
2662318656_347870813.jpg,3,3
2813889840_1818131813.jpg,12,11
2941482335_1478278813.jpg,3,12
3127484544_1076584813.jpg,13,4
3284012625_2264002813.jpg,10,10
3695612428_3584113813.jpg,13,13
4177274177_3234071813.jpg,11,11
480017898_4136294813.jpg,9,9
574078722_686430813.jpg,5,6
607094878_2094729813.jpg,10,10
767385883_626951813.jpg,5,7
800544131_4029728813.jpg,5,0
877693161_2422667813.jpg,9,9
1197182835_515332814.jpg,0,0
1556762669_2117970814.jpg,0,0
1648099212_1282137814.jpg,5,7
183345026_407119814.jpg,12,12
1850313626_2007739814.jpg,6,8
2129702852_2331327814.jpg,2,4
219089953_2550882814.jpg,2,2
2221246623_470361814.jpg,7,7
2818076979_219895814.jpg,1,1
2840822373_3798545814.jpg,0,2
3021465562_4138914814.jpg,3,3
303599032_3137685814.jpg,8,8
3079443233_2988774814.jpg,2,2
3215716324_2056745814.jpg,10,10
3318950919_3804727814.jpg,12,12
3491797913_3957622814.jpg,11,0
411527360_991014814.jpg,12,12
4218815937_937240814.jpg,12,11
435082137_1141826814.jpg,0,11
486257450_1431442814.jpg,5,5
799852446_3886759814.jpg,8,6
826504898_541517814.jpg,10,10
984688194_4265394814.jpg,3,3
1227497586_2352256815.jpg,8,6
1337929268_1351699815.jpg,0,0
1436512453_1495361815.jpg,11,2
1481128531_1260528815.jpg,1,3
1993867690_1885687815.jpg,3,11
200598607_673510815.jpg,4,11
2036602429_1632798815.jpg,3,0
2112106303_271894815.jpg,9,9
224329387_676528815.jpg,1,1
255450675_2858874815.jpg,6,8
2597305193_1311708815.jpg,13,12
26037921_3543881815.jpg,1,0
3149953051_3891376815.jpg,6,6
3770650141_2594262815.jpg,3,0
3967018492_3882855815.jpg,13,13
4182706826_785459815.jpg,8,13
4202548701_4187216815.jpg,9,9
74971407_2729412815.jpg,8,12
852052795_3783898815.jpg,10,10
87553503_1556148815.jpg,12,12
1150561935_1760372816.jpg,3,3
1732711929_3743838816.jpg,10,10
2052784221_4017798816.jpg,11,11
2160094824_1309228816.jpg,3,1
2261345187_2595247816.jpg,1,1
2275127254_2562331816.jpg,8,5
2445193103_2326359816.jpg,13,13
2502861325_844443816.jpg,8,8
2561923551_2401727816.jpg,1,1
289349843_2113439816.jpg,10,10
2930648144_4083745816.jpg,0,0
362921835_986347816.jpg,12,11
3658779226_2003621816.jpg,0,0
3669806078_3263437816.jpg,9,9
3859985530_4134005816.jpg,1,11
3882135201_3385814816.jpg,1,1
391697622_484140816.jpg,8,8
4062052650_2302572816.jpg,5,5
428251452_1855403816.jpg,0,0
848896112_4224607816.jpg,6,8
873962976_3385692816.jpg,9,9
887010822_1566554816.jpg,6,6
1162424227_2388690817.jpg,0,0
1354490581_2410673817.jpg,10,10
1497616392_3207348817.jpg,0,0
150608647_348693817.jpg,6,8
158603739_4026069817.jpg,9,9
1847406954_3559416817.jpg,8,8
1903041499_2392444817.jpg,3,11
2019061192_3344010817.jpg,0,0
2272641161_1414250817.jpg,1,10
2377492333_393183817.jpg,10,10
2690963556_3392838817.jpg,0,2
2822968888_796765817.jpg,9,9
3257425073_2208377817.jpg,10,10
3300771454_1538668817.jpg,11,11
3951489488_4139778817.jpg,1,1
4017925106_460831817.jpg,2,2
547000135_2670747817.jpg,5,5
65122286_925065817.jpg,5,13
656431892_2248645817.jpg,10,10
825373096_4282407817.jpg,0,0
1060363946_1595857818.jpg,8,7
113131810_3776875818.jpg,8,8
1618639068_137933818.jpg,10,2
2069810518_1670544818.jpg,0,1
2111358635_1302444818.jpg,12,11
2538531996_1430435818.jpg,3,3
2540508776_2753235818.jpg,11,11
2709559665_1990218818.jpg,12,11
3141844973_1097019818.jpg,11,11
3586742318_4045311818.jpg,6,7
3650200571_4281713818.jpg,4,11
3912730876_2762768818.jpg,8,7
4008616462_676480818.jpg,3,1
546128959_438573818.jpg,10,10
547866850_3991308818.jpg,8,8
558333588_1918737818.jpg,2,10
792552188_3257340818.jpg,13,13
851998888_71050818.jpg,8,6
861977827_1042676818.jpg,5,7
940489485_1201744818.jpg,5,7
1099838745_1550291819.jpg,5,5
1154719374_2570420819.jpg,10,10
1403276907_4247575819.jpg,8,7
1634114553_371967819.jpg,1,1
1847167116_2201354819.jpg,1,1
1894347839_1074073819.jpg,1,1
2052216979_836020819.jpg,11,2
2161962536_3264029819.jpg,12,13
2510479173_296979819.jpg,3,3
2553102965_1917049819.jpg,11,1
3203489315_2697257819.jpg,11,11
3262460956_2534365819.jpg,3,2
3266507546_4045051819.jpg,8,12
345136962_940593819.jpg,13,12
3581255282_2932625819.jpg,2,2
3674803694_1686129819.jpg,5,5
3741457756_2121780819.jpg,9,9
3890098731_3224137819.jpg,1,1
39598509_3669588819.jpg,3,0
3998855012_592062819.jpg,9,9
4070238730_2013723819.jpg,12,0
4090218029_751882819.jpg,9,9
426681338_2398915819.jpg,5,5
787491966_2371423819.jpg,6,6
826719183_2589955819.jpg,9,9
1042323155_2984424820.jpg,10,10
1299118739_1023660820.jpg,4,4
1330752157_2253753820.jpg,12,7
1369438750_2301686820.jpg,0,5
1376759990_1107229820.jpg,0,0
1589560571_1457325820.jpg,8,8
1781286551_2950051820.jpg,13,13
1781315294_1388270820.jpg,3,1
1781450899_4154010820.jpg,8,6
1895663486_4002940820.jpg,1,0
2019881317_2202809820.jpg,1,3
2209348500_1275084820.jpg,13,13
281812578_1081650820.jpg,3,11
2850506959_2360290820.jpg,9,9
2899103637_389949820.jpg,9,9
2920769625_3440658820.jpg,5,5
2998811147_621935820.jpg,4,2
315998794_2527208820.jpg,5,7
3164787126_1104774820.jpg,13,13
3629706977_47890820.jpg,13,13
3770968108_4081052820.jpg,9,9
3813782275_1584103820.jpg,0,0
4060633173_4066000820.jpg,11,11
4100737226_792680820.jpg,3,0
50772602_3807549820.jpg,0,11
566376887_1422642820.jpg,3,11
1082848816_2194661821.jpg,8,8
1210433135_3823580821.jpg,5,5
1238114113_1697185821.jpg,2,4
1277251200_2946422821.jpg,5,5
1387638030_936209821.jpg,11,11
1580296466_44058821.jpg,5,5
1659792799_440333821.jpg,0,2
1684751340_80770821.jpg,10,10
1706536099_1051846821.jpg,13,13
1817032463_615791821.jpg,9,9
182222503_3743075821.jpg,0,2
1940594577_903853821.jpg,13,13
2040452842_2675864821.jpg,10,10
2154192736_3108929821.jpg,13,13
2237932369_3473913821.jpg,12,11
2390313457_3923884821.jpg,0,1
2484693652_1542848821.jpg,5,5
2866808213_4160904821.jpg,12,11
3010636035_2722782821.jpg,13,13
3115976371_4045625821.jpg,5,5
3178181070_2944457821.jpg,9,6
3615063430_363504821.jpg,10,10
3661723055_1904623821.jpg,0,3
3713767098_3457009821.jpg,5,5
3792226697_871070821.jpg,8,8
3794800247_2754234821.jpg,12,2
3897101789_106404821.jpg,9,7
604121700_2011901821.jpg,3,3
810119780_1518025821.jpg,12,12
1179162747_1087431822.jpg,3,3
119888521_3603478822.jpg,5,5
1319168575_1058607822.jpg,5,6
16375715_1808503822.jpg,6,10
1740030244_1284827822.jpg,8,8
1762397648_1434989822.jpg,5,5
1798594075_2498805822.jpg,11,11
1842487525_1400003822.jpg,1,1
184284319_1157813822.jpg,0,7
1860205297_362394822.jpg,3,3
1898841914_1006313822.jpg,8,8
2018807085_2702558822.jpg,11,11
2159109749_1865619822.jpg,12,12
218191606_1369758822.jpg,8,8
2221338561_1505265822.jpg,8,12
2376634949_1296652822.jpg,6,9
2437787190_3304127822.jpg,3,1
2475792077_1168334822.jpg,3,0
2497035509_2795987822.jpg,3,0
2670394091_3393182822.jpg,5,6
2830290474_590128822.jpg,1,3
3187547532_1273269822.jpg,10,10
3226644710_2383406822.jpg,13,13
3397467218_1710029822.jpg,11,11
3826524859_3785474822.jpg,1,1
3904955282_1629434822.jpg,5,5
484984123_886099822.jpg,6,6
687137291_1801590822.jpg,4,2
828552773_4067438822.jpg,1,0
832149727_2805656822.jpg,3,11
1084267768_4271507823.jpg,8,8
1209693831_2690879823.jpg,7,7
1213795767_854943823.jpg,13,0
1221684443_156674823.jpg,11,11
1344024633_2555065823.jpg,5,5
1369655514_3233506823.jpg,11,11
1372798073_90503823.jpg,3,0
1404735715_3891494823.jpg,10,10
1404944087_1107831823.jpg,5,13
1807647143_2183819823.jpg,10,10
1838401553_4134502823.jpg,13,13
1843189779_4205944823.jpg,2,2
211834388_4222744823.jpg,1,1
2148508811_931336823.jpg,6,6
2277649082_3547823823.jpg,9,7
240174550_1211081823.jpg,13,4
2412487412_364358823.jpg,9,9
245825501_160697823.jpg,12,11
2632918783_2964458823.jpg,12,12
3037591785_371108823.jpg,1,1
308174384_3203898823.jpg,4,4
3274558034_4056162823.jpg,0,0
3794927505_568539823.jpg,11,11
4063206663_353871823.jpg,7,1
4137960692_878768823.jpg,1,0
902042454_3566451823.jpg,3,3
965103894_3827666823.jpg,3,12
1113834974_1805439824.jpg,13,13
1312191405_1165863824.jpg,4,2
1491834172_2828041824.jpg,5,5
1763706385_2248179824.jpg,5,5
1810576211_1587705824.jpg,10,10
1949733879_115682824.jpg,9,9
2262812989_210338824.jpg,8,6
2360761904_1032889824.jpg,9,9
2581424080_1481745824.jpg,1,1
26456620_3207312824.jpg,0,0
2730875253_886258824.jpg,10,10
3416479092_3502496824.jpg,7,7
3449634792_2291626824.jpg,10,10
3585387172_1300069824.jpg,0,0
3857669015_2976007824.jpg,9,9
3955128023_1460706824.jpg,1,9
4013877878_2683487824.jpg,0,0
4036195888_3820177824.jpg,9,9
4260704658_1487313824.jpg,3,3
48537299_534742824.jpg,3,3
602369640_599507824.jpg,0,11
799051029_401747824.jpg,10,10
80447332_1776502824.jpg,9,9
995670628_1118939824.jpg,8,8
1018641285_4206594825.jpg,4,2
1384878211_1940514825.jpg,3,3
1676709204_4110461825.jpg,13,13
1968509412_3923352825.jpg,4,2
2016659640_3940893825.jpg,8,8
2053279638_314155825.jpg,12,12
2088113731_2147948825.jpg,9,9
2185115110_2905197825.jpg,5,5
2607970747_671013825.jpg,12,12
2728710086_143830825.jpg,9,9
288251220_2057821825.jpg,8,6
3061405581_2465340825.jpg,6,4
3580629639_1133371825.jpg,9,9
3610802593_3957682825.jpg,13,13
3774955873_1992387825.jpg,11,11
3866131669_255750825.jpg,13,12
3878139251_548654825.jpg,10,2
3937348612_769191825.jpg,13,12
4064889690_1600693825.jpg,8,7
4203065827_487940825.jpg,6,6
505413058_2809041825.jpg,0,0
74483639_2951726825.jpg,13,13
779598805_128990825.jpg,3,0
813021648_1134905825.jpg,9,9
1047391412_1252136826.jpg,10,10
1159829015_3731678826.jpg,8,12
1291926320_3564163826.jpg,6,8
1311099716_3100132826.jpg,10,10
1512957397_3413542826.jpg,3,12
1822187594_243448826.jpg,5,5
203392152_3647069826.jpg,8,6
2053677458_1164137826.jpg,0,13
2129234590_3946031826.jpg,0,0
2135114772_1153823826.jpg,4,2
2958992647_3908012826.jpg,12,0
3249827604_437571826.jpg,12,12
3289065066_15789826.jpg,13,13
3529645246_2367100826.jpg,5,7
353798968_2073784826.jpg,11,11
3588284059_2702989826.jpg,12,0
3915450252_3773949826.jpg,10,10
4085505307_423544826.jpg,3,3
4109707689_2207674826.jpg,12,12
458681542_169626826.jpg,1,1
81818286_3127978826.jpg,7,7
818490768_3498528826.jpg,1,1
890440544_3335799826.jpg,0,11
1026487234_436055827.jpg,3,2
1053510115_3136076827.jpg,4,0
1058775330_2526555827.jpg,6,8
1071338267_314288827.jpg,13,2
1161508147_2716471827.jpg,9,9
1522233396_2912151827.jpg,1,1
1788243805_1356802827.jpg,1,1
216528361_3863429827.jpg,8,8
2291243896_4012247827.jpg,3,1
2302965140_2847433827.jpg,1,1
2325227542_2774380827.jpg,3,3
2351911948_4197574827.jpg,10,10
2531603964_1106958827.jpg,10,10
260843486_3175995827.jpg,8,8
2766169464_2949958827.jpg,1,1
2871832663_3765934827.jpg,1,1
3138040666_4285493827.jpg,5,5
3310252580_3312000827.jpg,10,10
3437986647_1673477827.jpg,1,1
3448812706_4210192827.jpg,8,8
346554672_1799774827.jpg,1,1
3466508010_2467711827.jpg,8,6
3772381859_2274635827.jpg,8,7
4164842765_3257427827.jpg,11,11
442713783_1557878827.jpg,3,0
492985241_2849127827.jpg,12,12
854229477_936292827.jpg,3,0
1153112636_2247004828.jpg,9,6
1204039986_2765051828.jpg,0,0
1245459281_4078756828.jpg,12,11
1364976004_2337815828.jpg,5,5
159752905_352965828.jpg,11,11
1767183789_811590828.jpg,10,10
1963090628_242745828.jpg,8,12
2268543730_2718264828.jpg,10,10
2363618749_1540435828.jpg,11,11
2418131846_3719642828.jpg,3,3
2469053156_3220624828.jpg,5,7
2553679700_3128896828.jpg,11,11
2631667363_3612014828.jpg,3,3
2836802499_1892231828.jpg,1,1
2913389749_1912402828.jpg,9,9
3034661581_1850470828.jpg,11,11
3051853765_1520790828.jpg,12,12
3211747478_296348828.jpg,12,0
3414790136_2401261828.jpg,6,8
3506563774_3931757828.jpg,12,12
3513273490_201551828.jpg,8,9
4085719694_13529828.jpg,1,1
4271720989_2154594828.jpg,10,10
605566489_1128669828.jpg,13,13
729220681_600650828.jpg,8,8
813396995_2884820828.jpg,7,5
1156307460_3897716829.jpg,5,0
150848480_3135007829.jpg,12,12
1879355557_476605829.jpg,13,13
1959401340_2732386829.jpg,5,5
2384572293_2685901829.jpg,4,2
2387421623_3533224829.jpg,11,0
2556110105_1353896829.jpg,3,11
2947904629_3306751829.jpg,11,11
3044795750_2855457829.jpg,2,6
3313281276_4255183829.jpg,0,13
3339576567_2587149829.jpg,0,0
3691974363_339391829.jpg,4,2
3797116420_852503829.jpg,9,9
3841796484_3941915829.jpg,10,10
3948548220_58123829.jpg,0,0
3964976255_3650176829.jpg,9,6
4009341239_1102114829.jpg,13,13
401371502_1270792829.jpg,3,11
4236642090_3248748829.jpg,4,2
47708573_2934127829.jpg,9,9
52325875_3187094829.jpg,6,6
679641245_1122527829.jpg,2,0
711878954_1163070829.jpg,5,7
764868830_4044615829.jpg,8,5
959918568_3366783829.jpg,11,11
1269646_46795830.jpg,12,13
1304846938_2243882830.jpg,0,0
1564986283_464046830.jpg,6,6
1577968264_1558676830.jpg,4,0
1678030161_1658230830.jpg,7,7
1815605394_3426259830.jpg,12,12
210332006_1845032830.jpg,7,6
2134902732_1022919830.jpg,9,6
2349990079_3204878830.jpg,1,1
254012074_4095034830.jpg,9,9
2599886872_1112329830.jpg,9,12
2669273424_3584186830.jpg,9,9
2759058257_2412336830.jpg,4,11
2809637820_902548830.jpg,3,3
3244190122_584404830.jpg,11,2
3889331867_347842830.jpg,13,13
3965425983_1110174830.jpg,3,0
4206098163_4232917830.jpg,5,5
513188678_1895104830.jpg,13,11
576823584_1784189830.jpg,11,11
639811821_2109931830.jpg,0,0
913698620_1808058830.jpg,4,0
1304141979_2956263831.jpg,13,13
1490539377_960753831.jpg,0,4
1566317402_1998009831.jpg,8,8
1625679583_3640792831.jpg,3,12
1847538577_1017580831.jpg,2,2
2017357554_2969237831.jpg,9,9
2075133505_1608052831.jpg,1,1
2315081546_1422121831.jpg,2,4
2491265818_3341819831.jpg,5,5
2663073618_670967831.jpg,1,1
2700259622_3123299831.jpg,3,1
2828004589_2603947831.jpg,7,7
2933279303_1795897831.jpg,11,11
297635956_2256111831.jpg,8,12
3064927882_3265901831.jpg,8,8
3161439704_402969831.jpg,6,6
3392721251_3049662831.jpg,12,0
3417337531_1331148831.jpg,11,11
379681805_567540831.jpg,5,9
3874995173_653551831.jpg,8,8
4084064807_1047607831.jpg,9,6
4091476769_3994666831.jpg,3,0
4241456105_3025601831.jpg,4,2
466193318_3020870831.jpg,8,8
517180284_1952820831.jpg,0,0
601479369_4020958831.jpg,6,6
877395047_462954831.jpg,5,7
1044886793_1167914832.jpg,3,11
1106978696_3606272832.jpg,11,9
147096744_2548765832.jpg,1,1
1664437262_1127116832.jpg,0,0
1728823539_1550392832.jpg,13,13
1915264632_804427832.jpg,12,11
1991900073_361083832.jpg,3,11
2318339152_421577832.jpg,9,1
2524514123_2876901832.jpg,12,12
2548689644_525262832.jpg,13,13
3234019094_2363233832.jpg,9,7
3250174812_4072411832.jpg,9,9
3334868139_2180743832.jpg,5,5
3660039094_74391832.jpg,10,6
3867371307_1790625832.jpg,10,3
3948017646_1877920832.jpg,4,0
3960470614_3658435832.jpg,10,10
421340386_3313947832.jpg,2,5
4237691358_3379537832.jpg,8,8
44075150_3345355832.jpg,8,6
475784027_869155832.jpg,13,13
1060580317_1089488833.jpg,2,4
1156949306_3505486833.jpg,0,0
1169102894_3249044833.jpg,3,3
1342284713_3737442833.jpg,13,13
1541488350_1536004833.jpg,3,3
1550692926_1954398833.jpg,6,8
1586814553_3547453833.jpg,1,1
1713128630_2332052833.jpg,11,2
1820577488_1055772833.jpg,13,13
1927519744_1869290833.jpg,12,11
2237326108_1071670833.jpg,6,6
2584833743_2076088833.jpg,5,5
3231133284_1776353833.jpg,11,11
3239654122_1544788833.jpg,2,2
327664927_3202770833.jpg,9,9
3398609868_2970530833.jpg,1,0
3461309697_1768807833.jpg,6,6
3689457018_1311199833.jpg,8,8
3799419698_3992196833.jpg,2,0
3892779419_42775833.jpg,9,7
4150489867_1817883833.jpg,3,3
4253480492_1097354833.jpg,5,7
594609510_1923000833.jpg,6,6
679729988_1873900833.jpg,10,10
1071916888_622513834.jpg,6,6
1462266215_1376259834.jpg,13,13
1725086209_813507834.jpg,10,10
2277566676_1274251834.jpg,8,8
2303681291_1310115834.jpg,13,13
2406421083_537887834.jpg,11,11
2547945826_731950834.jpg,13,0
262501195_2608414834.jpg,1,3
2700050776_3657804834.jpg,13,13
3208731585_1758290834.jpg,10,10
3317167400_766687834.jpg,3,11
3453708904_82870834.jpg,12,11
3702092646_2472683834.jpg,0,0
3752001765_3251757834.jpg,13,12
3881712529_3161306834.jpg,4,13
421885908_2970494834.jpg,10,10
498728239_2196399834.jpg,11,11
560847604_4045825834.jpg,11,11
562544436_3041925834.jpg,8,12
743471994_4147468834.jpg,10,10
747362540_1467588834.jpg,10,10
874263440_3516656834.jpg,11,11
93276204_740287834.jpg,8,8
1085641546_1426694835.jpg,8,8
1134173243_2247494835.jpg,7,6
1220283832_3017134835.jpg,3,0
1242126027_3411632835.jpg,3,2
1503523667_497947835.jpg,13,13
1786676373_2867677835.jpg,2,4
1951421662_1678037835.jpg,9,9
2188087552_265059835.jpg,12,11
2360180713_1592823835.jpg,5,7
2528296513_606513835.jpg,1,1
2554224376_3432028835.jpg,4,0
2599108292_4030979835.jpg,1,1
2604506318_3261247835.jpg,8,11
2717345505_1226361835.jpg,9,6
3060347871_3759680835.jpg,5,13
3128743652_834482835.jpg,8,6
3538831054_4077186835.jpg,1,1
3562450232_3561342835.jpg,4,2
3802665125_3865917835.jpg,13,2
3851310191_618005835.jpg,1,0
4128467457_1934083835.jpg,11,11
4132008753_23590835.jpg,6,6
4151202983_283201835.jpg,8,8
4180735070_1704592835.jpg,6,6
41891310_2559890835.jpg,9,6
4215699445_3929875835.jpg,3,3
64966120_69686835.jpg,5,5
8216369_2800673835.jpg,6,6
847870477_3934454835.jpg,2,4
858958793_612367835.jpg,6,6
897808469_3126685835.jpg,8,6
908429836_2360743835.jpg,13,13
959265074_3356883835.jpg,1,1
1320917820_2977938836.jpg,6,6
146346842_1239790836.jpg,13,13
1568774312_3537999836.jpg,5,5
176418175_3510092836.jpg,9,9
1829613437_3049594836.jpg,4,2
1843014390_764644836.jpg,13,13
2121561434_2222923836.jpg,0,5
2135118506_707068836.jpg,1,1
2385201538_4264289836.jpg,0,12
2688390276_1567297836.jpg,3,0
2787419168_768614836.jpg,8,8
2980822341_603129836.jpg,10,10
2998791286_1520767836.jpg,6,6
3000710209_2159319836.jpg,8,6
3144449284_1242960836.jpg,3,3
3183882267_223058836.jpg,9,9
3183924910_3149631836.jpg,11,11
3205439013_3233682836.jpg,0,5
3274494300_3961284836.jpg,7,7
4009301061_3106598836.jpg,9,9
4027299885_3287777836.jpg,3,1
4255738337_2436436836.jpg,6,10
1363816247_3570146837.jpg,12,11
1377058305_914306837.jpg,10,10
141682503_4235117837.jpg,9,9
1571864032_801203837.jpg,10,10
1681966660_2801547837.jpg,12,11
2240639930_2822789837.jpg,11,11
2253495829_372961837.jpg,10,10
2290908791_4044039837.jpg,11,3
2307683028_3242213837.jpg,7,6
246890865_2338184837.jpg,3,1
2582516499_2304519837.jpg,8,8
2602928940_3474207837.jpg,13,12
2855889387_2598038837.jpg,2,2
3145500161_2294154837.jpg,10,10
3186074453_2752712837.jpg,3,3
325603272_1241244837.jpg,3,3
3567253282_325717837.jpg,13,13
3690807718_387536837.jpg,1,1
3692433013_3431515837.jpg,9,9
3786774072_38211837.jpg,3,3
3909760019_2222741837.jpg,8,8
4248507135_2898027837.jpg,10,10
598329561_1861842837.jpg,12,12
1197180193_1314669838.jpg,9,9
1199067753_1055783838.jpg,3,0
121459571_461562838.jpg,11,10
1406186248_1475513838.jpg,7,6
1443505982_3186730838.jpg,7,12
1742877660_1134076838.jpg,1,11
1890888252_3525952838.jpg,6,7
2607366686_333602838.jpg,6,6
2898419736_699519838.jpg,1,11
2959547258_3700377838.jpg,9,9
3013082945_1835146838.jpg,7,7
3049145132_3825289838.jpg,3,3
3288389903_2498545838.jpg,6,8
3632679041_1074996838.jpg,5,7
3719160878_221464838.jpg,5,7
3852800106_438736838.jpg,11,11
408781566_3172114838.jpg,7,6
415988805_2772672838.jpg,7,7
696524933_3741202838.jpg,5,5
70298100_1375321838.jpg,12,11
985206927_2122027838.jpg,4,4
1038410771_2746326839.jpg,10,10
1294914140_4222061839.jpg,10,10
1485988402_3727862839.jpg,8,8
1689874506_3245293839.jpg,12,11
1729629544_184597839.jpg,8,6
1740693974_2964682839.jpg,5,5
1776038774_2131204839.jpg,12,12
207883402_459906839.jpg,12,12
2236139713_3351885839.jpg,4,0
2291220847_3312252839.jpg,4,2
2385670978_2633665839.jpg,10,10
247117505_2213582839.jpg,5,5
2893240527_3464357839.jpg,3,3
324650573_1465062839.jpg,4,0
3297787769_3605805839.jpg,11,11
3427867587_315041839.jpg,6,6
3449651552_465449839.jpg,12,11
3624585172_2588326839.jpg,1,1
3747781467_108580839.jpg,1,7
3747880767_55526839.jpg,2,0
3802087648_3730141839.jpg,9,9
3904141790_2476951839.jpg,10,10
4079401787_2045565839.jpg,2,2
4091418548_2419019839.jpg,7,8
555996576_1902160839.jpg,13,12
604660485_4265464839.jpg,12,12
896327701_3226785839.jpg,4,2
1433952661_291425840.jpg,4,4
1579948819_3242380840.jpg,3,3
1758403001_4164409840.jpg,12,12
2014357164_765181840.jpg,11,2
2021540687_1128101840.jpg,3,11
2247637819_2701451840.jpg,9,6
2366182556_147182840.jpg,8,8
2649321916_3057524840.jpg,9,9
3137115935_3719471840.jpg,2,0
3320956658_3861313840.jpg,8,6
3337023355_1521474840.jpg,2,2
3470768558_4016684840.jpg,4,2
35027626_240536840.jpg,10,10
366050959_3771410840.jpg,2,2
3713467679_1577366840.jpg,4,0
4105596959_4174490840.jpg,7,6
4186395254_132344840.jpg,11,11
4217717152_3094964840.jpg,8,8
440533305_2674190840.jpg,5,5
971376042_2292339840.jpg,12,13
1198476646_1642108841.jpg,13,13
1471484516_1604753841.jpg,12,12
1545866720_1727844841.jpg,4,2
2002002135_2293378841.jpg,9,9
2133982903_148224841.jpg,11,11
2224845828_2213707841.jpg,0,2
2349508359_3401401841.jpg,9,9
2382372687_2899039841.jpg,12,2
2590502951_1778809841.jpg,7,7
2684570580_1534514841.jpg,0,5
2748756676_3248325841.jpg,12,11
2853480403_2070796841.jpg,5,5
2860035317_304610841.jpg,8,8
2904605180_3569424841.jpg,13,13
2972884481_3877244841.jpg,3,3
3136288101_3918294841.jpg,4,2
3355200878_4107069841.jpg,3,3
3804482803_3226794841.jpg,8,8
3826601096_2986467841.jpg,11,11
3864444909_3122851841.jpg,0,12
3923083237_854012841.jpg,3,3
4033500095_2326557841.jpg,2,2
448559122_4142242841.jpg,6,8
809056597_115691841.jpg,0,0
810216218_3322410841.jpg,1,1
880644957_1915307841.jpg,4,2
904431440_2314544841.jpg,2,5
1305235184_1577458842.jpg,0,11
1436824345_2311926842.jpg,8,8
1656196708_850669842.jpg,10,2
1716799288_957344842.jpg,10,10
2324414809_2880720842.jpg,3,3
2379477421_1262911842.jpg,8,12
2445335655_2059117842.jpg,2,4
2712498302_2227078842.jpg,13,13
3146584130_2956767842.jpg,9,9
32326365_489417842.jpg,9,9
3241822295_4081844842.jpg,0,4
3309688952_1312247842.jpg,1,1
3436925213_3771184842.jpg,9,9
3479249943_1696232842.jpg,8,7
365202222_2612654842.jpg,11,11
3788393657_2709069842.jpg,6,9
3805524620_966482842.jpg,7,7
404470529_623811842.jpg,0,0
4076375165_1544161842.jpg,0,11
4103462190_2084661842.jpg,13,13
423699401_2029552842.jpg,8,8
4257717126_737010842.jpg,0,0
565318583_3076200842.jpg,9,9
648852158_1997109842.jpg,5,5
702430959_1384434842.jpg,0,0
852646366_1893623842.jpg,10,10
1112220906_3917217843.jpg,10,10
1275597589_3039470843.jpg,9,0
1293470180_2328841843.jpg,4,2
1511323954_77906843.jpg,0,0
1540384080_856714843.jpg,1,1
1692931004_2382310843.jpg,4,2
1694676582_325778843.jpg,3,1
170505987_4082362843.jpg,6,9
1913532868_1160941843.jpg,5,5
2275228992_748854843.jpg,0,0
2391094565_812028843.jpg,10,10
2446930251_2370436843.jpg,8,8
2849632646_1060531843.jpg,3,1
2953843251_495613843.jpg,11,0
3126584200_2865692843.jpg,8,8
3141254321_401289843.jpg,1,1
3157322431_2859693843.jpg,2,4
3226185389_1763023843.jpg,7,5
3255356473_1470344843.jpg,10,10
342238805_419630843.jpg,8,12
3496559078_1393324843.jpg,0,11
3557825992_2761612843.jpg,13,13
3585050720_1547790843.jpg,11,11
362795976_610692843.jpg,10,10
3633218076_613689843.jpg,2,5
3681973417_774338843.jpg,5,5
370060948_3356640843.jpg,13,4
3774972979_3368075843.jpg,9,9
4106199062_1448427843.jpg,8,8
4131128945_4096452843.jpg,10,10
687957673_2021915843.jpg,13,13
744926640_801137843.jpg,8,12
793105679_3675185843.jpg,12,12
862777171_2434915843.jpg,3,11
92779875_1548850843.jpg,3,3
1175293161_1528936844.jpg,7,7
1186509320_3843680844.jpg,11,11
1267875921_4161095844.jpg,12,12
144994661_1488601844.jpg,0,0
1837852589_1241705844.jpg,9,9
1983363135_3742909844.jpg,1,1
1999962483_16269844.jpg,9,9
200010306_3459647844.jpg,12,12
2026024810_2972941844.jpg,0,0
2075798561_1216367844.jpg,13,13
2216872351_3333743844.jpg,8,8
2228148068_2242907844.jpg,12,11
2253439035_1469084844.jpg,10,2
252543960_2428884844.jpg,5,7
2689498454_1893783844.jpg,11,11
2708791874_1273703844.jpg,1,1
289132583_545699844.jpg,13,13
2997359371_1458140844.jpg,3,7
3072033219_1792791844.jpg,5,5
354851944_4076633844.jpg,10,10
36937205_3967240844.jpg,1,1
3893384592_121110844.jpg,11,5
4139615138_4128554844.jpg,5,5
4147979958_3649110844.jpg,11,12
4158669366_776947844.jpg,1,3
479503591_3592868844.jpg,12,13
1234177220_3274820845.jpg,9,9
1837038433_3414347845.jpg,9,9
1992340782_2271094845.jpg,11,11
2073658664_756000845.jpg,6,6
2241591332_4055395845.jpg,1,1
2502276944_1273522845.jpg,5,5
2537899113_3426320845.jpg,9,9
2626886712_4039996845.jpg,13,12
2791391373_2237483845.jpg,10,10
2803814193_1409650845.jpg,4,4
2949390363_1217827845.jpg,3,0
3149330719_620027845.jpg,4,2
3207462659_2808777845.jpg,9,9
4220601929_3928815845.jpg,11,1
4266179273_1720067845.jpg,0,0
762862757_2778780845.jpg,12,11
794104915_3682554845.jpg,1,11
828656729_3593750845.jpg,0,13
848045081_2936274845.jpg,5,5
88648319_1690237845.jpg,13,13
1321056102_1633213846.jpg,8,12
1473933283_162219846.jpg,5,7
1489949698_710551846.jpg,10,10
1571600760_3966344846.jpg,13,13
1657201084_4123919846.jpg,3,3
2082579998_1043439846.jpg,1,1
2307261905_1744177846.jpg,9,7
2389964290_1193427846.jpg,13,13
2417043951_2973779846.jpg,9,9
2530868296_735651846.jpg,2,2
2587581650_1913684846.jpg,3,11
2739185754_3269796846.jpg,0,11
3050860226_2478283846.jpg,0,0
3156411576_931447846.jpg,13,4
3179537413_374017846.jpg,5,5
3206100552_3048131846.jpg,8,6
3376571179_3635340846.jpg,10,10
3463204107_898423846.jpg,12,12
3511199242_1408995846.jpg,3,3
352687940_627130846.jpg,1,0
3836832499_3189586846.jpg,3,3
44238344_1282599846.jpg,3,1
549429869_761368846.jpg,10,10
773693606_977306846.jpg,11,11
785866602_1587683846.jpg,11,11
1581276243_914646847.jpg,9,9
1622479656_3662031847.jpg,13,0
1690772519_783500847.jpg,4,2
1895098656_975479847.jpg,12,12
1986607837_409470847.jpg,9,9
2464490590_128414847.jpg,8,6
2477461011_1966880847.jpg,12,11
2531710861_3096259847.jpg,1,2
2680308186_547683847.jpg,13,11
2688410644_3739740847.jpg,13,13
2744875371_1959653847.jpg,8,8
3121063388_839049847.jpg,13,13
3123145744_1794523847.jpg,12,7
3222837845_1408104847.jpg,12,11
359781792_2561647847.jpg,12,11
3638001432_3179676847.jpg,6,9
3675273128_682513847.jpg,2,2
3927110144_1910879847.jpg,9,9
4044171842_805822847.jpg,12,12
4151264875_4202787847.jpg,6,6
4186797537_2322511847.jpg,12,11
555572368_3864923847.jpg,0,0
62010949_2496492847.jpg,1,1
693150632_1130961847.jpg,13,13
1607563307_387696848.jpg,2,4
1694727697_793696848.jpg,6,11
1758571331_2551152848.jpg,10,10
1850429566_585181848.jpg,3,1
212964228_3794511848.jpg,1,1
2269359582_2195035848.jpg,11,11
2300113717_2766799848.jpg,3,3
2373211388_82374848.jpg,9,9
2397113268_944058848.jpg,9,9
2402628605_638737848.jpg,3,1
2611657122_1543089848.jpg,6,11
2719885769_1281601848.jpg,13,12
2803028371_1807028848.jpg,10,10
2928831792_2749974848.jpg,3,3
3182003745_765111848.jpg,9,9
356090106_3558274848.jpg,8,6
357501794_856322848.jpg,5,7
384820463_1597006848.jpg,6,8
4167453393_1843200848.jpg,12,12
4194222686_3024611848.jpg,11,11
4199519005_2373876848.jpg,5,7
442964162_2249426848.jpg,4,2
51799823_2933627848.jpg,12,11
56999554_2086324848.jpg,13,13
7514221_2099882848.jpg,10,10
822904653_2335690848.jpg,10,10
1146241890_3036806849.jpg,7,6
1253004830_2349196849.jpg,5,0
1511863726_404168849.jpg,10,10
1537116050_1868453849.jpg,6,6
2157839921_2328979849.jpg,2,2
2189175278_3935792849.jpg,5,5
2253781196_467857849.jpg,8,6
2337385047_347663849.jpg,5,5
2643992978_3636126849.jpg,10,10
2701950392_1627875849.jpg,9,9
2729350865_3989602849.jpg,13,7
2739989205_1090506849.jpg,5,5
283433463_3764407849.jpg,9,6
2877701414_777626849.jpg,3,3
2955335368_4110152849.jpg,6,6
296697979_2322741849.jpg,9,9
3007448628_2960167849.jpg,9,6
3019279825_703147849.jpg,12,12
3995677698_1896720849.jpg,8,6
457500083_3103852849.jpg,13,13
511408884_2372499849.jpg,3,1
595334262_2001217849.jpg,13,13
641083570_2055327849.jpg,8,8
879769582_4155476849.jpg,11,0
888329050_2275859849.jpg,8,6
938349376_761023849.jpg,1,1
963823833_2287792849.jpg,0,2
1569857609_1163730850.jpg,6,9
157049365_4256005850.jpg,2,2
1588586323_1072329850.jpg,3,1
1682797030_1171607850.jpg,0,2
1688800729_1508875850.jpg,11,11
1780202405_637789850.jpg,2,0
1926553358_1217315850.jpg,0,0
1970813211_284962850.jpg,12,7
2071195358_355446850.jpg,11,11
2184535236_3077671850.jpg,12,11
2433940736_1833852850.jpg,5,5
2571384823_3467491850.jpg,9,9
2710562750_4077267850.jpg,11,0
2725252200_1605561850.jpg,1,6
2951269152_2755277850.jpg,9,9
2973390534_926593850.jpg,11,11
318278292_1183877850.jpg,12,11
358947166_2178565850.jpg,4,0
3705941826_2157083850.jpg,1,1
3722821212_8426850.jpg,11,12
3746790073_2487534850.jpg,4,2
3898640222_3765340850.jpg,9,6
4057528864_2346187850.jpg,2,0
4083920937_3530361850.jpg,8,8
4136183715_4263411850.jpg,9,9
4139092672_2487704850.jpg,3,1
4195468888_149771850.jpg,0,0
4230194004_2243239850.jpg,3,3
436794937_2332209850.jpg,10,10
738583211_2617621850.jpg,12,13
1435403259_3798287851.jpg,9,9
15676048_2715623851.jpg,6,11
1630321372_3346663851.jpg,3,11
1722022143_2409353851.jpg,0,0
1920046982_152189851.jpg,10,10
215033141_3840217851.jpg,9,9
2444085868_1963508851.jpg,3,0
2696102347_1520614851.jpg,5,5
2940298288_2920590851.jpg,8,6
3025638248_308849851.jpg,3,3
3256622336_4275082851.jpg,9,6
3282035195_8169851.jpg,12,12
3292382338_667923851.jpg,10,10
3368859566_2522496851.jpg,2,4
3373109862_1239697851.jpg,13,13
3408216499_1629535851.jpg,10,10
3420230054_3535691851.jpg,3,3
3710695267_3663098851.jpg,8,8
3711242308_3167857851.jpg,0,5
3727877528_131123851.jpg,10,10
3810107139_1610685851.jpg,0,0
4110417187_1485868851.jpg,5,5
4218775497_3275410851.jpg,13,13
640107967_1221450851.jpg,1,1
730999957_3842723851.jpg,5,5
792539444_723598851.jpg,13,13
79615326_3662013851.jpg,3,11
858631602_609559851.jpg,3,1
889374191_1879181851.jpg,4,2
90777874_3554884851.jpg,3,3
922868979_569483851.jpg,10,10
1372433908_2370360852.jpg,1,1
141421813_4160148852.jpg,13,13
1598507639_4277236852.jpg,7,7
1613272932_1924479852.jpg,6,7
1693996705_1003248852.jpg,12,13
17187586_1953078852.jpg,5,5
1778121839_1187412852.jpg,1,1
1800899050_3710437852.jpg,9,9
1834278941_2799713852.jpg,1,1
2182247608_1434644852.jpg,0,0
248244453_2558541852.jpg,1,2
2562756653_513779852.jpg,10,10
2619907476_2734920852.jpg,11,11
2872455028_2507401852.jpg,1,3
2881318353_805782852.jpg,6,6
2882297015_2032059852.jpg,5,5
2901718375_3035527852.jpg,10,10
2940610956_3944893852.jpg,1,7
3493954582_3120629852.jpg,1,3
4086135433_2552320852.jpg,4,11
429727108_3813501852.jpg,11,3
719116847_2293270852.jpg,13,13
737479263_3233570852.jpg,11,11
783698708_2851041852.jpg,11,11
861340958_609931852.jpg,0,0
1149988820_1022651853.jpg,6,8
19728075_454687853.jpg,3,3
2023597886_3133798853.jpg,13,13
2227208794_1065066853.jpg,5,5
2267006069_448399853.jpg,9,9
2276561203_141233853.jpg,3,1
2340182078_4294853.jpg,1,1
2445712836_553556853.jpg,5,5
288390474_1631162853.jpg,2,4
3230307228_2706451853.jpg,6,6
3247091475_1050187853.jpg,8,8
329916811_3851385853.jpg,11,11
3448409078_2611079853.jpg,2,4
3826366730_2266029853.jpg,11,0
464693505_3695446853.jpg,13,13
53924557_3520442853.jpg,5,5
936161124_830516853.jpg,3,11
1132313077_2153228854.jpg,11,12
1289105455_1623840854.jpg,4,0
1853931041_74287854.jpg,0,0
2128608562_156362854.jpg,9,9
2177502138_40545854.jpg,2,12
2329738316_3605127854.jpg,1,1
2338960546_1180062854.jpg,12,11
250570119_1438726854.jpg,12,12
2734676071_1641290854.jpg,1,1
3190383474_3567666854.jpg,10,10
3301708457_1422414854.jpg,3,11
3415853042_4256671854.jpg,9,9
3671052131_3699233854.jpg,0,0
3859803472_3784879854.jpg,11,11
4104729146_2504247854.jpg,3,3
684043298_2048065854.jpg,1,1
1150768019_1834878855.jpg,3,0
1214638314_876992855.jpg,12,3
146199009_3040837855.jpg,11,6
1961151934_1381606855.jpg,8,7
1988683633_2483751855.jpg,4,13
2141596457_3636308855.jpg,8,6
2672987154_3118465855.jpg,4,2
2970017052_4257152855.jpg,8,8
297440209_3347334855.jpg,6,6
3042543008_2280889855.jpg,3,3
3094587616_1329157855.jpg,12,2
3118895209_3352166855.jpg,0,0
3489955757_3695676855.jpg,3,3
3541353166_580185855.jpg,11,11
3793199305_1246722855.jpg,1,7
4107398668_384872855.jpg,12,12
456329216_675980855.jpg,0,0
535099620_4268660855.jpg,2,11
819072133_167208855.jpg,13,0
829692609_3697138855.jpg,6,8
1142484279_3329727856.jpg,1,1
1251717212_1863067856.jpg,4,2
1412345459_677788856.jpg,7,7
1634472141_269449856.jpg,8,6
1669897740_1372492856.jpg,3,11
1769632562_2626856856.jpg,10,10
1790038939_1235059856.jpg,8,8
182559098_482115856.jpg,13,13
200956878_634232856.jpg,11,11
201139602_941444856.jpg,4,2
2052661096_3977327856.jpg,0,0
2118452811_981333856.jpg,7,6
2136730313_3507283856.jpg,12,12
2142199276_1955355856.jpg,5,12
2278636113_557171856.jpg,5,7
2300999909_3523405856.jpg,8,8
2472173871_3416421856.jpg,4,2
2694854465_646587856.jpg,13,13
2797065015_2369125856.jpg,9,7
2928162985_672092856.jpg,11,11
2944437843_87671856.jpg,11,11
3298456836_2463082856.jpg,5,0
3633014632_3509712856.jpg,1,11
4080526440_3376405856.jpg,3,0
575694318_3807822856.jpg,4,2
807410446_3790231856.jpg,5,5
814813359_3056962856.jpg,10,10
854745632_3377396856.jpg,9,2
1127529156_4109991857.jpg,8,8
117017489_216523857.jpg,12,12
1236765011_405996857.jpg,1,1
1410979944_2771397857.jpg,3,12
1650821764_2448983857.jpg,5,7
1687360727_213865857.jpg,9,9
179243780_2164886857.jpg,11,11
2008143518_3602565857.jpg,8,12
2465596274_2872822857.jpg,8,7
2641101295_3516461857.jpg,11,11
2781247514_2385294857.jpg,3,3
3112129025_2139245857.jpg,13,13
319247468_1072891857.jpg,8,8
3805312849_590466857.jpg,11,11
3816985095_2115510857.jpg,6,2
3829728858_1730411857.jpg,3,1
4261696917_2982635857.jpg,1,1
451094792_353530857.jpg,13,13
532918431_1432854857.jpg,3,3
618191896_496841857.jpg,9,9
814256532_1030941857.jpg,5,5
1095702998_921087858.jpg,10,10
1193207074_954558858.jpg,9,9
1346771165_2254637858.jpg,12,0
1464814916_2694899858.jpg,5,5
1878373400_1175031858.jpg,1,1
2176622450_1475058858.jpg,7,6
2200897051_889544858.jpg,8,12
228631740_3727783858.jpg,8,8
229696468_1318729858.jpg,9,6
2394280628_1433769858.jpg,0,0
2666804968_2458387858.jpg,8,8
2745954542_765972858.jpg,13,13
2777161633_1060513858.jpg,11,11
319753024_1790945858.jpg,8,8
3572003630_2183165858.jpg,9,9
3643468059_2200707858.jpg,8,8
4043416773_4149083858.jpg,3,3
4086918666_1284919858.jpg,8,8
4186113264_437928858.jpg,6,6
78855763_711927858.jpg,3,2
935555049_1201296858.jpg,5,5
1006056686_825748859.jpg,8,7
1079872402_3017057859.jpg,11,1
1399527546_1621314859.jpg,11,0
1417975025_642433859.jpg,1,3
1805645052_1713808859.jpg,11,11
1965448613_704369859.jpg,13,13
2014423279_2514571859.jpg,8,8
2111213176_4074823859.jpg,11,11
2157251021_257536859.jpg,4,13
2181133570_315533859.jpg,2,4
2270095837_1399455859.jpg,1,1
2277878200_2515346859.jpg,10,10
241039905_612390859.jpg,6,6
2463875807_913916859.jpg,8,5
2509086354_3678555859.jpg,0,0
2721120185_2347865859.jpg,13,12
3121441657_317016859.jpg,7,7
3239597318_4165356859.jpg,13,4
3271471417_819978859.jpg,8,6
3274075796_1257241859.jpg,12,12
3278491766_3072255859.jpg,13,13
3491175094_3114355859.jpg,1,13
3793696018_4207900859.jpg,6,6
3891304184_3425873859.jpg,8,8
3921234148_530325859.jpg,0,0
3989380803_273245859.jpg,5,7
399846490_3151947859.jpg,9,9
501109413_2160867859.jpg,5,7
1153187974_1470720860.jpg,6,6
1220031395_1248101860.jpg,0,0
1259032356_3295257860.jpg,11,0
1405076203_3386904860.jpg,0,0
147440222_803615860.jpg,11,11
165639131_4138946860.jpg,13,13
1710925163_58725860.jpg,10,10
1750171849_3265296860.jpg,6,6
1927482922_873525860.jpg,1,1
2076904140_4231218860.jpg,0,2
2235311468_2298266860.jpg,5,5
2288968440_3291927860.jpg,3,3
2504878142_489071860.jpg,2,10
2527055070_3279435860.jpg,10,10
2531376222_1377466860.jpg,0,0
2897499642_3635581860.jpg,3,0
3004471552_2964340860.jpg,12,12
3324582759_2541927860.jpg,5,5
3433447166_2384089860.jpg,7,1
3548929420_1036982860.jpg,4,2
3560181236_2091013860.jpg,11,11
363284316_528885860.jpg,9,9
3683568509_2527736860.jpg,13,13
3721074217_11121860.jpg,11,11
3767032571_1686856860.jpg,0,0
3969708447_566370860.jpg,9,9
4049861575_4284766860.jpg,3,11
4281806018_1944581860.jpg,4,2
799281778_3934574860.jpg,9,12
800605866_868286860.jpg,5,7
1202452805_228035861.jpg,10,10
1231622837_1483551861.jpg,3,3
1389701996_1877377861.jpg,9,9
1413362467_2026329861.jpg,3,3
1808979189_2410586861.jpg,1,1
1878730103_3369281861.jpg,5,5
1923175032_4177861861.jpg,4,2
1951114518_2981974861.jpg,12,0
2012647910_1817622861.jpg,12,12
2169522336_2441299861.jpg,1,1
2240536683_3089510861.jpg,10,10
2304829181_3697636861.jpg,9,9
249469481_2052305861.jpg,10,10
3052919512_1369785861.jpg,6,6
3169727855_2222947861.jpg,5,7
323355694_3639821861.jpg,9,9
3469303212_3025141861.jpg,12,11
3527727351_1454627861.jpg,5,5
3658578951_687498861.jpg,8,7
3765504252_3749316861.jpg,4,2
3821156205_4256509861.jpg,12,11
4269569643_4231417861.jpg,7,7
663104307_3414150861.jpg,11,6
681688618_2544250861.jpg,9,6
996574056_814802861.jpg,3,3
137306972_1360148862.jpg,11,11
1396389318_448909862.jpg,0,0
1627914838_3147604862.jpg,1,1
1829046659_2791823862.jpg,10,10
1837498178_1886998862.jpg,3,0
2054048932_1512515862.jpg,7,6
2068694731_3452297862.jpg,12,12
2106641077_3707798862.jpg,12,11
255315754_159011862.jpg,10,10
281634501_1608277862.jpg,0,11
3078535518_1819434862.jpg,0,12
3565380824_3904312862.jpg,8,8
3787174246_2295410862.jpg,0,1
40387521_3326697862.jpg,11,11
4066988796_2433445862.jpg,11,11
4071217279_1837115862.jpg,11,11
4250895815_3416243862.jpg,7,6
430279352_1461468862.jpg,5,7
639377555_282741862.jpg,0,0
681748805_426949862.jpg,7,6
858826121_2172993862.jpg,0,0
1081214995_655130863.jpg,12,12
1125924197_3037866863.jpg,8,8
1570256520_4232419863.jpg,13,13
1580256529_3931685863.jpg,0,0
1632199092_3043343863.jpg,5,13
1636729947_2296474863.jpg,8,7
1646239024_1423804863.jpg,10,10
1860360601_2133246863.jpg,4,4
219338567_2536716863.jpg,0,0
2256976085_2068819863.jpg,6,8
2292364914_3377141863.jpg,8,8
2301918010_1107372863.jpg,12,12
2324157461_943035863.jpg,9,9
2373565918_2691994863.jpg,10,10
2702014080_2538708863.jpg,8,8
2728788688_3928585863.jpg,3,3
3523239919_2210386863.jpg,11,11
3802007927_3613553863.jpg,13,0
3892976559_1875567863.jpg,1,0
4171958157_4000898863.jpg,3,3
48286847_3422933863.jpg,9,9
686789074_1016535863.jpg,3,1
743918595_2131805863.jpg,0,0
768320526_1839409863.jpg,6,6
1123525964_3434775864.jpg,9,11
1130914794_2334790864.jpg,5,7
1483045808_1440987864.jpg,13,13
1598957065_3690579864.jpg,5,7
1617033467_1584143864.jpg,1,1
16555228_1428237864.jpg,6,8
1671937785_203723864.jpg,5,2
167758561_3682197864.jpg,13,13
1728688328_791693864.jpg,10,10
1915573700_4252585864.jpg,9,9
1956805676_3460515864.jpg,5,5
1963496010_3619029864.jpg,13,13
212142077_4041180864.jpg,11,11
2360230827_1383831864.jpg,11,11
2431612750_1784573864.jpg,6,6
2467548501_2049467864.jpg,8,8
2884942959_1060903864.jpg,0,7
3425974127_3631590864.jpg,9,9
3514737387_519083864.jpg,10,10
3719612655_3051673864.jpg,13,13
3879576858_4155830864.jpg,8,8
4128155545_4024032864.jpg,6,6
4226970296_34972864.jpg,0,5
541623924_2196532864.jpg,9,7
908978664_50979864.jpg,0,3
1314110272_3706501865.jpg,8,8
140089735_3113877865.jpg,9,9
1548135506_2281766865.jpg,0,0
1937404685_4116572865.jpg,10,10
1944088819_3040497865.jpg,7,7
2033514244_3101937865.jpg,12,3
211815360_2990160865.jpg,3,3
2141491881_2445196865.jpg,13,13
2169295286_2137326865.jpg,6,6
2284954708_731796865.jpg,8,8
2647112877_2453992865.jpg,1,0
2963698203_876325865.jpg,9,9
2993702843_2590937865.jpg,2,4
3140082416_1843836865.jpg,0,13
3141720638_772390865.jpg,13,13
3432732336_2790770865.jpg,1,1
3467953672_2498473865.jpg,3,3
352589372_2883618865.jpg,11,11
358900604_2901364865.jpg,6,6
3654583882_4143386865.jpg,3,3
3729283867_2620680865.jpg,6,9
3927213691_4143552865.jpg,4,2
3970452042_2092832865.jpg,9,9
4018122574_2913286865.jpg,1,3
887206584_3175007865.jpg,2,4
1091254765_305209866.jpg,3,1
1213532500_2159427866.jpg,3,0
1321665267_4156444866.jpg,13,0
1376251323_3762443866.jpg,12,2
1425746670_370423866.jpg,3,3
1510681178_2597026866.jpg,13,0
1528628476_1782945866.jpg,0,0
1595501174_2629390866.jpg,7,6
1826885169_1307896866.jpg,6,6
1874970526_306540866.jpg,11,13
2235909357_2057770866.jpg,12,11
2760162583_3005822866.jpg,9,9
281340823_3789674866.jpg,8,0
2835823402_2171954866.jpg,13,12
3213732409_243202866.jpg,3,3
344646740_2706464866.jpg,12,12
358808176_117706866.jpg,4,2
363390790_852611866.jpg,2,4
3886171826_3367788866.jpg,1,3
4031074077_3264802866.jpg,11,11
4071631630_258611866.jpg,1,1
4100319142_1091568866.jpg,5,5
510960099_958134866.jpg,10,10
909352512_1227507866.jpg,3,3
1070770699_1266035867.jpg,0,0
1235268869_2416060867.jpg,8,12
1324480975_4162998867.jpg,8,12
1452151360_2044583867.jpg,9,6
1607435475_818347867.jpg,8,8
164504697_3722831867.jpg,12,0
1720347211_1828005867.jpg,1,1
1988334088_216480867.jpg,12,7
2110053283_673000867.jpg,13,13
2154681948_262834867.jpg,3,0
2239117252_1830686867.jpg,3,1
2268353919_3384446867.jpg,12,12
2429574143_1035388867.jpg,9,9
2456577145_2588414867.jpg,10,10
3102784657_3191938867.jpg,13,13
3103704144_3248489867.jpg,8,7
3350794422_370081867.jpg,8,8
3474573726_1339034867.jpg,5,5
3531544797_3042358867.jpg,3,3
3809443332_2339740867.jpg,1,1
399393826_1115587867.jpg,3,0
4058745102_2381698867.jpg,5,5
4142638530_1317493867.jpg,0,0
4191931108_2487908867.jpg,3,12
680354203_125646867.jpg,7,6
69553528_2663472867.jpg,9,9
912725938_3457107867.jpg,12,11
943126660_2352782867.jpg,9,9
100331758_2308536868.jpg,8,8
1117312979_2512780868.jpg,11,11
1288367051_3895528868.jpg,12,0
142963456_3825575868.jpg,1,1
1563445505_2233172868.jpg,3,12
1586336736_431526868.jpg,9,9
1587899709_124154868.jpg,1,1
160047010_414247868.jpg,2,2
1727502378_2327083868.jpg,3,0
2140972187_2748129868.jpg,3,0
2151791721_3129510868.jpg,10,10
2431731642_3338536868.jpg,0,0
2512995808_4001136868.jpg,13,13
2574098673_1773486868.jpg,6,6
2587133385_2404940868.jpg,9,9
3033446480_1756231868.jpg,3,0
3054166780_3784408868.jpg,3,2
3380669981_4013742868.jpg,1,1
3548278253_632937868.jpg,10,10
3709220010_652388868.jpg,8,6
3782774879_243640868.jpg,12,2
4050853271_3377599868.jpg,3,1
819587310_3517712868.jpg,5,5
1283144990_2642953869.jpg,11,1
1299914496_2370662869.jpg,13,13
1573353515_19389869.jpg,11,11
1612841334_1595982869.jpg,0,3
1680707256_4241932869.jpg,6,6
1823965314_167712869.jpg,0,0
2005564229_2860933869.jpg,0,0
2146822186_3477162869.jpg,3,0
2216134129_654339869.jpg,5,7
2341126188_107307869.jpg,6,6
2374352894_3942369869.jpg,13,13
2386228624_2764838869.jpg,10,10
2410845215_3472330869.jpg,1,1
2670843765_121328869.jpg,3,1
2888088860_331355869.jpg,9,9
3072579938_3348599869.jpg,11,11
3573914226_3460696869.jpg,1,1
3620322252_3115619869.jpg,7,7
396245079_357622869.jpg,10,10
4036398566_4164989869.jpg,3,3
4062488095_1161009869.jpg,3,0
4246176258_1970530869.jpg,1,1
506642971_2217290869.jpg,13,13
563730789_1448579869.jpg,5,7
649282479_1589092869.jpg,3,1
671386141_2287749869.jpg,9,9
746230879_864495869.jpg,4,2
78429987_33240869.jpg,9,9
834083641_524141869.jpg,0,11
954941302_3851899869.jpg,8,12
1031005609_1034213870.jpg,0,2
1114513310_764453870.jpg,11,11
1190037439_2506512870.jpg,12,11
1461357228_2578921870.jpg,3,3
1771705441_3757082870.jpg,8,5
186866508_187238870.jpg,2,2
197405456_3235739870.jpg,9,9
2595560361_4157932870.jpg,9,9
2665612918_1990269870.jpg,5,5
2964480794_1736419870.jpg,11,11
3401690156_3803230870.jpg,9,6
3404156249_620451870.jpg,10,10
3478283184_1264663870.jpg,3,1
3570856799_3216841870.jpg,12,12
3629924674_3632946870.jpg,10,10
3706066006_2392312870.jpg,3,3
3721582923_70981870.jpg,8,8
3760840837_1875200870.jpg,13,13
398355537_584688870.jpg,0,0
398388261_4292397870.jpg,1,1
649709945_697078870.jpg,11,11
697017418_220991870.jpg,3,11
764137353_3862419870.jpg,3,1
879689452_4083044870.jpg,12,7
941783206_2796744870.jpg,0,5
997782360_376075870.jpg,13,13
1039040002_535915871.jpg,11,11
1045639632_1079254871.jpg,13,13
1058143258_3572121871.jpg,4,0
1190373743_4110126871.jpg,11,1
1228553255_824377871.jpg,10,10
172694248_3890699871.jpg,9,9
1885860824_2008408871.jpg,5,7
1914876676_3545196871.jpg,12,12
2025489873_1062457871.jpg,8,5
2093978196_732270871.jpg,5,2
2129777002_2850757871.jpg,0,11
2368233585_3050685871.jpg,5,5
2518717229_3328855871.jpg,11,1
2784859461_2070509871.jpg,11,11
2882711215_1070727871.jpg,6,6
3009098951_3352901871.jpg,0,0
3200231600_4082837871.jpg,6,8
3219558867_4075336871.jpg,11,3
3458368125_2479347871.jpg,13,13
3725664505_3045433871.jpg,10,10
3773884434_4008704871.jpg,9,6
3902116574_1211748871.jpg,3,11
3944668335_131341871.jpg,2,0
429528632_437892871.jpg,12,12
521421164_1855051871.jpg,8,8
811726415_2957875871.jpg,13,13
1566637693_568475872.jpg,8,8
1897164158_3123702872.jpg,8,6
1991996709_4140335872.jpg,10,10
1996955903_3972997872.jpg,5,5
2102598664_2266169872.jpg,8,1
2202779036_87247872.jpg,5,7
2342660794_1752068872.jpg,2,4
2831247280_909307872.jpg,0,0
28494368_1458584872.jpg,11,11
2902602421_3819448872.jpg,8,8
3080793178_2729513872.jpg,7,8
3164861090_186863872.jpg,13,13
3247093589_2952241872.jpg,0,0
3297776411_4174228872.jpg,5,2
3327643678_2172314872.jpg,1,1
3387229703_2739637872.jpg,1,1
3413106102_670015872.jpg,10,10
34989363_4032220872.jpg,8,12
3612495391_2524950872.jpg,11,11
3689128777_3846513872.jpg,5,5
3710228239_822495872.jpg,13,11
3782018319_2068797872.jpg,12,12
3837756849_2375372872.jpg,8,8
4109479325_4015903872.jpg,1,11
4157570990_1601092872.jpg,13,13
4220483411_2947722872.jpg,2,0
482915674_3383135872.jpg,8,8
502153075_1425410872.jpg,9,12
541311449_1021750872.jpg,13,13
629041674_1755722872.jpg,8,8
737746665_3856937872.jpg,12,12
919637546_2936551872.jpg,11,1
943392520_1428721872.jpg,3,0
1026240393_52432873.jpg,1,3
1032187470_3792427873.jpg,8,8
1187836449_1615874873.jpg,3,11
1229796907_808231873.jpg,4,2
2034399861_2223847873.jpg,4,2
2069262517_2836856873.jpg,10,10
2271755592_7247873.jpg,1,1
2329758474_2864064873.jpg,3,0
2431365483_2126473873.jpg,8,6
2431459464_1932749873.jpg,3,1
2660416058_2385398873.jpg,5,5
2679028919_1600561873.jpg,12,11
2682519026_3845936873.jpg,12,12
2739687712_3882980873.jpg,11,11
2994579442_1322646873.jpg,8,7
3050494171_92138873.jpg,1,1
3682867352_2943907873.jpg,3,3
3693940750_2697028873.jpg,5,6
3715070316_3122874873.jpg,9,6
3920806730_3671276873.jpg,9,6
4125176532_3877993873.jpg,0,0
4151016053_2923060873.jpg,12,12
4179773984_3114215873.jpg,10,10
4205990787_773879873.jpg,13,12
719473887_2955009873.jpg,3,11
799126481_3459637873.jpg,3,3
1014865170_3340377874.jpg,5,7
1392052432_2097236874.jpg,11,11
1412877974_3979080874.jpg,12,12
1634134792_1058076874.jpg,0,0
1726372743_2976052874.jpg,8,7
1920185281_3818103874.jpg,3,3
1943377145_44375874.jpg,13,13
2243951700_2869792874.jpg,13,13
2310000855_4172202874.jpg,12,13
2327561594_2045695874.jpg,13,13
2342068679_3783563874.jpg,3,1
258441067_775245874.jpg,7,7
2652803740_2456697874.jpg,8,6
2716513005_582110874.jpg,10,10
2756671608_3912041874.jpg,13,4
2915099790_4188609874.jpg,12,12
2964914850_3601105874.jpg,6,7
3197943634_2139342874.jpg,12,13
336653032_1604457874.jpg,13,13
3498678532_3428247874.jpg,3,0
3565463288_1640842874.jpg,3,3
3753509564_3066409874.jpg,12,12
387122260_3758225874.jpg,0,0
4055767618_2695432874.jpg,10,10
4145522824_2353052874.jpg,0,5
517722564_91761874.jpg,7,6
624080861_2919708874.jpg,12,11
663077286_1313698874.jpg,6,6
794800558_577361874.jpg,3,1
893593689_462589874.jpg,5,5
125388099_2373182875.jpg,13,13
132448708_4115286875.jpg,11,3
1578522585_1433614875.jpg,12,12
1578564606_2561857875.jpg,9,9
1788161650_3751135875.jpg,5,7
1930338705_1536220875.jpg,11,0
2316848563_1364696875.jpg,3,3
2379841802_710537875.jpg,11,0
2535185949_472872875.jpg,0,0
2617182089_1006476875.jpg,0,1
2620789767_2546762875.jpg,5,5
2663566603_3423529875.jpg,12,12
2821768644_210953875.jpg,6,8
292866725_4024374875.jpg,9,7
2990909119_987710875.jpg,10,10
3012874_4007218875.jpg,10,10
3375825899_1758599875.jpg,12,12
3741044960_1368456875.jpg,13,13
3879399902_1023912875.jpg,13,13
3940286403_124662875.jpg,3,0
4024644840_587032875.jpg,8,8
4040590571_464623875.jpg,10,10
4173867513_780806875.jpg,11,3
449036803_3307906875.jpg,0,11
52417844_1694728875.jpg,2,2
745086519_2784521875.jpg,8,7
774322281_1372177875.jpg,1,1
935884801_3154737875.jpg,10,10
995134014_4281113875.jpg,13,13
108153920_1278209876.jpg,5,5
1223065866_726270876.jpg,12,12
1248969658_317424876.jpg,0,11
1263777527_2671355876.jpg,6,9
1536864357_2479612876.jpg,8,12
1541949171_405625876.jpg,1,1
1598756048_795898876.jpg,10,10
1857134266_2601356876.jpg,1,1
1911101422_2118068876.jpg,10,10
2098363456_3970418876.jpg,9,9
2207331832_2374513876.jpg,9,9
2223149626_4153271876.jpg,12,0
2284077563_2629028876.jpg,4,11
2297959728_1906632876.jpg,8,8
2384734355_3612942876.jpg,10,10
2420740622_2737762876.jpg,9,7
269910323_1810633876.jpg,12,12
2804679593_624089876.jpg,1,11
3036235361_3729129876.jpg,2,4
31485610_1231665876.jpg,13,13
3169512006_730317876.jpg,8,8
3379744360_2510741876.jpg,0,13
3509266696_286725876.jpg,7,6
3550015425_3392022876.jpg,11,11
3712626161_3384642876.jpg,13,13
4181144569_2980126876.jpg,8,8
4227746438_3102308876.jpg,1,1
441732375_774434876.jpg,10,10
608079225_1821496876.jpg,7,7
1184744378_4185590877.jpg,8,8
1478710262_886525877.jpg,0,1
1774819107_70002877.jpg,1,1
2022983846_2621873877.jpg,3,6
2423102335_3449816877.jpg,3,0
2518848423_2980638877.jpg,6,8
2645771861_1357108877.jpg,9,9
2698542845_3895250877.jpg,1,1
2985047502_1094094877.jpg,3,3
3089177554_1538958877.jpg,1,1
3226113915_3318158877.jpg,13,13
3309492501_773739877.jpg,6,5
3362540720_862779877.jpg,11,11
3816172066_2468809877.jpg,12,13
3987796056_927487877.jpg,10,10
412192319_1929796877.jpg,5,6
4180964766_332389877.jpg,10,10
431341352_2999028877.jpg,8,12
507344851_576233877.jpg,2,2
969580699_504694877.jpg,0,0
104469885_935382878.jpg,12,0
1284393405_3311293878.jpg,13,13
162909767_2763395878.jpg,12,12
1645616832_1608600878.jpg,0,0
1883533007_1291647878.jpg,10,10
2208472370_14631878.jpg,0,0
2488282755_2633157878.jpg,6,6
2585699973_237221878.jpg,4,2
2661622357_3932063878.jpg,9,6
2683021569_3862900878.jpg,12,11
271291151_670044878.jpg,8,6
3143590961_4113485878.jpg,13,12
3665857147_2065456878.jpg,10,10
3667529295_340353878.jpg,11,11
3808239297_2949665878.jpg,11,11
4136606125_2736694878.jpg,12,12
4151808740_2815580878.jpg,3,3
533319239_3602441878.jpg,1,1
549063509_1831509878.jpg,1,1
564103094_1802600878.jpg,4,0
630724485_372229878.jpg,10,10
809993383_1871473878.jpg,12,12
818069902_311028878.jpg,9,6
867346826_2632034878.jpg,3,0
936916451_4013879878.jpg,6,8
1003230647_2310411879.jpg,13,11
1257248052_2843426879.jpg,13,13
1294604201_1807977879.jpg,3,3
1400835436_798724879.jpg,11,11
146185748_2949573879.jpg,8,8
1579405125_2963139879.jpg,12,0
1621346342_2336333879.jpg,13,13
1693996789_1719026879.jpg,3,3
1749812349_499449879.jpg,8,8
2181261499_2955364879.jpg,9,11
2220281646_809353879.jpg,13,13
252347592_2700334879.jpg,9,6
2654549087_1415711879.jpg,3,3
2721972022_1462223879.jpg,1,7
2738494306_2002601879.jpg,11,0
2782933198_564436879.jpg,10,10
2787139837_1206167879.jpg,11,11
3070109360_576113879.jpg,4,0
3172244648_2006820879.jpg,9,9
327590515_2416543879.jpg,12,12
3482072805_527508879.jpg,10,10
3601280267_425923879.jpg,13,13
424492242_1913050879.jpg,12,3
832570994_1533615879.jpg,13,13
922075559_922659879.jpg,3,1
1072677929_75333880.jpg,4,2
1121083924_557046880.jpg,0,0
1450928161_1516030880.jpg,8,7
155002407_2926987880.jpg,11,6
1601723709_777164880.jpg,2,2
1647885718_710420880.jpg,13,11
1720163050_3832459880.jpg,10,10
1895010180_3284070880.jpg,9,9
1927961840_1125368880.jpg,4,2
1979935583_1797340880.jpg,7,6
2090342636_924434880.jpg,12,11
2243581405_249313880.jpg,4,0
254022135_1064178880.jpg,5,12
2693657664_2258412880.jpg,6,6
2760862750_1511680880.jpg,3,3
2919920586_3547386880.jpg,13,13
3019548799_3873042880.jpg,3,0
3211871193_713764880.jpg,3,0
3583842821_3001463880.jpg,3,11
4069842497_2349599880.jpg,8,6
4213771632_312842880.jpg,6,7
545065867_2705039880.jpg,3,1
622477452_2206812880.jpg,5,5
754904590_3588085880.jpg,1,1
970905926_243423880.jpg,3,3
1086440660_135000881.jpg,6,6
1236490950_106157881.jpg,2,0
1312794963_992353881.jpg,11,11
133684623_3110953881.jpg,3,0
13463032_2815354881.jpg,13,13
1933758708_208620881.jpg,3,1
2007118234_3367433881.jpg,11,11
2104933913_806734881.jpg,6,6
2314313369_4126786881.jpg,13,13
2398935634_3232329881.jpg,10,10
2446738912_870094881.jpg,9,11
2483826180_3629027881.jpg,3,11
2837050742_1127599881.jpg,5,7
2916877347_2740693881.jpg,9,6
3109360128_4149786881.jpg,1,1
361335088_2962770881.jpg,11,0
3624654705_2546226881.jpg,12,11
3901269821_1359849881.jpg,3,12
4125518784_3081770881.jpg,0,0
449546331_422561881.jpg,3,11
589298182_2626533881.jpg,8,8
747928855_3773183881.jpg,3,3
1039744847_834551882.jpg,11,11
1140237198_29738882.jpg,10,10
1316727337_15413882.jpg,12,13
139367165_3597656882.jpg,11,11
1423272536_14417882.jpg,7,7
1545773425_1389535882.jpg,10,10
1604074702_644405882.jpg,1,1
1633537387_1800743882.jpg,0,0
1996758794_1882446882.jpg,2,2
2522314258_2927473882.jpg,10,10
2635218311_1449100882.jpg,9,11
3214511187_2284082882.jpg,3,0
3251003222_230689882.jpg,11,11
3303970881_1802695882.jpg,13,13
3337765302_2444775882.jpg,6,13
3609511313_4140919882.jpg,11,11
3688331649_4040852882.jpg,5,7
3726356624_2626521882.jpg,13,13
3727250779_2532826882.jpg,0,0
3860336680_2475171882.jpg,13,13
3977455823_876712882.jpg,2,2
4000947469_1862556882.jpg,9,9
4224954773_2089762882.jpg,2,10
100424819_4114865883.jpg,13,13
1012182445_2910149883.jpg,0,0
1185550084_1628544883.jpg,1,1
1470174532_3535431883.jpg,5,5
1651946780_3736539883.jpg,10,10
1671698824_1594028883.jpg,9,6
172618827_4226820883.jpg,9,9
196301833_391067883.jpg,5,7
2002018795_1151318883.jpg,0,2
2101553092_936544883.jpg,12,12
2307806748_3695059883.jpg,10,10
2736086987_2582744883.jpg,8,8
2950651179_1461357883.jpg,0,0
3181520252_718891883.jpg,10,10
3185410074_31707883.jpg,3,3
3241564052_72797883.jpg,2,2
3492249609_3206341883.jpg,13,13
3576516413_1457783883.jpg,12,12
3662151870_204844883.jpg,11,11
3795630816_4184334883.jpg,9,9
3847573827_4021446883.jpg,11,11
3979515398_3133771883.jpg,6,6
3990348305_576767883.jpg,3,3
681930546_969670883.jpg,11,11
795808875_4045656883.jpg,10,10
862392510_86766883.jpg,11,11
999080714_3361162883.jpg,2,4
1273770022_2925516884.jpg,1,1
1494477907_419058884.jpg,2,0
1686969333_3672348884.jpg,10,10
1722720712_4082149884.jpg,3,0
1904956628_1616729884.jpg,10,10
1996322682_912960884.jpg,1,1
2334885388_2994291884.jpg,1,1
2371857804_3109496884.jpg,7,7
2955881582_3379156884.jpg,11,11
3003289742_4165639884.jpg,6,6
3083085837_574865884.jpg,13,13
337643347_1192066884.jpg,11,11
3394650260_3960911884.jpg,6,6
3467548034_1854236884.jpg,9,12
3511430546_4080695884.jpg,12,12
3516818755_3935280884.jpg,3,3
359097378_3391762884.jpg,4,2
380440157_2508881884.jpg,12,12
3946602552_3089538884.jpg,11,3
3974705576_3466073884.jpg,10,10
4111705206_1150386884.jpg,10,10
426031339_1357298884.jpg,10,10
596673267_242902884.jpg,8,8
829261124_782789884.jpg,5,1
934796607_2478965884.jpg,13,12
1021033404_3695392885.jpg,3,3
10936926_63121885.jpg,8,7
1257535867_2097459885.jpg,1,0
1500340423_3032471885.jpg,4,2
1698425029_1062594885.jpg,9,11
2687743081_951338885.jpg,3,0
2698951125_3265276885.jpg,5,5
27767964_3917179885.jpg,6,6
2778428643_3001699885.jpg,6,6
2837583045_430576885.jpg,1,1
2895465742_2098218885.jpg,6,6
3187842720_362571885.jpg,13,13
3261869216_1373395885.jpg,13,13
3609527102_783293885.jpg,13,13
3705311152_578717885.jpg,11,12
3865627512_2414233885.jpg,11,0
3906680813_1159176885.jpg,13,13
485099826_752182885.jpg,6,6
572285455_781322885.jpg,10,10
1012406991_2163961886.jpg,4,2
1327438489_3168373886.jpg,11,11
1338668677_1984930886.jpg,9,9
1815213606_2234189886.jpg,6,8
184583552_3713882886.jpg,6,5
2247024185_2633945886.jpg,10,10
2467074416_1687963886.jpg,10,10
2534185898_2036877886.jpg,9,9
2805752750_251701886.jpg,8,6
3202764288_1897881886.jpg,8,7
3383055841_3829328886.jpg,8,6
3435647837_4261563886.jpg,6,6
3907649369_1511885886.jpg,0,0
510050117_3209756886.jpg,5,5
583346493_79199886.jpg,6,8
879429960_1352744886.jpg,3,11
1067364966_1924100887.jpg,1,1
1086776395_1879419887.jpg,13,13
1182514972_3956163887.jpg,11,11
1223056392_565102887.jpg,3,3
1290361613_3246055887.jpg,1,1
1576599761_1003000887.jpg,5,5
1639212656_1365236887.jpg,13,13
1953527446_3361323887.jpg,13,13
2115799644_2088734887.jpg,8,8
2187669938_487051887.jpg,11,11
2435370546_2259957887.jpg,6,6
2586826257_1168790887.jpg,10,10
2925231470_1338779887.jpg,1,0
3032842383_2287125887.jpg,4,2
3172378235_183332887.jpg,8,6
3254578206_1794193887.jpg,8,8
3257570176_3273642887.jpg,5,5
3496891207_2015748887.jpg,5,5
387160039_3593975887.jpg,6,12
4061454012_1290546887.jpg,11,11
457966343_2630615887.jpg,13,13
566465261_771736887.jpg,13,13
592628421_2118439887.jpg,11,11
708947713_1347401887.jpg,5,5
920803994_2327126887.jpg,4,4
961764325_2511623887.jpg,5,7
996401977_2121512887.jpg,3,0
1201202565_2833584888.jpg,0,0
1600980642_4057074888.jpg,3,3
1762212880_3397132888.jpg,3,1
183299345_4284392888.jpg,8,8
1834899270_3524440888.jpg,11,2
207066159_1390938888.jpg,10,10
2078399918_2888678888.jpg,6,6
2157068464_3420912888.jpg,10,10
2238216953_515746888.jpg,8,5
2269624804_178975888.jpg,13,13
2276663659_333174888.jpg,4,2
2364061281_2066358888.jpg,8,8
2596719315_1840481888.jpg,9,9
2856746023_51051888.jpg,11,11
2954522304_1439534888.jpg,11,11
3526676113_731525888.jpg,13,1
3561298632_3992678888.jpg,6,9
3689461985_2216638888.jpg,2,2
3723099363_4219750888.jpg,1,1
3836449364_3828831888.jpg,8,7
4243297253_1129328888.jpg,5,5
468851518_544284888.jpg,8,6
608661868_4118472888.jpg,12,12
694475100_1807724888.jpg,5,5
763949976_243453888.jpg,3,1
865401381_1457605888.jpg,5,5
978019041_119895888.jpg,9,9
1040070453_3701390889.jpg,12,11
1373513532_2625945889.jpg,0,3
1681114050_1694511889.jpg,9,6
1704800347_770114889.jpg,9,9
1748494688_37724889.jpg,10,10
1816276868_1026458889.jpg,4,2
2212116664_3391720889.jpg,12,12
221785380_735245889.jpg,12,11
2256269069_1747238889.jpg,10,10
2256965550_1382594889.jpg,8,7
2377406156_2760263889.jpg,1,1
2527722294_3774715889.jpg,3,11
255355201_2655781889.jpg,4,2
256160911_1394185889.jpg,1,1
2814710252_3102347889.jpg,7,1
3459847939_3206250889.jpg,11,11
3673809629_3579442889.jpg,4,2
583848331_1670862889.jpg,4,2
787899155_369210889.jpg,6,8
845441658_1833440889.jpg,6,6
881475584_909919889.jpg,4,0
1229214525_14020890.jpg,11,11
1238074900_3998123890.jpg,6,6
1271671330_2860735890.jpg,5,5
1527905693_639296890.jpg,13,13
1555701850_2021367890.jpg,0,2
2071933795_1221353890.jpg,8,8
2090629081_4003459890.jpg,7,7
2287930862_2793248890.jpg,4,2
3045001336_884284890.jpg,13,13
3094277707_1972068890.jpg,8,12
3226417082_2737599890.jpg,11,11
3532753585_418572890.jpg,7,7
368398730_3102489890.jpg,3,3
3729879898_527135890.jpg,4,2
3808585334_151000890.jpg,8,8
3823162741_1551013890.jpg,5,7
4137232405_4258317890.jpg,6,11
4208584749_810860890.jpg,9,6
4285530279_634385890.jpg,1,1
820182183_3378055890.jpg,1,0
1037142367_2060266891.jpg,8,6
1367820452_1489849891.jpg,0,2
1368885674_3547735891.jpg,1,1
1549891376_3629989891.jpg,11,11
1631547536_1261687891.jpg,5,5
1777766977_1954422891.jpg,6,6
1812296918_1110979891.jpg,3,0
1912868432_2935505891.jpg,6,6
19552397_3442357891.jpg,12,12
1967700674_1927839891.jpg,0,0
2106693004_1616320891.jpg,8,8
2138063586_2079747891.jpg,13,13
2227829761_473202891.jpg,12,12
2311140639_341181891.jpg,8,6
2323596241_2999690891.jpg,4,11
2620631347_241791891.jpg,0,2
281867179_3204401891.jpg,10,10
2919301561_3446279891.jpg,6,6
3014815093_3013162891.jpg,5,5
3148698560_3110379891.jpg,9,9
3239824089_3126541891.jpg,8,8
3458281142_4139504891.jpg,8,8
3975538634_3248591891.jpg,9,9
4212681042_2340146891.jpg,5,5
4245305748_1714209891.jpg,4,2
772988844_2736429891.jpg,8,8
867726459_4212556891.jpg,10,10
919572748_369465891.jpg,11,11
1310890797_887022892.jpg,10,10
1369579397_4230246892.jpg,13,12
1411036494_129612892.jpg,10,10
148991671_247578892.jpg,5,5
2128720178_3244722892.jpg,5,5
2414293209_4053976892.jpg,8,8
2558545988_1117728892.jpg,9,9
2735898018_1681291892.jpg,6,6
2749756208_528791892.jpg,3,3
2798387923_1720211892.jpg,13,13
2836778075_4213738892.jpg,9,9
2836940479_3247792892.jpg,8,6
293931695_3986849892.jpg,3,1
3010889715_825311892.jpg,9,9
3037006517_1762520892.jpg,2,11
3277352801_2013011892.jpg,10,10
3396325657_4034604892.jpg,5,5
377589771_3594703892.jpg,3,3
3990964510_979099892.jpg,6,8
403201952_3885625892.jpg,1,1
4278398538_1830268892.jpg,5,7
491648005_1569385892.jpg,5,5
565705711_2657478892.jpg,8,7
57852436_1554137892.jpg,13,13
924138799_173626892.jpg,0,13
935832184_2977501892.jpg,9,1
979873794_3850208892.jpg,9,9
990436639_1722263892.jpg,10,10
1044093854_2891888893.jpg,11,11
1073229461_2055790893.jpg,13,13
1110657342_2848797893.jpg,12,12
146677134_3680082893.jpg,9,9
1528177930_3233170893.jpg,7,7
1534975962_2486122893.jpg,6,6
1573843405_3991267893.jpg,6,6
1579132365_3822718893.jpg,12,12
1693024998_3604350893.jpg,13,13
2243072576_3595180893.jpg,3,3
22739515_2905672893.jpg,11,11
2310929399_3600846893.jpg,10,10
2402474634_750845893.jpg,11,11
2410241735_3383977893.jpg,13,11
2418486136_2604901893.jpg,10,10
2537547279_104142893.jpg,10,10
2806008046_1140453893.jpg,10,10
2839958143_1111495893.jpg,12,0
2883087909_2619058893.jpg,12,11
2950716145_688282893.jpg,12,12
3012978768_4162705893.jpg,0,3
3082288405_1695964893.jpg,4,2
3093238065_3854214893.jpg,12,0
3170633407_2921959893.jpg,1,1
3211859071_4247351893.jpg,13,13
3259688208_4040896893.jpg,8,6
3379337347_3446226893.jpg,1,7
3606719660_122660893.jpg,1,7
38881653_1970411893.jpg,5,6
4043726973_751804893.jpg,8,7
4057781627_2019406893.jpg,0,0
4146451597_1423688893.jpg,6,6
4288663802_3270907893.jpg,5,5
439772833_3510231893.jpg,0,11
669270743_3018602893.jpg,10,2
791764267_3922920893.jpg,3,1
1005424055_862105894.jpg,8,12
1066986086_961869894.jpg,3,1
1350958365_3431006894.jpg,0,0
142688756_643125894.jpg,3,1
1442319285_2844543894.jpg,3,0
1714344477_3098731894.jpg,12,12
1745945602_2849601894.jpg,3,1
1799752978_4135713894.jpg,3,0
1933206823_1284378894.jpg,9,9
2031428915_2443258894.jpg,3,3
2076526624_486916894.jpg,8,8
2455238346_3095294894.jpg,10,10
2481479059_2926804894.jpg,5,5
2527728145_4268052894.jpg,1,1
2600220669_1769066894.jpg,3,0
2605358656_430907894.jpg,9,9
2752576946_3784896894.jpg,5,5
2985701988_2391241894.jpg,8,8
3271528934_2032169894.jpg,2,4
3649944132_2096798894.jpg,8,6
3660894365_86271894.jpg,3,3
3980897305_89415894.jpg,8,8
418795356_2811190894.jpg,8,8
4207884643_3970409894.jpg,5,7
4271844059_2593260894.jpg,12,12
633730907_2771949894.jpg,3,3
753922396_546739894.jpg,10,10
1168017410_796930895.jpg,5,5
1198436090_96296895.jpg,12,12
1497912932_419295895.jpg,12,12
1553850039_2803504895.jpg,11,11
1564969308_1037397895.jpg,1,11
1807558595_2035319895.jpg,8,8
1864630623_3107548895.jpg,11,12
2150634153_1946861895.jpg,3,1
2331558638_3160240895.jpg,6,6
2379976649_1811945895.jpg,6,6
2390519795_3933653895.jpg,4,2
2395111175_557363895.jpg,1,1
2981580375_4022159895.jpg,12,11
2991760491_1829907895.jpg,10,10
3361218131_78432895.jpg,3,1
3503632621_1750693895.jpg,8,8
3530507928_1187178895.jpg,8,6
3552318928_1299512895.jpg,12,13
3886978529_3570875895.jpg,9,9
4167315936_952196895.jpg,3,3
6928078_4176234895.jpg,8,7
770251772_1716586895.jpg,0,0
1273947703_2699475896.jpg,5,5
134086686_3379849896.jpg,10,10
1685110543_728474896.jpg,12,11
1718828427_3208813896.jpg,3,3
1936084671_3191985896.jpg,3,1
2122367961_3635183896.jpg,5,5
2317837116_261612896.jpg,4,2
2346608525_3442491896.jpg,13,13
2490936057_2051353896.jpg,9,9
2506364187_2618614896.jpg,10,10
2559611628_3761901896.jpg,2,2
2807440252_2257493896.jpg,10,10
2987579596_3056014896.jpg,12,11
3083292260_3550042896.jpg,10,10
3292822441_605820896.jpg,2,2
3485095250_2372297896.jpg,5,6
3733128482_113456896.jpg,6,7
4190889802_2266048896.jpg,6,8
546510578_1376613896.jpg,8,8
625093910_455648896.jpg,10,10
721694659_3148417896.jpg,1,1
814339888_2967997896.jpg,0,0
1037689318_989506897.jpg,3,1
1129209606_2032217897.jpg,7,7
12879924_3164884897.jpg,8,8
1345378666_669811897.jpg,0,0
1371684993_1939583897.jpg,12,12
1533080880_3377569897.jpg,5,5
160766569_864786897.jpg,1,6
1638855519_357302897.jpg,13,13
1783369603_13092897.jpg,3,3
1798929259_2959311897.jpg,6,6
1846372543_3308101897.jpg,4,2
2022396836_2047499897.jpg,0,2
2038150765_3126564897.jpg,5,5
2225287799_1197768897.jpg,13,13
2534538304_2660734897.jpg,2,2
2670202089_159247897.jpg,2,0
2813293706_1948835897.jpg,12,11
2934528056_3885790897.jpg,1,1
3023535792_2789064897.jpg,13,13
3097187650_3568096897.jpg,13,13
3115066069_3266903897.jpg,5,5
4072857897_2440747897.jpg,12,12
432874301_1431401897.jpg,13,13
651038999_3241378897.jpg,5,5
907079215_4196267897.jpg,0,0
928010297_2569833897.jpg,8,6
1202093476_2424403898.jpg,9,9
1357073503_1016794898.jpg,3,1
148452921_2035367898.jpg,4,2
1625179448_678623898.jpg,1,1
197862707_2141852898.jpg,11,11
1978756667_1899223898.jpg,13,13
201619269_3330415898.jpg,7,6
212232224_817249898.jpg,13,13
2164178743_572171898.jpg,10,2
2185466552_1081477898.jpg,11,2
2374366849_1500632898.jpg,1,1
2438044494_588649898.jpg,3,0
2476460979_1895711898.jpg,2,0
2703285176_2039648898.jpg,6,9
2712831637_163671898.jpg,10,10
3247685672_1713820898.jpg,3,3
3289197029_4133118898.jpg,4,2
344278555_123397898.jpg,11,11
3831969252_118786898.jpg,10,10
3850629556_2316548898.jpg,5,5
3932528524_4007689898.jpg,13,13
4219330732_522370898.jpg,3,11
597936374_1199026898.jpg,0,0
844338468_1276415898.jpg,6,6
949421697_1021459898.jpg,0,11
979031339_2529072898.jpg,13,13
1089411035_1424674899.jpg,12,11
1195256217_2383573899.jpg,11,11
1343582095_3847120899.jpg,0,3
1607473172_4198249899.jpg,3,1
1779547062_4065716899.jpg,3,3
1946194269_226920899.jpg,12,12
1952159437_896248899.jpg,1,1
1984514142_2023491899.jpg,1,1
2234005545_170278899.jpg,5,5
225941648_1450181899.jpg,12,12
2740098700_1750375899.jpg,10,10
2807686077_523935899.jpg,2,0
283112224_364929899.jpg,9,9
290031276_4033104899.jpg,4,10
3085854802_1631949899.jpg,7,6
3310135665_3434705899.jpg,10,10
3487569152_1457391899.jpg,7,7
3592911908_439715899.jpg,13,13
361249313_2367133899.jpg,4,4
372718479_4233639899.jpg,13,13
3729508732_2571438899.jpg,6,6
4238154393_643306899.jpg,9,9
890574641_1404038899.jpg,0,0
944931048_2863938899.jpg,8,6
1042709071_734345900.jpg,2,2
1429049794_1650876900.jpg,11,2
1475808337_1210357900.jpg,1,12
1593149547_3420111900.jpg,9,9
1693567094_1025200900.jpg,3,0
1800048275_2021402900.jpg,8,1
1829406325_363662900.jpg,3,0
1898310224_4190349900.jpg,5,7
2112880063_1497414900.jpg,13,13
2314449579_256489900.jpg,11,6
232276312_391240900.jpg,1,1
2534953671_1619112900.jpg,3,3
2854579450_1111134900.jpg,11,11
2865144446_526458900.jpg,13,13
3013153945_2098079900.jpg,5,6
3549799537_2303874900.jpg,3,1
3596567456_2868601900.jpg,13,13
3670027877_4182735900.jpg,3,1
3694649214_1963118900.jpg,4,4
3820118769_1152541900.jpg,8,8
4075100426_3444741900.jpg,0,11
4140591127_296933900.jpg,11,10
930252246_2181412900.jpg,8,7
943269669_4139522900.jpg,9,9
954239270_1217991900.jpg,8,7
997857238_479390900.jpg,3,0
1515077270_1321573901.jpg,8,8
1562198812_2316654901.jpg,11,11
1922037344_2319344901.jpg,2,2
2009209064_1453968901.jpg,11,2
2057848569_2034397901.jpg,3,11
2171019759_1993670901.jpg,3,3
25827255_2802621901.jpg,6,6
2647351616_1458046901.jpg,4,2
2657683283_2591361901.jpg,3,3
3152701281_1464198901.jpg,4,0
3236762684_901682901.jpg,13,13
3334736231_2176730901.jpg,9,7
3511624325_2790420901.jpg,6,6
3897950197_2401585901.jpg,0,3
4016215629_472817901.jpg,7,7
4088314534_2844206901.jpg,7,11
4156003851_4034627901.jpg,11,11
4290710562_1847691901.jpg,3,11
524064222_2066833901.jpg,12,12
624264196_4232755901.jpg,1,1
643505082_6738901.jpg,10,10
761568370_3418746901.jpg,1,1
76692474_1344654901.jpg,9,9
84321989_3074850901.jpg,1,1
98323504_2600892901.jpg,8,7
1077450982_1468158902.jpg,5,5
1267484636_3297134902.jpg,9,9
129220004_4287074902.jpg,6,10
1462057353_3405706902.jpg,13,0
1468150125_3687298902.jpg,5,5
1802081621_3094000902.jpg,10,10
1956227043_680349902.jpg,5,5
214578440_250506902.jpg,12,11
2157650729_3984863902.jpg,3,11
225151555_2437576902.jpg,10,10
2447180683_652460902.jpg,8,6
2944502314_3288515902.jpg,9,9
3114875660_1116781902.jpg,1,1
336946629_284183902.jpg,1,7
3377249092_664351902.jpg,10,10
3782086600_1089694902.jpg,7,7
3926368581_4095070902.jpg,2,4
752518340_1403529902.jpg,2,4
793118091_1964585902.jpg,11,11
100490029_3001744903.jpg,0,0
1117994991_3940989903.jpg,1,1
118572364_4197555903.jpg,1,1
1405901431_2538864903.jpg,13,13
1910154249_2147068903.jpg,3,1
1992270716_4239943903.jpg,4,2
2060382128_302572903.jpg,0,13
2074566918_3329359903.jpg,12,11
2187057763_3193137903.jpg,12,2
2208061097_3540673903.jpg,11,12
2388304432_447441903.jpg,13,12
2590123556_4247504903.jpg,8,8
2702444585_3597401903.jpg,8,8
2706432697_1955495903.jpg,1,7
2900142378_2938564903.jpg,10,10
2928585051_2023864903.jpg,3,3
3046211249_917974903.jpg,12,13
3110539792_1677657903.jpg,4,2
3239444009_797409903.jpg,11,11
3249575362_4196399903.jpg,3,1
3349991877_596046903.jpg,3,3
3424888717_225582903.jpg,12,11
3687570668_2837887903.jpg,10,10
3845416282_3859537903.jpg,9,9
4064614163_1670810903.jpg,1,1
4141279793_3802664903.jpg,3,3
550227236_3514785903.jpg,8,13
756487940_793559903.jpg,1,1
802312170_2620254903.jpg,3,3
890333696_3573306903.jpg,3,11
1095532126_3539583904.jpg,1,1
1179044987_194898904.jpg,1,1
1289435035_939065904.jpg,13,13
1303267860_2953842904.jpg,0,7
1307265226_1588322904.jpg,11,11
1421061631_2077161904.jpg,6,8
1533873684_521827904.jpg,2,3
1753231308_2314456904.jpg,6,8
1837408254_665847904.jpg,10,10
2209505305_1292347904.jpg,11,11
2352921034_324222904.jpg,12,2
2370857226_379006904.jpg,10,10
2462770058_578455904.jpg,0,0
2515080711_2222925904.jpg,11,11
2816963644_2856646904.jpg,10,10
285949696_2045773904.jpg,12,12
3368982577_3785557904.jpg,9,9
349535807_938560904.jpg,9,9
350861296_1016988904.jpg,13,13
3633370698_1795697904.jpg,10,10
37391008_1352907904.jpg,13,13
3769193422_4172179904.jpg,8,8
4207113444_1731452904.jpg,6,6
4238611456_4287689904.jpg,11,1
559511342_2134746904.jpg,0,0
613708456_540519904.jpg,1,1
679079483_1333828904.jpg,5,5
936820772_1310733904.jpg,6,8
989521282_3610641904.jpg,1,7
1055449279_2143421905.jpg,0,11
118869018_201218905.jpg,11,13
1253613650_1473939905.jpg,11,12
1259914033_1758979905.jpg,4,0
134605984_502487905.jpg,5,7
1478961189_1776760905.jpg,8,6
2143176898_3302844905.jpg,9,9
2151324865_2991510905.jpg,1,1
2240629020_1338616905.jpg,6,6
2276438405_3895077905.jpg,8,8
2452614177_49859905.jpg,13,13
2535945495_3615097905.jpg,13,13
2596220398_114924905.jpg,12,12
2608343627_129341905.jpg,4,2
2853531327_1615075905.jpg,3,3
3025065566_2676909905.jpg,10,10
3087001403_3431843905.jpg,13,13
3416488596_2844275905.jpg,9,9
3646877878_1146439905.jpg,6,6
3899600148_3777496905.jpg,9,9
3997968937_1359607905.jpg,12,11
405878596_3124853905.jpg,9,6
4195039513_1938455905.jpg,1,1
4246991972_2117217905.jpg,0,0
437301128_1239332905.jpg,1,1
673682975_3167077905.jpg,12,11
756289689_1200024905.jpg,4,2
959732435_3804360905.jpg,8,7
1247993979_2311931906.jpg,9,9
1370841332_3171038906.jpg,2,2
1621611382_1491171906.jpg,4,2
1624933324_167298906.jpg,1,1
1697680206_2641108906.jpg,5,1
1704359792_355309906.jpg,1,1
1827191874_4210652906.jpg,0,0
1944339157_746221906.jpg,8,6
2312107109_996633906.jpg,1,1
2508156827_1512959906.jpg,5,5
2547870571_1019950906.jpg,9,6
2973317103_2762927906.jpg,11,11
3014872923_1341900906.jpg,3,3
3354228376_1321631906.jpg,9,9
3427403800_1156753906.jpg,13,13
3497467327_3269023906.jpg,9,9
3537746425_1780955906.jpg,11,11
3764060409_2509641906.jpg,1,1
3812366830_1601847906.jpg,5,5
3869648592_2115929906.jpg,4,0
4046406042_3064164906.jpg,0,0
4053624811_1134599906.jpg,9,9
406056736_1366817906.jpg,3,11
4118719524_2413591906.jpg,2,0
4264642475_1996062906.jpg,9,6
595414362_866377906.jpg,12,13
623870059_2701896906.jpg,8,8
1073890676_361267907.jpg,3,3
1132446420_3643983907.jpg,5,5
1237247375_2771496907.jpg,0,0
163466304_2625303907.jpg,5,5
1746475571_1682273907.jpg,8,8
1875535607_1973649907.jpg,6,6
2084666003_2823566907.jpg,11,11
2175833730_2285780907.jpg,10,10
2348161384_2185006907.jpg,10,6
2405378024_1200590907.jpg,3,11
264653596_50486907.jpg,9,6
2745196789_3597007907.jpg,11,3
2984653584_190812907.jpg,9,9
3075723131_524026907.jpg,10,10
3097059829_890720907.jpg,13,12
3493334066_1256345907.jpg,0,0
3643577106_3510551907.jpg,5,5
3872093389_3227407907.jpg,8,6
3883498800_2799394907.jpg,9,9
4084744127_1119738907.jpg,7,7
4199315068_4115910907.jpg,13,13
659075188_1237098907.jpg,5,5
970900977_990284907.jpg,10,10
1062153025_152066908.jpg,10,10
1187391429_4070804908.jpg,3,5
125740831_2117956908.jpg,8,8
1341555527_1986483908.jpg,9,9
1363883355_3625089908.jpg,8,8
1437123363_2893580908.jpg,12,12
1472501617_3998820908.jpg,0,0
1570646237_955856908.jpg,6,6
1576751455_2034428908.jpg,6,6
1832871893_4236041908.jpg,8,6
1872111350_2486091908.jpg,10,10
1875979044_1001866908.jpg,13,13
1954642626_971564908.jpg,1,1
1975166443_4006751908.jpg,2,2
2221166977_2453739908.jpg,3,0
2392959915_2082768908.jpg,12,7
2482505007_3379134908.jpg,1,1
2506458428_3269509908.jpg,8,8
2652300847_659979908.jpg,2,2
2714986127_2490605908.jpg,10,10
3071075470_1864557908.jpg,7,7
3417797084_2906392908.jpg,5,5
4039348543_596952908.jpg,11,11
42832545_2974956908.jpg,10,10
675636056_2762374908.jpg,11,11
757862221_167065908.jpg,4,0
761941738_3483703908.jpg,5,7
958961493_811259908.jpg,0,0
963103773_349401908.jpg,1,1
973825361_1496647908.jpg,11,11
1307449476_916130909.jpg,10,10
1648382233_665028909.jpg,13,12
1655579940_1560133909.jpg,7,8
1665759722_1549845909.jpg,2,3
1745966387_1780852909.jpg,13,13
1818386537_430350909.jpg,12,11
1850327327_1005019909.jpg,8,8
1858152406_1435354909.jpg,3,0
2027418157_3216643909.jpg,9,9
2082651814_31726909.jpg,10,10
2139803277_3497784909.jpg,6,6
2636482245_283581909.jpg,8,8
2829861218_3467929909.jpg,11,11
2840555555_2579956909.jpg,11,11
2935599880_86365909.jpg,4,13
3030925815_1079449909.jpg,1,13
3072175458_3790792909.jpg,9,0
3258214468_827857909.jpg,0,11
3280765766_3738661909.jpg,3,1
3438929974_2504661909.jpg,9,9
3523528347_1252986909.jpg,4,2
3607854078_2747404909.jpg,10,10
3681359224_927875909.jpg,1,1
4002725088_181809909.jpg,3,3
4092038783_2824319909.jpg,4,2
4224992898_3630848909.jpg,0,0
628933956_3566230909.jpg,9,9
638563084_730640909.jpg,3,1
682251983_3503228909.jpg,3,3
817024222_1151716909.jpg,3,11
881842726_2503950909.jpg,1,1
997836711_49039909.jpg,0,0
1166908096_3260148910.jpg,1,1
1471138488_988431910.jpg,1,1
1907851522_2577644910.jpg,1,1
198398716_2841939910.jpg,10,10
2441251272_2638123910.jpg,1,1
2461008889_2119902910.jpg,8,13
2778771955_3526315910.jpg,4,0
3011780904_46883910.jpg,7,0
3146678472_516188910.jpg,2,2
3281067813_1054199910.jpg,8,8
330525184_1955725910.jpg,1,1
335431435_878077910.jpg,3,0
3812268085_3228102910.jpg,11,11
3858222969_2930824910.jpg,10,10
404988084_2348594910.jpg,3,1
4061771424_2432534910.jpg,11,11
457692676_2146159910.jpg,6,6
703604615_2346469910.jpg,3,11
891345118_125518910.jpg,10,10
95284166_3917381910.jpg,9,9
1017036430_539506911.jpg,5,5
1545746407_23233911.jpg,3,3
1617971567_3447246911.jpg,0,0
1736304834_158409911.jpg,9,6
1907759996_150092911.jpg,3,3
2100227505_2871797911.jpg,12,11
2333131510_2306747911.jpg,13,13
251057590_1957856911.jpg,12,12
2564751056_568293911.jpg,0,5
278296710_1587896911.jpg,11,11
2848191131_3662474911.jpg,3,11
2965093046_803635911.jpg,11,11
3233688791_1010804911.jpg,6,6
3346218441_2239038911.jpg,5,7
3469902776_2499523911.jpg,10,4
3497015441_2938287911.jpg,0,0
3879024646_640257911.jpg,10,10
3940693368_2857393911.jpg,9,6
4258135092_738262911.jpg,10,10
60043916_1843934911.jpg,0,0
609408581_1138103911.jpg,12,0
108989926_3519397912.jpg,6,7
1358659588_1844479912.jpg,10,10
1602251901_1515964912.jpg,3,3
1653371876_525820912.jpg,1,1
1822442948_1288482912.jpg,10,10
185841254_1934988912.jpg,6,7
2132294770_661576912.jpg,1,5
229578653_2472145912.jpg,6,8
2521205575_3183963912.jpg,1,1
2643478334_3118376912.jpg,8,8
2683078047_1655912912.jpg,5,5
2712213622_4235637912.jpg,8,8
2715601692_3398485912.jpg,6,8
286380661_1224380912.jpg,10,10
317487700_34629912.jpg,4,2
3395199054_1024955912.jpg,10,10
3599415566_1612538912.jpg,2,6
3870757936_417864912.jpg,8,12
4108542350_118744912.jpg,3,0
688793770_3153115912.jpg,0,0
849350565_1874111912.jpg,1,1
876488414_1827492912.jpg,4,0
1056171817_819241913.jpg,4,2
1069367107_352006913.jpg,7,1
1183497552_2912302913.jpg,12,12
1485099665_2224505913.jpg,5,5
1493140757_1473303913.jpg,8,6
1506061058_4192037913.jpg,2,2
1575526306_3558642913.jpg,12,0
1642983409_2210164913.jpg,10,10
1881183371_2941187913.jpg,12,12
1974752872_3022294913.jpg,13,13
2226044012_978767913.jpg,4,2
2283690471_3079360913.jpg,7,6
2457122804_3493637913.jpg,10,10
2498330821_1273244913.jpg,1,1
2517990861_1242070913.jpg,9,6
2526229871_3489328913.jpg,11,11
2715823231_3254534913.jpg,6,8
2754670702_2884899913.jpg,9,9
2878924748_2652432913.jpg,3,12
2907777042_1405245913.jpg,5,5
2940089550_12795913.jpg,10,10
3078236794_588578913.jpg,2,11
3105656674_1081556913.jpg,7,1
320147501_3574646913.jpg,13,13
3315627774_2089961913.jpg,12,12
3357559533_753402913.jpg,4,2
3605630203_1640205913.jpg,8,6
3891417989_3207732913.jpg,10,10
3973296135_2393527913.jpg,3,3
398242504_3177180913.jpg,13,13
400702996_2238584913.jpg,13,13
435721556_3629740913.jpg,8,10
522418078_4294141913.jpg,9,7
5228983_2067755913.jpg,11,11
538258560_2879231913.jpg,8,8
679658194_367891913.jpg,12,11
703073108_3877093913.jpg,10,10
872916057_591075913.jpg,9,9
955974417_3936540913.jpg,13,13
1012849273_3310635914.jpg,9,9
1182263578_1020180914.jpg,7,7
1369728600_1044589914.jpg,8,7
1401341179_491842914.jpg,8,8
1693861595_1337438914.jpg,7,7
1798047646_3753680914.jpg,12,12
189252983_534318914.jpg,8,6
1899612684_3009586914.jpg,3,3
2034345054_1146317914.jpg,13,13
2319321537_3123968914.jpg,4,2
2365085313_2544167914.jpg,11,11
2433137867_2655606914.jpg,13,13
2462582323_3136960914.jpg,6,6
2495156727_2227534914.jpg,4,2
2855986531_167600914.jpg,3,11
3022213843_1141006914.jpg,5,13
3174461253_1874164914.jpg,13,13
3185927068_3600043914.jpg,9,11
3217090827_802898914.jpg,3,1
3252846024_4005856914.jpg,13,13
3457894992_949768914.jpg,2,4
353224420_1373958914.jpg,3,11
3802627789_996569914.jpg,10,10
4081149481_2078930914.jpg,11,11
4228975479_87510914.jpg,6,6
58287467_3440059914.jpg,11,1
755350463_1870463914.jpg,2,4
757404882_3057720914.jpg,9,11
814132625_4023488914.jpg,6,9
82999632_3146472914.jpg,8,8
1413202800_727963915.jpg,10,2
1606976239_1073889915.jpg,9,9
163509757_2140616915.jpg,1,11
1643449267_685738915.jpg,1,1
1729853406_2264296915.jpg,3,3
1840542984_3560343915.jpg,11,11
2213463711_3021768915.jpg,12,11
2219371588_3619085915.jpg,11,11
2421492577_2628326915.jpg,3,3
3283511712_3991909915.jpg,8,6
3335463102_3615356915.jpg,6,6
3500545022_946940915.jpg,10,6
3605298265_1312750915.jpg,8,8
3639414903_697724915.jpg,8,8
3971423334_181454915.jpg,10,10
4133413889_718240915.jpg,10,10
4204316866_3937723915.jpg,9,9
4276548699_2621523915.jpg,3,11
469457490_1024917915.jpg,7,7
548533370_2372153915.jpg,7,7
1105478952_271399916.jpg,3,3
111772806_3725328916.jpg,0,0
1134838230_3187959916.jpg,6,8
1360829097_3190456916.jpg,11,11
1429809781_1914559916.jpg,9,9
1739269945_3503419916.jpg,2,0
1840423955_2787494916.jpg,11,9
2470278652_3018731916.jpg,1,0
2572133511_635152916.jpg,13,11
2651343727_1734806916.jpg,0,5
2683813724_2111835916.jpg,9,9
2874944816_230507916.jpg,5,7
2948730768_3606593916.jpg,11,11
3297497235_346272916.jpg,8,8
3437079729_3261206916.jpg,7,7
3857474244_2959222916.jpg,3,2
3965465475_2843644916.jpg,1,1
4207203674_3586166916.jpg,6,8
425030368_1073283916.jpg,0,0
503118343_3523984916.jpg,9,9
658834991_2056050916.jpg,10,10
736126722_3435949916.jpg,7,6
760346780_1343695916.jpg,4,2
775114322_1750681916.jpg,11,11
815285264_2153984916.jpg,2,2
871348810_863366916.jpg,10,11
1161058495_4258624917.jpg,13,13
120819265_485538917.jpg,4,2
1209572176_498114917.jpg,11,11
1243262453_3366640917.jpg,1,1
127684268_3910796917.jpg,12,13
1812405595_3834944917.jpg,0,2
1889378224_517794917.jpg,10,10
200472336_176307917.jpg,13,12
2034851044_2134684917.jpg,1,11
2119987335_28218917.jpg,7,8
2133393471_2324983917.jpg,3,3
224530046_1370515917.jpg,10,10
2884468153_6477917.jpg,10,10
2931722141_3995116917.jpg,3,0
3157006502_4117955917.jpg,5,5
3214304978_1686873917.jpg,11,11
3702718318_3403962917.jpg,8,6
3725387210_980573917.jpg,6,6
3867833342_324286917.jpg,10,10
3961237720_3697810917.jpg,2,2
406411682_4224748917.jpg,5,13
515114835_666005917.jpg,1,2
719249592_4035064917.jpg,8,8
784539008_17558917.jpg,8,8
1023031959_97289918.jpg,8,8
1088645454_998543918.jpg,2,4
1317200952_636221918.jpg,3,3
1322173426_4276144918.jpg,1,2
1403988090_4017030918.jpg,9,9
1424452783_257572918.jpg,13,13
1494715230_3047794918.jpg,2,0
1776418568_1785936918.jpg,6,8
1847768814_2006734918.jpg,1,1
1849621203_3519230918.jpg,9,9
2039534360_1418281918.jpg,13,13
212843762_1454622918.jpg,8,7
2284141123_4226562918.jpg,5,5
2369005898_3848144918.jpg,3,3
2720760879_171626918.jpg,8,4
2793399994_2450160918.jpg,10,10
3156886179_931766918.jpg,5,5
3283153517_4238954918.jpg,11,11
335714025_2223801918.jpg,4,0
361080113_3127012918.jpg,5,12
3850573278_4046037918.jpg,2,4
3967516710_2131441918.jpg,10,10
4230676777_904213918.jpg,10,10
4292839733_4154658918.jpg,9,9
588538761_2242466918.jpg,6,8
623254077_2643061918.jpg,3,0
639903623_425249918.jpg,10,10
879712738_2246787918.jpg,2,2
1191590883_635163919.jpg,13,3
1365509304_1072127919.jpg,2,4
1497256001_1505774919.jpg,11,11
153344319_3694929919.jpg,7,1
1768815199_2098269919.jpg,9,9
1798020349_1274115919.jpg,0,0
1854547536_2894789919.jpg,3,3
1955071476_2271099919.jpg,5,5
2124822560_4011696919.jpg,12,11
2175706190_3189425919.jpg,1,11
2331869261_1606470919.jpg,5,5
246268394_3181815919.jpg,2,4
2539243780_6041919.jpg,12,11
2710083203_702462919.jpg,12,12
2737029551_380287919.jpg,13,13
2752401775_2445522919.jpg,13,12
3004016193_3951941919.jpg,5,5
3146780839_926739919.jpg,4,2
3503907146_3897241919.jpg,11,11
359597665_1435144919.jpg,6,6
3606095440_904250919.jpg,13,13
3651363522_3519481919.jpg,8,6
3913228458_4102963919.jpg,6,6
3995113821_1744727919.jpg,3,1
414458388_2351821919.jpg,6,6
642086140_2154928919.jpg,9,9
661537341_1562841919.jpg,3,3
748436606_1767675919.jpg,10,10
1631129543_3920768920.jpg,1,1
1738465703_3998762920.jpg,13,13
1916081093_3055025920.jpg,9,6
1949050273_4154822920.jpg,4,2
2299902355_803092920.jpg,11,11
2723462966_93437920.jpg,7,7
2771497271_1223712920.jpg,13,13
2848790422_2882735920.jpg,11,11
28561070_2664372920.jpg,0,0
3136808831_1608882920.jpg,13,12
3334946848_3751858920.jpg,13,13
612685492_814992920.jpg,13,13
823770102_218693920.jpg,8,8
856375429_1314734920.jpg,3,0
864565365_821390920.jpg,4,2
867419561_2038553920.jpg,11,11
923042627_1270534920.jpg,13,13
1304596447_1816399921.jpg,4,2
1590556082_2306436921.jpg,7,1
1904854309_1741489921.jpg,13,13
2341672825_2976136921.jpg,11,12
2476278709_654379921.jpg,3,1
2981288395_1593427921.jpg,3,1
3160998583_1762270921.jpg,6,8
3332111134_4141991921.jpg,3,3
3828693073_3879753921.jpg,4,4
3935604876_3676361921.jpg,11,6
4006827364_2286127921.jpg,5,5
43020291_2395366921.jpg,8,12
501331501_1415007921.jpg,8,6
532501945_1367778921.jpg,4,0
66208345_4186684921.jpg,0,0
741197499_670949921.jpg,9,9
869478524_1814599921.jpg,10,10
1204286859_3345157922.jpg,3,3
12212820_2490098922.jpg,9,2
1239943349_162663922.jpg,9,9
1240649627_3265756922.jpg,13,13
1246469095_3787681922.jpg,0,0
1422577444_2285026922.jpg,12,12
1485423071_2992182922.jpg,8,8
1694070182_3062299922.jpg,4,2
1781289021_1480271922.jpg,13,0
2026896715_644988922.jpg,3,11
2039570090_3919898922.jpg,6,6
2198549741_210025922.jpg,11,11
2400942721_3298153922.jpg,8,12
2942119995_4230209922.jpg,0,11
3041614811_2662742922.jpg,13,11
3244453711_1665255922.jpg,4,0
365640295_546543922.jpg,6,6
393270835_2631512922.jpg,5,5
4032642760_1122489922.jpg,9,9
468409294_280336922.jpg,11,11
800358748_540164922.jpg,10,10
1605837320_707077923.jpg,8,8
1676542453_1140663923.jpg,2,2
1899178237_1659777923.jpg,11,11
1975456530_3676801923.jpg,10,1
2127743228_180620923.jpg,11,11
2251166079_3309294923.jpg,4,2
2293450687_4209179923.jpg,1,1
2304697538_2923353923.jpg,9,9
236046966_68155923.jpg,11,11
2426509488_955164923.jpg,11,11
2428310972_2639696923.jpg,12,13
2561430200_3968256923.jpg,12,0
2605824552_1312618923.jpg,5,5
277499048_2439946923.jpg,9,9
287799537_1488367923.jpg,0,0
2977471959_1153454923.jpg,5,7
3144452030_845463923.jpg,6,6
3308479890_3405381923.jpg,3,2
3393508104_827223923.jpg,3,1
3791394312_2420722923.jpg,9,9
384519134_1221891923.jpg,9,6
4093167350_4210669923.jpg,9,9
4248925645_1100123923.jpg,3,11
463413114_2250168923.jpg,11,11
659400866_3431699923.jpg,10,6
743460803_4065053923.jpg,9,6
813842306_2865416923.jpg,6,6
914396291_3779289923.jpg,5,6
96516338_3221243923.jpg,0,0
1404447487_1916577924.jpg,6,8
1464808415_1777592924.jpg,0,5
1480623688_2973693924.jpg,1,7
1545231430_683075924.jpg,9,6
2072974312_2132125924.jpg,8,8
2311099866_2155562924.jpg,1,1
2469821596_745465924.jpg,3,1
2557019378_3565802924.jpg,5,7
2690956759_4004156924.jpg,8,8
2695144785_4227738924.jpg,1,1
2733187252_1933521924.jpg,8,6
2819025098_371077924.jpg,10,2
3061912531_422560924.jpg,7,10
3143656194_2046480924.jpg,11,11
3412320865_3025076924.jpg,3,3
3456128986_2067817924.jpg,3,3
3730514711_2195821924.jpg,11,5
3760952398_1425899924.jpg,13,13
412533192_1080784924.jpg,9,9
4152867236_2969097924.jpg,5,5
4172179697_3126954924.jpg,13,13
445860472_2976854924.jpg,13,13
486725990_1122320924.jpg,0,0
523334980_2014762924.jpg,3,3
547757609_3409752924.jpg,10,10
6786345_2747101924.jpg,3,1
81026845_3866013924.jpg,4,13
816562715_3631579924.jpg,6,5
829836892_1429388924.jpg,0,0
834096372_2152085924.jpg,0,0
1069689546_700882925.jpg,11,11
1095995703_2701990925.jpg,8,7
1356611566_2401021925.jpg,3,12
140979204_2675486925.jpg,5,5
1513847666_3723169925.jpg,12,12
196687926_3945443925.jpg,4,1
2063108080_908578925.jpg,3,11
219743960_3477375925.jpg,7,6
220696142_3002792925.jpg,13,13
2571891595_3380607925.jpg,7,1
2787409779_2462854925.jpg,12,12
2987212411_2431998925.jpg,0,0
3097429159_1831713925.jpg,12,11
310771024_204719925.jpg,13,13
3269899171_3056017925.jpg,6,8
3297835491_776484925.jpg,2,2
3424617802_2096444925.jpg,4,2
363691922_1000892925.jpg,13,13
3780197599_180762925.jpg,1,11
3811825114_3276810925.jpg,0,0
4030651798_972575925.jpg,2,11
409827297_292354925.jpg,0,0
4232102391_2635953925.jpg,9,9
786257705_3984840925.jpg,0,3
1299311017_130953926.jpg,4,13
1437272725_2523384926.jpg,3,3
1443702053_3568501926.jpg,1,1
1489901444_655369926.jpg,3,3
1498395466_1530200926.jpg,9,1
1524667487_3608222926.jpg,3,3
1527021548_1749515926.jpg,0,0
157484386_2834457926.jpg,5,7
1594970001_2094456926.jpg,4,2
1700491186_3071108926.jpg,10,10
1868590351_3162921926.jpg,4,0
1882033645_3056893926.jpg,8,7
1968446401_1008077926.jpg,1,1
2012073429_757860926.jpg,3,3
2018320111_4087277926.jpg,6,6
2287006148_2157662926.jpg,9,9
3065060572_2139562926.jpg,1,1
3079813456_1170999926.jpg,11,1
3136499764_189227926.jpg,5,7
3396115637_1832766926.jpg,1,0
392894409_710568926.jpg,11,0
4240668346_1534907926.jpg,4,4
462324866_1564910926.jpg,5,8
512701839_2897411926.jpg,3,3
546541832_250785926.jpg,1,1
615178443_3855517926.jpg,3,1
717977454_285060926.jpg,3,11
903783764_531337926.jpg,9,9
972946655_2015374926.jpg,8,2
1122580969_16617927.jpg,8,8
1229638406_4223457927.jpg,4,2
1321302478_327405927.jpg,11,11
1525367143_1100233927.jpg,8,7
1535093851_3457594927.jpg,1,1
1706388305_1524651927.jpg,1,1
1712674586_3055676927.jpg,12,11
1839305856_3970947927.jpg,10,10
1882377408_329207927.jpg,8,8
2048467069_3927553927.jpg,13,13
2062324193_1895601927.jpg,6,6
2161368656_3688823927.jpg,1,1
2690016609_3611290927.jpg,9,9
299590739_1179017927.jpg,6,8
346932001_743442927.jpg,3,11
354045724_220807927.jpg,12,12
3756583420_2333613927.jpg,9,9
384174538_3088036927.jpg,1,1
3881904211_1966123927.jpg,9,6
3926103724_286797927.jpg,6,8
3995140378_478833927.jpg,10,10
4133204257_3104357927.jpg,12,12
4140458762_3416387927.jpg,11,11
568856566_1977983927.jpg,4,2
634056243_2966145927.jpg,1,7
816105289_2007211927.jpg,3,1
1168470786_2542833928.jpg,13,13
1173152223_2753220928.jpg,2,4
1447908442_907464928.jpg,3,3
1524433901_1142910928.jpg,9,9
1535544179_860951928.jpg,12,0
1793955697_701964928.jpg,13,12
239300918_907744928.jpg,9,6
2723561_2226456928.jpg,11,3
3073382337_1783834928.jpg,6,7
3109039288_3768559928.jpg,8,8
320718559_1900181928.jpg,7,7
3395239758_3020605928.jpg,8,8
3483106166_2951365928.jpg,0,0
3494330899_502339928.jpg,6,2
3546094238_693823928.jpg,0,0
3595890588_2400892928.jpg,10,10
3874780086_390051928.jpg,3,3
582502243_804248928.jpg,10,10
58802753_4168221928.jpg,2,11
703864359_3071723928.jpg,0,0
142773001_1270299929.jpg,12,0
1551176293_507044929.jpg,2,4
1891533592_3205820929.jpg,0,1
1909045624_358230929.jpg,10,10
2039454731_2193106929.jpg,3,3
2086124207_748070929.jpg,1,1
2134657206_627304929.jpg,12,11
2396018300_1795654929.jpg,12,12
2401113661_1736138929.jpg,0,1
2568060717_1653814929.jpg,8,8
258115254_1191397929.jpg,8,8
3172321379_3366910929.jpg,9,9
3227615498_2069141929.jpg,13,13
3413590720_1555113929.jpg,9,9
3673804775_1957911929.jpg,13,13
3761795785_1160405929.jpg,13,13
4179925547_4127139929.jpg,9,7
4216927641_3745721929.jpg,1,1
4267601259_3070710929.jpg,7,7
686005906_1548289929.jpg,8,0
741228354_2753892929.jpg,9,9
852243581_2097215929.jpg,8,12
96385069_2066968929.jpg,9,9
1188738523_2332310930.jpg,13,13
1321000428_3171283930.jpg,3,1
1641368700_3793910930.jpg,13,12
1816145943_1840750930.jpg,11,11
1936365983_278702930.jpg,13,13
2028250984_3449513930.jpg,10,10
217972310_3579397930.jpg,5,5
250166972_1909395930.jpg,2,4
2542502110_3750307930.jpg,3,3
2565626510_3848805930.jpg,11,11
265230265_743951930.jpg,6,6
2888440347_2774231930.jpg,1,1
2978112905_600501930.jpg,8,8
3020585408_1812594930.jpg,10,10
3218898236_251336930.jpg,7,6
334228863_2752023930.jpg,3,11
3491223451_2642922930.jpg,2,2
3569468713_3636861930.jpg,3,3
358515177_1250906930.jpg,9,9
3710989855_4106001930.jpg,1,1
373907133_384694930.jpg,1,1
3810092729_2622378930.jpg,11,11
4213634864_3981811930.jpg,9,9
696382339_1513403930.jpg,9,9
1263084243_3275105931.jpg,13,13
1666781536_3721828931.jpg,6,11
1905943656_1076562931.jpg,10,10
1928834595_3522711931.jpg,0,0
1935909350_367017931.jpg,8,7
1987690786_937095931.jpg,0,1
2066741843_3051435931.jpg,11,11
2598339226_638196931.jpg,3,3
2967974995_3664327931.jpg,8,8
3307830061_147072931.jpg,10,10
3890919258_2380287931.jpg,9,9
4036891883_916708931.jpg,9,6
4043185579_3248762931.jpg,13,13
4203067015_914106931.jpg,3,3
476093278_3975482931.jpg,12,11
524342761_1514536931.jpg,0,0
593539175_2847610931.jpg,8,8
595537957_3717742931.jpg,13,13
788678623_2145679931.jpg,10,10
828814224_3396837931.jpg,11,0
878550625_3203946931.jpg,10,10
976641314_3818194931.jpg,13,13
105538382_3097031932.jpg,3,3
1111633608_53379932.jpg,5,5
12602717_959679932.jpg,9,9
1492609624_1070812932.jpg,11,11
1533624947_1297975932.jpg,12,11
1593408260_50117932.jpg,5,5
1630733224_1954423932.jpg,12,2
1685592005_3523635932.jpg,13,13
1757444096_756025932.jpg,1,1
1816409884_3108466932.jpg,10,10
215815510_563143932.jpg,13,13
2267966075_3344477932.jpg,10,10
2440635444_1482887932.jpg,8,8
2470650374_2806577932.jpg,6,6
2525402107_1086170932.jpg,12,12
2979317610_1548477932.jpg,7,7
2983275601_4030268932.jpg,3,0
3092103003_234664932.jpg,9,9
3364191592_3043813932.jpg,5,5
3731571319_3071764932.jpg,1,1
3873811944_2846355932.jpg,4,4
3942083909_3709206932.jpg,10,10
4075306143_2240747932.jpg,4,2
4106861201_162777932.jpg,12,12
4205567588_1023380932.jpg,0,0
439987839_97273932.jpg,0,0
564665776_1115299932.jpg,11,11
750930956_3256809932.jpg,0,0
791868640_3245397932.jpg,12,12
847937846_3881252932.jpg,13,12
880769861_189264932.jpg,13,13
930936113_3043802932.jpg,7,7
1037553493_3854580933.jpg,11,11
119271844_3106348933.jpg,9,7
145449017_16270933.jpg,13,13
1457881762_3453505933.jpg,6,12
2001513992_983986933.jpg,6,8
2151566352_1452477933.jpg,12,11
255936116_4100920933.jpg,8,8
2587582641_904374933.jpg,12,12
2618170772_1364800933.jpg,8,8
2720218440_264520933.jpg,8,12
2831905156_4039495933.jpg,4,0
2985621187_1187544933.jpg,3,11
305334109_2963294933.jpg,5,5
3095998153_42639933.jpg,3,0
3171192461_2047876933.jpg,1,1
3249497960_55320933.jpg,3,0
3438000316_3859134933.jpg,8,8
3482259060_1830650933.jpg,12,11
4218719664_1535971933.jpg,8,8
737863555_3752245933.jpg,6,1
983430101_162639933.jpg,4,2
1054698948_1065501934.jpg,2,4
1110481544_3594304934.jpg,5,5
1455159530_1162886934.jpg,0,0
1704829014_2867469934.jpg,13,13
1806844344_1058589934.jpg,6,7
2044248778_90193934.jpg,0,0
206958451_1291760934.jpg,8,6
2258300243_1646762934.jpg,5,5
2422421877_1323255934.jpg,5,5
2426909585_1503401934.jpg,3,3
2473570714_3142391934.jpg,3,1
267268933_2830257934.jpg,1,7
2712210659_221966934.jpg,2,4
3189882413_2981606934.jpg,3,0
3335442715_3393142934.jpg,8,6
3362497785_296713934.jpg,11,11
3389208413_3149679934.jpg,0,0
3505198005_4122553934.jpg,13,13
3784350228_988927934.jpg,9,9
3806336756_3020264934.jpg,1,1
3945473733_468820934.jpg,2,2
4248924775_158149934.jpg,12,12
790765791_766772934.jpg,9,9
929339126_4028677934.jpg,3,11
952966357_1180920934.jpg,3,1
1787694754_2302163935.jpg,4,0
182236264_3186517935.jpg,8,8
1851378917_3153037935.jpg,5,6
1959330389_3399234935.jpg,9,9
2001560577_208219935.jpg,11,6
225237767_954121935.jpg,12,2
2814100030_200558935.jpg,4,12
2950728081_279684935.jpg,6,6
3008102146_2408440935.jpg,4,4
3316938869_2521543935.jpg,9,9
3595118480_4064738935.jpg,13,13
373401151_3646793935.jpg,1,1
39090964_529304935.jpg,8,12
4059146323_3467416935.jpg,3,3
4144143132_1212362935.jpg,7,12
571253160_1662434935.jpg,6,6
1247373490_1327558936.jpg,10,10
126894181_2518646936.jpg,7,6
1291478384_2486718936.jpg,0,12
1477706450_3722973936.jpg,3,11
177940784_750173936.jpg,13,13
2182416766_3006941936.jpg,1,1
2254863153_1398771936.jpg,0,0
2398195069_323018936.jpg,10,10
2851922513_3552203936.jpg,1,11
2899260431_4258196936.jpg,0,0
2992110590_2010287936.jpg,0,11
3183336418_929153936.jpg,11,11
3255709627_1008952936.jpg,8,8
3283707249_3333196936.jpg,6,6
3310042339_261389936.jpg,5,5
3464238189_1929278936.jpg,4,2
3487973359_3621864936.jpg,13,13
3492638936_622372936.jpg,3,3
3504125116_751091936.jpg,3,3
3878918625_4194663936.jpg,0,0
3946567831_379886936.jpg,4,5
4122885633_1453666936.jpg,6,6
4135117471_2682469936.jpg,2,4
438800477_373309936.jpg,9,9
490752409_4109847936.jpg,7,7
579384128_2102344936.jpg,11,5
604283736_3269805936.jpg,13,13
624322059_1789206936.jpg,6,6
943976709_4061550936.jpg,6,6
1242850123_3693049937.jpg,4,2
1291289170_1904374937.jpg,11,0
1605786504_381035937.jpg,1,1
1716961111_266869937.jpg,11,11
1782441307_1283098937.jpg,6,6
2015976133_1731239937.jpg,13,13
222245239_860551937.jpg,3,0
2308420886_625941937.jpg,6,6
2573884065_2817481937.jpg,13,13
2594612272_1830931937.jpg,2,4
2783472862_3378838937.jpg,1,0
2987209710_830437937.jpg,13,1
3154312294_3313613937.jpg,6,7
3420810405_3006404937.jpg,4,2
3421767891_4252706937.jpg,13,13
343477794_2041568937.jpg,11,11
3912433261_728961937.jpg,9,9
4132647982_1357439937.jpg,6,10
4139420820_806489937.jpg,0,0
4155508873_95704937.jpg,5,7
419723958_2619045937.jpg,0,0
495017109_3289954937.jpg,6,6
606669702_1717095937.jpg,3,3
618544410_1109345937.jpg,3,1
657871614_579458937.jpg,3,11
660157423_1811116937.jpg,1,1
1021498340_3574050938.jpg,1,1
1526560148_3207721938.jpg,8,8
1583344572_632759938.jpg,0,2
1759973320_1751872938.jpg,4,2
1836749702_2287055938.jpg,10,10
1855208483_3611875938.jpg,11,11
1885234678_623574938.jpg,3,3
2027302313_109415938.jpg,13,12
2125062216_2566718938.jpg,5,7
2172323393_647820938.jpg,13,13
2413900023_1931923938.jpg,4,11
2443132773_4117726938.jpg,1,1
2485743300_2255222938.jpg,3,0
2592428605_2902307938.jpg,3,3
2930470735_126794938.jpg,0,4
2932282700_3445625938.jpg,6,11
2967563017_3368809938.jpg,12,11
3234058900_792013938.jpg,3,1
3389836561_2406625938.jpg,1,1
3439466536_2368038938.jpg,8,12
3440227042_2756548938.jpg,10,10
3533260388_783900938.jpg,8,8
3925863751_1940016938.jpg,6,6
403233625_1870453938.jpg,5,7
4079922464_2694745938.jpg,3,2
4289447359_3924500938.jpg,5,5
675297652_3395489938.jpg,1,1
683921871_2107332938.jpg,2,0
704077005_3726962938.jpg,10,10
828383577_2156066938.jpg,0,0
862471104_33720938.jpg,3,1
99094548_2147526938.jpg,8,7
1023479857_631348939.jpg,11,5
1056023527_734628939.jpg,12,12
1436005955_3264834939.jpg,3,0
1831769455_3721156939.jpg,3,3
1838815097_1855657939.jpg,9,9
2063755343_310004939.jpg,13,13
2351966149_3342289939.jpg,13,13
2674005411_1790891939.jpg,0,0
3027356163_1289796939.jpg,2,0
3076786163_2838285939.jpg,5,5
3198950342_915980939.jpg,6,6
3445557393_2908130939.jpg,12,11
3722463351_2911512939.jpg,8,6
3816893094_1692812939.jpg,9,6
3875112280_1747904939.jpg,11,11
3894848799_2486716939.jpg,4,2
3969868675_3350527939.jpg,3,3
4115460871_272047939.jpg,7,7
4131785694_2125936939.jpg,8,8
4131933480_1060473939.jpg,8,6
4146573987_1641791939.jpg,11,11
4213432860_3751163939.jpg,12,13
4230259103_2362734939.jpg,11,6
434340134_2890011939.jpg,4,2
470281828_3509609939.jpg,9,11
715486631_2802851939.jpg,8,13
772823118_4101272939.jpg,3,0
1542007637_574137940.jpg,11,0
1668796951_3183734940.jpg,8,8
1686634486_2801890940.jpg,7,7
1833851990_3074114940.jpg,13,12
1930820317_1625112940.jpg,9,9
213922790_3525813940.jpg,12,12
2145296951_1707952940.jpg,1,1
2686716893_2814083940.jpg,2,2
2736808739_4238309940.jpg,13,13
2773603930_2987998940.jpg,1,3
3163109593_3511899940.jpg,3,3
3395896910_495236940.jpg,3,3
3447808686_3637780940.jpg,1,1
3462892829_466238940.jpg,12,7
3563681836_2203397940.jpg,10,10
3915265143_2756172940.jpg,0,0
4067236468_2348348940.jpg,10,10
4256246304_876024940.jpg,10,10
42618839_3064092940.jpg,10,10
688291396_3131649940.jpg,0,0
720531783_837139940.jpg,10,10
804463299_1516171940.jpg,7,7
1098682777_2950289941.jpg,9,9
1620947064_2576095941.jpg,10,10
1816570983_1523119941.jpg,0,0
2166494518_4188317941.jpg,11,1
2302684880_466157941.jpg,4,13
2408950056_3524021941.jpg,6,6
2469406094_1048580941.jpg,4,4
2702282872_3447588941.jpg,9,9
2778418669_1567362941.jpg,1,1
2841972489_1032212941.jpg,13,12
2906467098_318493941.jpg,8,8
2939579435_3301323941.jpg,1,1
3267547442_304591941.jpg,1,3
357162533_3016021941.jpg,10,10
3639121368_4021542941.jpg,6,8
3682183454_2318763941.jpg,5,5
3844966096_2595273941.jpg,1,1
3859548626_4112948941.jpg,8,6
459507547_3262763941.jpg,1,1
664076424_3646528941.jpg,0,11
928904186_796922941.jpg,13,13
994394796_2309674941.jpg,4,2
1159930414_4040470942.jpg,11,11
1181211747_1285822942.jpg,4,4
1249966479_4231487942.jpg,9,9
1305692065_2051790942.jpg,1,1
1356867737_4040070942.jpg,13,13
137955484_1646694942.jpg,11,5
1434052252_2581688942.jpg,10,10
1494450785_249762942.jpg,11,11
1665433493_2441736942.jpg,5,5
2016437094_4018709942.jpg,10,10
2063971090_1641609942.jpg,11,11
2334137520_4165288942.jpg,9,9
2348296187_3618799942.jpg,0,0
2677128181_2394513942.jpg,11,6
3033136509_4112022942.jpg,9,6
314435615_2191827942.jpg,10,10
3150944558_1972680942.jpg,11,11
3241243538_356445942.jpg,9,9
3421429478_1008789942.jpg,7,7
3501468035_3804833942.jpg,8,7
3602961105_1192426942.jpg,7,7
3915727829_4189300942.jpg,4,5
397575263_2482766942.jpg,5,5
4226889565_3602631942.jpg,6,6
441282865_2415865942.jpg,9,9
456712447_938668942.jpg,13,13
644224061_3862847942.jpg,13,13
853786841_4044513942.jpg,3,1
1039841318_2625223943.jpg,9,9
1106393354_796126943.jpg,11,11
1260930350_2469189943.jpg,2,2
134239277_3511313943.jpg,3,2
1652602704_941791943.jpg,0,0
1995630159_3493787943.jpg,9,9
2019168966_2909155943.jpg,11,11
2082120613_1770399943.jpg,7,8
2316829914_744091943.jpg,4,4
2444152263_1134127943.jpg,8,6
2614181062_4285290943.jpg,11,11
2630081252_1248095943.jpg,0,0
2896341523_3177644943.jpg,3,3
2991927843_1321621943.jpg,10,10
3137930577_3935779943.jpg,5,3
3299496418_1032287943.jpg,9,9
3718396659_3839287943.jpg,10,10
3789491690_420105943.jpg,10,10
4015010822_2633411943.jpg,3,3
4226207219_1413463943.jpg,9,6
4238964951_4196011943.jpg,11,5
511805038_2860161943.jpg,13,13
748945841_3876449943.jpg,1,1
1010421145_629044944.jpg,2,2
1111949568_4222126944.jpg,11,11
1539387836_2653757944.jpg,13,13
1596797423_1218742944.jpg,2,2
1709003096_4140010944.jpg,5,5
1811272451_4235388944.jpg,12,12
1936380683_28906944.jpg,12,12
1958297821_2108471944.jpg,4,2
2020506314_3659098944.jpg,9,9
2022269125_2116715944.jpg,13,13
2088844113_3979081944.jpg,0,13
2218674688_892483944.jpg,8,8
2279873824_132461944.jpg,8,8
250354456_1249402944.jpg,8,5
2731638286_528844944.jpg,13,13
2815298597_777352944.jpg,7,12
2898701149_2755424944.jpg,13,12
3059295091_3260083944.jpg,13,11
3191384241_948801944.jpg,2,10
3410014116_4057288944.jpg,3,3
3440638992_3869022944.jpg,0,0
3504800741_1138800944.jpg,13,13
3643606960_1338871944.jpg,11,11
369677873_313095944.jpg,13,13
373267741_4209565944.jpg,1,1
3783764658_2027359944.jpg,8,8
3844216185_627906944.jpg,1,1
3913633448_2886834944.jpg,3,12
4096860866_4060114944.jpg,3,1
4113130033_1588961944.jpg,11,11
4138917250_3687984944.jpg,3,0
460439841_1716980944.jpg,4,2
71334824_3803404944.jpg,8,6
779214707_1206323944.jpg,7,6
842591282_419603944.jpg,8,8
960308022_103799944.jpg,9,9
1062765844_1166035945.jpg,12,0
1275984406_2768179945.jpg,11,11
1292149062_2214545945.jpg,6,7
1508913691_2524930945.jpg,4,4
1585240396_1497834945.jpg,2,0
1617337047_801397945.jpg,9,9
1942583859_2617913945.jpg,5,5
2129406926_1589057945.jpg,10,10
2211199164_28519945.jpg,1,1
2226980855_3004244945.jpg,4,2
2275140488_380092945.jpg,3,3
2319997065_1518544945.jpg,3,1
2354846012_13897945.jpg,1,1
2469492536_2617259945.jpg,10,10
2662485299_4103605945.jpg,6,8
2860841653_2404572945.jpg,2,2
2906120357_3630714945.jpg,11,11
291735610_1122184945.jpg,5,5
301341541_2035285945.jpg,9,9
308535947_3050928945.jpg,8,7
3393526154_718623945.jpg,1,0
3617346023_1275691945.jpg,9,9
364069553_1145522945.jpg,13,13
3670313838_780658945.jpg,5,5
3729619283_965622945.jpg,3,11
3808996794_636230945.jpg,8,5
3864553884_3659924945.jpg,4,2
3990625766_3719493945.jpg,13,13
4003104474_4112657945.jpg,8,6
4206739188_1825412945.jpg,5,5
439447899_1497442945.jpg,2,0
738531526_1548641945.jpg,4,2
904733760_4211813945.jpg,13,13
921972135_3699933945.jpg,12,12
1128406228_2272011946.jpg,10,10
1400469980_3767344946.jpg,11,11
1438158738_2788274946.jpg,13,13
146920412_3494812946.jpg,9,9
1734654673_622162946.jpg,11,11
2139643373_133940946.jpg,1,1
2147679122_1074568946.jpg,2,4
2235974262_1895290946.jpg,8,8
2262358912_996711946.jpg,2,0
2457970012_2709895946.jpg,2,0
2486088786_1299088946.jpg,4,2
2556803573_3343952946.jpg,3,1
2945102022_406601946.jpg,3,3
3363260238_4225771946.jpg,3,3
3370954682_3254145946.jpg,3,3
3380642941_1190334946.jpg,3,11
3461471145_2735254946.jpg,4,0
3660340366_172090946.jpg,3,3
3776384726_1606970946.jpg,3,3
3897692816_1184451946.jpg,4,11
3910183470_1043371946.jpg,12,11
3927272072_641885946.jpg,3,11
4198470053_3090543946.jpg,0,13
751359278_508419946.jpg,7,5
1546163917_2284787947.jpg,7,7
201409393_4101894947.jpg,11,11
2261422957_2225916947.jpg,9,9
2439121837_805193947.jpg,8,6
2692531178_2226512947.jpg,5,5
282912586_3113044947.jpg,12,12
287064006_2981230947.jpg,10,10
2931615667_2813326947.jpg,9,9
3022075520_844534947.jpg,3,1
316780425_606123947.jpg,0,7
3260339543_1196347947.jpg,5,6
3596473235_3277883947.jpg,3,3
3597072984_3352645947.jpg,13,12
3622966824_1781885947.jpg,9,9
3677571286_226735947.jpg,13,13
3782190606_3258078947.jpg,1,0
3891040815_471475947.jpg,1,1
678569253_2859170947.jpg,12,12
680316746_1571089947.jpg,6,6
871085818_2399349947.jpg,5,5
1047719436_566495948.jpg,11,11
1448031171_214516948.jpg,12,11
1493956903_2105084948.jpg,9,9
1575113457_2034353948.jpg,3,1
1644650626_605490948.jpg,9,9
1692953142_3638390948.jpg,0,5
1980182882_3835340948.jpg,5,5
1995497926_829765948.jpg,7,7
2245632324_3258811948.jpg,13,13
2336092506_1484716948.jpg,11,11
2376055669_2570756948.jpg,0,0
2478915331_433506948.jpg,2,1
25902426_3001326948.jpg,3,11
2754395867_695590948.jpg,6,6
2972931442_2676527948.jpg,5,7
3213625755_2729347948.jpg,9,9
3215582110_235398948.jpg,9,9
3219949828_3067359948.jpg,4,12
3327226502_3757531948.jpg,7,7
3332801181_1405123948.jpg,9,9
3420565591_845126948.jpg,3,0
3465219682_3602626948.jpg,8,8
3615310480_185618948.jpg,11,11
3686563064_3982151948.jpg,13,13
646268591_2207157948.jpg,8,8
848734282_3208981948.jpg,9,9
926993057_609162948.jpg,5,5
1028910796_1587690949.jpg,8,8
1211995124_3497697949.jpg,10,10
1320129905_2356010949.jpg,8,12
1374768069_1111737949.jpg,2,4
1482656840_2967415949.jpg,13,0
1671024181_2723528949.jpg,8,6
1675476734_183081949.jpg,9,6
1754156341_822750949.jpg,7,7
1794445893_3158066949.jpg,0,0
2024990795_2672276949.jpg,7,6
2045563610_1408636949.jpg,5,5
2101569065_369768949.jpg,0,0
2517775661_3317224949.jpg,11,6
279186273_545301949.jpg,12,11
2808211855_1648498949.jpg,7,6
3055730762_2707424949.jpg,4,2
30583148_1583921949.jpg,12,11
3082927936_2079253949.jpg,3,3
3112386471_1981591949.jpg,13,0
3206139445_1572423949.jpg,13,13
3366226498_3909257949.jpg,5,5
3414321128_1129992949.jpg,12,11
3429317828_1825643949.jpg,11,11
3714947382_1793286949.jpg,1,11
3803220472_287915949.jpg,13,13
4150138232_1819286949.jpg,5,5
490709937_2726702949.jpg,6,8
620250666_2390550949.jpg,1,1
687271160_1949749949.jpg,5,5
7143814_2930480949.jpg,5,5
1057431050_2571631950.jpg,10,10
1076492925_2140621950.jpg,12,12
1124173545_2660201950.jpg,5,7
129765152_2902739950.jpg,1,1
1305409163_3085164950.jpg,3,0
1541758966_3391028950.jpg,11,11
1591035496_3605856950.jpg,6,6
1603924674_2608236950.jpg,13,13
1658435731_3675730950.jpg,12,0
1932984508_58180950.jpg,12,12
2072361719_3962935950.jpg,3,3
2079464456_4055674950.jpg,8,12
2098418250_4241585950.jpg,3,0
2116556651_1305419950.jpg,8,12
2259789577_2358415950.jpg,5,5
2336346322_3938731950.jpg,13,13
2364848121_1033302950.jpg,11,2
2389400728_3680195950.jpg,9,11
2638815206_114039950.jpg,3,11
2639123098_2289479950.jpg,5,5
267537486_2776462950.jpg,2,2
2710466871_3908907950.jpg,0,0
285661615_688974950.jpg,1,1
2902950024_2344640950.jpg,0,0
2955106724_22259950.jpg,11,11
31459579_124895950.jpg,8,12
3626114386_1817394950.jpg,13,9
3629952855_225442950.jpg,12,12
3664219619_254801950.jpg,3,3
3960267635_3429240950.jpg,13,13
3970147906_103298950.jpg,9,9
4016623551_3755960950.jpg,8,8
4038328886_1089676950.jpg,3,0
4284265816_2266688950.jpg,12,3
525476749_53919950.jpg,12,12
689968611_1589670950.jpg,2,4
794509443_1110554950.jpg,0,0
1334929283_2554041951.jpg,12,11
1369320119_2778750951.jpg,0,0
1544960313_1743454951.jpg,1,1
1602723232_3814253951.jpg,11,3
1619388324_3605493951.jpg,1,1
1658682969_3027302951.jpg,6,9
1669589742_4098701951.jpg,0,0
1723017757_1724265951.jpg,1,1
1945695043_903556951.jpg,3,3
2031077413_1404748951.jpg,11,4
2080120062_402925951.jpg,9,9
2093754458_3216286951.jpg,5,5
2174580700_683236951.jpg,5,5
2279885950_3593078951.jpg,2,4
2476125876_3840058951.jpg,5,5
2508711141_439358951.jpg,3,3
2541424400_3314417951.jpg,8,7
2649557478_1405740951.jpg,11,9
2723537578_274683951.jpg,12,12
3212396741_4017293951.jpg,11,3
3489299408_1834259951.jpg,10,10
3541842426_2897897951.jpg,5,7
3782295111_4143799951.jpg,13,13
406797611_3780812951.jpg,12,12
4244846977_553794951.jpg,13,13
4286131216_893203951.jpg,13,13
89420502_1807546951.jpg,3,3
931384450_3852060951.jpg,10,10
1205446888_1287119952.jpg,11,2
1337410394_2884458952.jpg,12,12
1449471588_3513222952.jpg,0,0
1471009141_517165952.jpg,3,3
1506537856_513699952.jpg,8,7
1558668625_1991777952.jpg,0,11
1849870485_2715166952.jpg,12,11
2040575366_1335088952.jpg,9,9
2175486692_1413300952.jpg,11,11
2336786516_2640431952.jpg,5,5
2549983129_3043992952.jpg,10,10
2819431082_1976044952.jpg,1,1
2956772357_1918717952.jpg,8,12
2996003050_377600952.jpg,0,0
3012906602_3399817952.jpg,1,1
3104205533_1616219952.jpg,9,9
3144609310_3860376952.jpg,3,3
320820352_3012804952.jpg,1,1
3654184332_1539201952.jpg,4,0
3691344442_3946542952.jpg,6,8
3746629263_3918087952.jpg,0,0
3894408633_2978433952.jpg,11,11
4032067857_3487581952.jpg,8,6
4135172113_208993952.jpg,3,11
588484011_696369952.jpg,1,1
607666754_695216952.jpg,2,0
635436044_1603513952.jpg,8,8
1260073453_2184416953.jpg,0,0
1587369404_1546831953.jpg,3,0
1692298381_1898416953.jpg,13,13
1749802731_4168634953.jpg,4,2
1885762991_3360130953.jpg,1,1
1920355586_1650644953.jpg,12,12
2188015286_3120603953.jpg,5,5
2233420706_766542953.jpg,13,0
2337218513_672409953.jpg,3,3
2396584496_3301555953.jpg,9,9
2463283879_4046711953.jpg,8,12
2819547919_2510176953.jpg,5,7
2825033885_2683600953.jpg,13,13
2861226236_2377907953.jpg,5,5
2882675570_3636226953.jpg,5,5
3367760168_1241745953.jpg,1,1
3422392266_4144086953.jpg,3,1
4040620102_570806953.jpg,1,2
4077015262_2978664953.jpg,5,5
4183232793_403043953.jpg,9,9
455208977_3628178953.jpg,4,2
511511352_3444266953.jpg,13,13
716920803_1801861953.jpg,5,5
84487769_455630953.jpg,5,5
862686315_3543355953.jpg,13,13
880241435_144490953.jpg,1,1
1148837261_3379976954.jpg,12,0
1242722789_496117954.jpg,3,3
1410714086_1820117954.jpg,12,12
1413930933_3826756954.jpg,3,3
1424850503_4036439954.jpg,9,11
1428624112_1335584954.jpg,4,0
153053123_458386954.jpg,4,10
1628222254_1474280954.jpg,13,13
1871536334_2713223954.jpg,9,9
1933002870_147089954.jpg,13,13
19862581_89983954.jpg,9,9
2023231400_4255871954.jpg,3,3
2179698170_2849276954.jpg,11,11
2334166938_3342163954.jpg,5,5
2644540818_1908347954.jpg,12,11
2870372752_39069954.jpg,3,3
2928962171_3571784954.jpg,6,8
3202466955_2797913954.jpg,10,10
3477242598_2752266954.jpg,5,5
3565817919_1243617954.jpg,3,1
357761885_713092954.jpg,3,3
3686550928_2377435954.jpg,3,2
4168193494_855515954.jpg,0,3
433535911_3672131954.jpg,1,1
473734482_1379820954.jpg,8,7
503807803_545913954.jpg,0,0
775172447_1207115954.jpg,13,13
894476542_1956400954.jpg,9,9
1133149645_2112836955.jpg,3,11
1982643753_3633526955.jpg,3,12
1998155780_2738151955.jpg,9,9
1998895598_3185728955.jpg,11,11
2081604626_2592058955.jpg,4,4
2495019455_3100822955.jpg,0,7
2991300267_911050955.jpg,6,6
3004392488_2135259955.jpg,6,6
3142412262_1669581955.jpg,5,5
3250491013_3023464955.jpg,3,3
3453553541_2034782955.jpg,1,1
3523129355_528704955.jpg,0,0
3573159444_532481955.jpg,11,2
3764036764_2477791955.jpg,4,2
3774596795_662185955.jpg,10,10
413037446_3892182955.jpg,13,13
4267795879_1935896955.jpg,10,10
500528688_3382142955.jpg,8,8
823123413_989912955.jpg,7,7
870898962_4240321955.jpg,11,6
977115568_3944305955.jpg,10,10
1352361155_1050540956.jpg,3,1
136452875_4277400956.jpg,13,13
1836447914_3278406956.jpg,1,0
1963191798_256104956.jpg,2,2
2199502060_4149430956.jpg,13,13
2204130494_3554217956.jpg,4,2
2286997833_3480409956.jpg,3,3
2545724547_2644599956.jpg,12,11
2598093227_1737598956.jpg,11,11
3006000098_1877333956.jpg,5,8
3034251824_3735488956.jpg,10,10
3046527192_3041215956.jpg,9,9
3065290884_4214364956.jpg,7,7
3140466854_3455634956.jpg,3,1
3212254910_4280444956.jpg,10,10
3258169412_2942605956.jpg,3,1
3320302889_3264601956.jpg,1,1
3570113874_840328956.jpg,9,9
3745331235_737186956.jpg,5,5
3751836597_1814981956.jpg,13,4
3843771628_3862516956.jpg,0,0
3930808240_1170457956.jpg,1,11
3996698397_3829620956.jpg,10,10
411540637_1661303956.jpg,3,11
4230363028_3467304956.jpg,8,7
4246929060_2165231956.jpg,5,2
508416363_2166069956.jpg,7,7
862048309_288411956.jpg,3,1
1349349138_1259616957.jpg,5,7
1887504210_2500169957.jpg,1,1
2554701779_3876999957.jpg,3,0
3413150799_442325957.jpg,13,13
3478147096_3333129957.jpg,3,1
362776673_3408406957.jpg,6,6
3737573754_3228805957.jpg,8,8
3744471032_3386838957.jpg,12,12
3800330438_991822957.jpg,8,7
4014805020_3705662957.jpg,0,0
4049757939_1275066957.jpg,5,9
4241159782_1396684957.jpg,4,2
528659514_2378078957.jpg,10,10
66173446_2441707957.jpg,10,10
764867459_2055771957.jpg,5,6
857566306_338245957.jpg,5,5
867146304_1752166957.jpg,1,0
919033782_1568864957.jpg,5,5
1048998810_3316741958.jpg,6,8
1068443179_158535958.jpg,7,7
1099890098_3917966958.jpg,6,6
1187180752_524494958.jpg,10,10
1239964650_496830958.jpg,9,9
1366054337_1358138958.jpg,2,5
2182395927_179470958.jpg,0,2
2299517828_2944554958.jpg,3,11
2603851871_2114387958.jpg,5,5
2738931649_41678958.jpg,11,6
2924909219_1000308958.jpg,3,3
2953104699_379798958.jpg,1,1
3177031559_2327629958.jpg,7,1
3332640095_2704161958.jpg,10,10
3370687415_3335828958.jpg,10,10
3478302845_2920859958.jpg,12,11
3591114820_3479873958.jpg,13,13
3640096606_2020909958.jpg,13,0
4133048449_280118958.jpg,3,11
419023141_574512958.jpg,10,10
573790130_2934346958.jpg,7,7
57530795_2737786958.jpg,8,6
1021519429_833844959.jpg,9,9
1023302593_1586497959.jpg,2,6
1069603620_3837929959.jpg,12,11
1676463903_3296039959.jpg,12,12
2064985742_762304959.jpg,11,13
2083288405_1940604959.jpg,1,1
2131497623_435030959.jpg,11,11
2133241308_3224988959.jpg,7,7
2229984667_3102939959.jpg,6,6
2357685214_1441166959.jpg,10,10
2565674326_2199108959.jpg,1,3
3219407518_2392230959.jpg,3,1
3368206536_1222102959.jpg,13,13
3402051563_1226573959.jpg,13,13
3603619882_573465959.jpg,12,1
3978117546_1652058959.jpg,12,12
4062099738_4225363959.jpg,5,5
4177467315_3786256959.jpg,3,3
4204066941_4027627959.jpg,6,6
4209481035_3997703959.jpg,2,4
4232669638_2727945959.jpg,5,7
448512353_685408959.jpg,10,10
499243382_1855197959.jpg,10,10
674905435_1299090959.jpg,8,8
775945325_1159473959.jpg,5,5
809382164_2426217959.jpg,13,13
819207419_3763262959.jpg,10,10
1023483731_2717161960.jpg,9,9
1074436678_2640552960.jpg,0,2
1285627396_4246504960.jpg,13,13
1290762462_1821579960.jpg,7,6
1350814385_2083367960.jpg,7,6
1495894542_1100571960.jpg,9,6
1516396950_178882960.jpg,12,7
1559586383_1236550960.jpg,12,1
1689775831_1481506960.jpg,12,11
210675996_2488650960.jpg,9,9
2265902796_1724493960.jpg,9,9
2635778543_3650647960.jpg,11,0
3167044612_2671863960.jpg,8,8
3299960516_94924960.jpg,11,2
3353255425_1536803960.jpg,13,12
3639899536_1783883960.jpg,12,0
3897278903_2118921960.jpg,13,13
3910625070_4236773960.jpg,3,11
4082694000_966816960.jpg,12,11
4098133977_3202260960.jpg,5,5
457100541_3348400960.jpg,7,7
754433993_1367456960.jpg,12,0
1118547658_4108456961.jpg,12,12
1177071059_719452961.jpg,2,2
1392008624_2044164961.jpg,4,2
1696676669_3278316961.jpg,9,9
1733493925_3711758961.jpg,9,9
1876581033_3801775961.jpg,4,2
1890234790_3791218961.jpg,3,3
2115692570_2515255961.jpg,1,1
2220289897_3824461961.jpg,0,0
2371137372_3848508961.jpg,9,9
2377600453_3819258961.jpg,1,7
2393716152_2705507961.jpg,5,5
2468387527_2568278961.jpg,12,12
248366018_4200604961.jpg,10,10
2557359827_4167546961.jpg,12,12
3111997238_3914776961.jpg,0,1
3276958412_1648409961.jpg,10,10
3361750550_3033724961.jpg,0,13
3373779724_373468961.jpg,12,11
3405408948_2543410961.jpg,4,2
3987275971_2157021961.jpg,9,6
4253898500_1175406961.jpg,3,1
649840822_2098260961.jpg,0,7
841555796_3830322961.jpg,9,6
871958007_181274961.jpg,8,8
1226218419_346711962.jpg,12,12
1231015595_116261962.jpg,0,5
1598272471_2846604962.jpg,13,0
1829208706_3862296962.jpg,3,3
1988246463_4222727962.jpg,0,11
1991697485_1177587962.jpg,12,7
2304981666_3712309962.jpg,0,0
2473061979_4210448962.jpg,8,6
2505210296_1317066962.jpg,13,0
2526138799_3419496962.jpg,3,1
2903254485_1430596962.jpg,9,9
3039196745_2707702962.jpg,3,3
3109680057_1858935962.jpg,1,6
3641551753_2584711962.jpg,11,11
3856575710_873328962.jpg,9,9
414110990_3327247962.jpg,13,13
4148892675_4286130962.jpg,10,10
4280424280_2255529962.jpg,11,11
456824454_281821962.jpg,1,1
889366520_93616962.jpg,10,10
894890810_1370661962.jpg,10,10
910654463_3565829962.jpg,5,0
974082296_935194962.jpg,0,12
1113356024_3435841963.jpg,1,1
1640362754_4229639963.jpg,7,6
1811313864_1929753963.jpg,5,5
1875042028_2169561963.jpg,5,5
1914607780_1584012963.jpg,13,13
1973874522_1254768963.jpg,10,10
2248466895_3850883963.jpg,9,9
2402926057_1963249963.jpg,8,8
2656554687_3451319963.jpg,10,10
2738723980_175208963.jpg,4,0
2861259495_1957513963.jpg,11,11
3111847551_3319266963.jpg,12,7
3253644378_4254829963.jpg,6,6
3568173799_2888053963.jpg,9,6
366973866_1445671963.jpg,1,1
3692446087_3769188963.jpg,0,0
3895304988_1055195963.jpg,5,8
3903340971_2819810963.jpg,11,10
425068737_2458424963.jpg,11,9
533053952_1057092963.jpg,11,11
724788616_1671686963.jpg,0,0
1368061611_3573802964.jpg,13,13
1503085452_3309947964.jpg,10,2
1726922036_2528603964.jpg,10,10
1768768210_3178538964.jpg,5,5
2543136417_3692974964.jpg,7,7
2810368029_3505947964.jpg,3,11
3119386687_3858557964.jpg,8,8
3292529056_2726329964.jpg,4,0
4112864029_2095199964.jpg,3,1
4135392765_3660940964.jpg,2,4
4204660856_573493964.jpg,5,5
438379608_1346136964.jpg,11,0
81849434_1089689964.jpg,9,9
902484838_840760964.jpg,0,7
1026730011_2952429965.jpg,7,6
1061617924_1607801965.jpg,12,12
1101713214_1217431965.jpg,13,12
1366515218_3982819965.jpg,1,1
1978462382_2093226965.jpg,6,2
21722826_2516874965.jpg,3,0
2350909379_2713873965.jpg,4,2
2492854762_2869976965.jpg,4,2
3238721180_1869111965.jpg,13,13
3489244878_828355965.jpg,0,0
3796947868_2546952965.jpg,11,11
3968077111_1676733965.jpg,12,12
4102785235_2947457965.jpg,5,5
4237423336_3701058965.jpg,6,6
482941236_2401069965.jpg,5,7
62266457_2592500965.jpg,0,11
750167167_3239857965.jpg,8,8
755807944_2312649965.jpg,10,10
787834005_1809975965.jpg,3,3
813483148_3084670965.jpg,11,11
954502076_2450655965.jpg,9,9
1003073362_1056195966.jpg,0,0
1074206119_3119437966.jpg,7,7
1439779221_2187436966.jpg,13,12
1444860410_3435508966.jpg,8,6
1571007254_1369309966.jpg,10,10
1692576407_2950083966.jpg,10,10
2037853299_2445495966.jpg,2,2
2283486783_307608966.jpg,6,6
2286332201_3661306966.jpg,6,11
2525293274_2492054966.jpg,0,0
2679034252_4113955966.jpg,10,10
2767143025_3183245966.jpg,3,0
2936101462_636640966.jpg,4,2
3115865834_3371011966.jpg,0,11
3202257027_90269966.jpg,4,2
3257458921_858683966.jpg,8,8
3295254458_1972143966.jpg,11,2
3721987100_351836966.jpg,2,2
3753992769_1009962966.jpg,9,9
384732506_1736723966.jpg,5,2
3973537240_1174164966.jpg,12,11
3974939725_1299060966.jpg,1,1
4267170169_875650966.jpg,4,4
608137708_3333712966.jpg,11,1
1223404290_2385103967.jpg,10,10
1490085679_3167928967.jpg,10,10
1701196196_483159967.jpg,10,10
1725809096_185331967.jpg,0,0
1961671091_542576967.jpg,9,9
222313274_1248735967.jpg,12,12
2249073595_900631967.jpg,8,8
2335242643_3027581967.jpg,2,2
2524617472_1823159967.jpg,9,9
2571279940_2360007967.jpg,9,9
2687854832_1870826967.jpg,10,10
2753791633_3247384967.jpg,4,2
2878996544_1572908967.jpg,2,2
3331084927_3889327967.jpg,12,12
335212922_1765020967.jpg,9,9
3454731127_2330932967.jpg,2,2
3593440804_3800595967.jpg,8,8
3665348866_1089565967.jpg,11,11
3711654607_3864080967.jpg,3,3
373112299_2852591967.jpg,11,11
3950016152_4294850967.jpg,8,13
4031641202_2655471967.jpg,4,4
4076492726_2059139967.jpg,10,10
452123120_1251582967.jpg,10,10
475570500_3234681967.jpg,8,6
500328678_2058080967.jpg,4,2
593557835_467887967.jpg,9,9
842301543_2385166967.jpg,6,6
891764376_55291967.jpg,5,5
1263747767_2109732968.jpg,5,8
127233891_3588578968.jpg,11,11
1458365425_2748269968.jpg,12,13
1617174447_2379948968.jpg,8,8
25826350_4198483968.jpg,10,10
2703311116_1759651968.jpg,8,8
2813576930_1794790968.jpg,10,10
331895861_2754760968.jpg,8,12
3464006682_4257924968.jpg,1,1
3582615467_2544056968.jpg,5,5
3648011826_2431083968.jpg,8,8
3774483228_3198012968.jpg,9,9
3805299071_2580969968.jpg,1,1
3806100626_1168145968.jpg,8,8
3825229885_810858968.jpg,6,8
3841656853_2695524968.jpg,10,10
4025856945_2393032968.jpg,1,1
4209486050_817204968.jpg,9,6
645238924_3575942968.jpg,0,0
908915567_2559081968.jpg,3,1
1165176357_822432969.jpg,6,6
1272169780_44985969.jpg,10,10
1463145048_1757661969.jpg,8,8
1573313184_2078438969.jpg,2,2
1714539012_1233015969.jpg,12,12
1809164929_3351012969.jpg,8,7
1833125976_2892693969.jpg,4,2
1996220961_2421528969.jpg,8,8
2419885765_1539165969.jpg,3,3
2474652959_785610969.jpg,10,10
2485725366_701194969.jpg,1,1
2868369423_3080508969.jpg,8,8
2997729021_2327886969.jpg,3,2
3203030862_3018561969.jpg,13,13
3206229834_2153560969.jpg,2,4
3261491251_1305949969.jpg,10,10
3365789371_296659969.jpg,6,6
3854714955_207927969.jpg,9,6
3916676763_3339954969.jpg,3,11
4120892759_1486627969.jpg,8,12
4288093861_610007969.jpg,11,11
563267691_1276913969.jpg,4,4
609953219_2834719969.jpg,9,6
758704910_4266519969.jpg,0,2
803069996_4017671969.jpg,3,11
925314962_371462969.jpg,4,2
979916186_3613874969.jpg,13,0
1102990747_1888591970.jpg,0,13
1107463457_3053439970.jpg,9,11
1236721998_1036575970.jpg,10,10
1332848494_4205118970.jpg,5,5
2112857240_1274790970.jpg,4,2
2566569344_1491675970.jpg,6,6
2677557904_2334881970.jpg,13,13
2959941824_1785079970.jpg,4,4
3200267940_948552970.jpg,0,0
3278310448_413822970.jpg,8,8
3280422484_688423970.jpg,9,9
328691968_3426056970.jpg,7,7
3348827521_2222003970.jpg,10,10
3554881610_2468068970.jpg,10,10
3560488245_2723421970.jpg,9,9
3610288207_1932171970.jpg,10,10
3624858603_2415252970.jpg,3,3
3810529759_848119970.jpg,1,1
3885960982_1146575970.jpg,3,3
3930289963_41283970.jpg,0,0
454901242_99543970.jpg,12,12
71493564_4055578970.jpg,3,3
852372344_623424970.jpg,4,12
886857074_202009970.jpg,13,13
1248972465_3406207971.jpg,6,1
1312029544_3085321971.jpg,1,3
1366243297_2117956971.jpg,13,12
1425444927_1417976971.jpg,2,4
1476540332_2111704971.jpg,12,11
1568357077_2238148971.jpg,13,4
1700717595_181629971.jpg,6,8
2075422431_2036310971.jpg,5,5
2213680200_3861733971.jpg,11,11
2225433020_762416971.jpg,0,1
2341263973_3373943971.jpg,12,12
2347778665_1474982971.jpg,0,0
2417083466_4106572971.jpg,10,10
2853130109_1343761971.jpg,13,13
2861184147_2642213971.jpg,13,13
3137208118_367945971.jpg,3,1
3294819134_254144971.jpg,7,6
3379823554_2945700971.jpg,8,6
3481057227_4052143971.jpg,0,0
3493925045_517620971.jpg,5,7
3708144497_1562522971.jpg,5,5
3954805805_560324971.jpg,11,11
4033957990_3963428971.jpg,13,13
4136847436_2417304971.jpg,10,10
4163016687_2368604971.jpg,11,11
4183813873_3543808971.jpg,11,11
697637096_4183328971.jpg,1,1
853800805_3113067971.jpg,8,8
872842646_3007146971.jpg,1,0
1023749508_2538403972.jpg,3,0
1051621224_1049084972.jpg,0,5
1291335866_84293972.jpg,0,7
1392657115_3965719972.jpg,12,11
1458094691_3998185972.jpg,10,10
1649858705_2827232972.jpg,4,2
1658614293_2871401972.jpg,13,13
1707738791_168212972.jpg,6,6
206178763_1086349972.jpg,5,5
2200608427_660879972.jpg,4,0
2560629647_1676863972.jpg,0,0
2664817611_2812816972.jpg,13,13
2998407091_2901306972.jpg,11,11
3097957783_4128415972.jpg,3,0
3137001231_3597478972.jpg,3,3
3147699177_2748237972.jpg,11,12
3203350400_3125229972.jpg,1,1
3422339296_344534972.jpg,11,11
3666135738_3365347972.jpg,3,11
3807284578_3021284972.jpg,11,11
3929457880_4085537972.jpg,4,4
485946768_3444960972.jpg,3,11
937295585_2823039972.jpg,3,3
98129519_986394972.jpg,3,3
1012563959_695232973.jpg,3,1
1364698387_2352313973.jpg,1,1
1393930130_2682114973.jpg,10,2
1473792751_2324417973.jpg,11,11
159994225_362895973.jpg,3,1
1657461804_3939773973.jpg,12,12
1689627441_4051210973.jpg,5,5
1808053155_2875148973.jpg,6,7
1847839999_120591973.jpg,5,7
1994671862_506917973.jpg,3,1
2027723548_3563107973.jpg,10,10
2058941815_3108607973.jpg,1,1
2404217814_3457858973.jpg,2,12
2431770642_1166358973.jpg,11,11
318077009_1375758973.jpg,6,6
3393272592_2112469973.jpg,6,9
3567964862_2692314973.jpg,7,6
3938796992_609104973.jpg,0,0
4269709830_1495277973.jpg,6,9
431944919_3735936973.jpg,5,5
68115616_456964973.jpg,1,3
689764292_1416838973.jpg,10,10
89597572_3841328973.jpg,11,11
101350697_2360664974.jpg,9,9
1448787660_785296974.jpg,0,0
1470659249_175449974.jpg,9,9
1793642200_701988974.jpg,0,0
1833729937_2327038974.jpg,9,9
1910706984_327382974.jpg,5,5
2149546754_2538818974.jpg,3,1
2511417318_1024987974.jpg,13,13
2747722246_362827974.jpg,8,8
2768640673_2508522974.jpg,2,4
3161932851_4195739974.jpg,4,6
3238987690_2362706974.jpg,3,1
3354035971_4263386974.jpg,0,0
3430343686_2165624974.jpg,12,11
3654406946_2605081974.jpg,5,7
3670913806_389487974.jpg,1,1
4051482347_2342423974.jpg,12,12
4062302082_1707249974.jpg,11,11
4196418083_1409719974.jpg,7,6
634592628_3605118974.jpg,3,0
688485884_2683362974.jpg,5,5
759642091_800628974.jpg,1,1
971675106_731057974.jpg,13,13
1238104996_3411706975.jpg,13,13
1238312601_4268076975.jpg,7,6
1265784187_3264450975.jpg,10,10
1589751347_3376638975.jpg,8,6
1733060815_332020975.jpg,4,2
1866604767_3225751975.jpg,9,9
1996405784_1477179975.jpg,9,9
240556803_3052750975.jpg,13,12
2448870854_4005803975.jpg,5,7
2469605162_4287642975.jpg,10,10
2837334892_2774788975.jpg,7,7
293793660_421189975.jpg,11,11
3213704340_1227603975.jpg,11,11
3265819240_883556975.jpg,9,9
3332677983_3604187975.jpg,11,2
3374119895_2481024975.jpg,0,0
3400919475_3449332975.jpg,1,1
3645476569_3749335975.jpg,9,9
3927518378_3043906975.jpg,12,1
3940789411_332645975.jpg,6,6
400343771_48190975.jpg,3,1
4018551222_231202975.jpg,5,5
4025570335_880985975.jpg,5,5
4085367904_2394559975.jpg,5,5
4125292097_1272558975.jpg,8,8
600601584_717028975.jpg,8,8
923277788_3428970975.jpg,13,12
945914940_1478142975.jpg,0,13
1417981527_3738569976.jpg,2,2
1600728044_2763908976.jpg,10,10
1831172428_2959060976.jpg,0,2
1851459604_4056113976.jpg,4,4
2116376703_2371397976.jpg,8,8
2139210311_2805732976.jpg,10,10
2297848196_4020552976.jpg,4,2
2464441552_401828976.jpg,3,3
264954993_2997137976.jpg,3,2
2868713074_3520862976.jpg,0,0
3004855876_4037570976.jpg,0,0
3319225776_4008027976.jpg,0,0
3416475246_1028164976.jpg,10,10
3422243251_1491920976.jpg,11,11
352647724_3079236976.jpg,9,9
3745495769_4118641976.jpg,8,6
3885410690_313912976.jpg,4,2
4009503873_3663978976.jpg,4,4
4023217990_2245922976.jpg,3,3
4227223727_2828329976.jpg,4,2
429882816_1973817976.jpg,13,13
69693505_3744484976.jpg,6,6
783002028_3021439976.jpg,7,7
925741600_1131573976.jpg,6,7
1010136276_3149723977.jpg,9,9
1058805606_1705998977.jpg,10,10
1153055054_3280098977.jpg,10,10
1253372139_388087977.jpg,3,0
126459642_1868327977.jpg,13,13
1341582469_800747977.jpg,6,8
1603920172_3847733977.jpg,9,9
1879555218_3633831977.jpg,5,5
2009042138_436726977.jpg,10,10
2098751487_3001040977.jpg,9,9
2285207107_4018180977.jpg,12,13
2287454972_2889799977.jpg,9,9
2427080387_4133047977.jpg,6,7
2461530304_2123105977.jpg,0,0
277817299_2999168977.jpg,6,6
302881133_74870977.jpg,6,9
3264067656_2807358977.jpg,5,7
3429387311_395943977.jpg,11,11
3654703263_298861977.jpg,1,1
3957513348_2115447977.jpg,6,6
4026781412_1749112977.jpg,12,11
4102186424_2652132977.jpg,11,11
442433113_3484399977.jpg,7,6
458317381_1840407977.jpg,10,10
809019052_1727931977.jpg,11,11
841790981_4223214977.jpg,1,0
1223476273_2816059978.jpg,4,2
2203271015_738233978.jpg,4,2
2288202458_1637001978.jpg,13,13
2841734363_4206317978.jpg,1,11
2865227304_684220978.jpg,1,1
2867038584_2960151978.jpg,9,6
3070228564_4053697978.jpg,10,10
3127836772_2692295978.jpg,0,3
3514151372_3637000978.jpg,2,2
3622736973_3185887978.jpg,9,9
3834063052_1412029978.jpg,13,13
387215760_195390978.jpg,10,10
3887771555_767149978.jpg,6,6
3953435150_505234978.jpg,10,10
4093588049_3906514978.jpg,10,10
4198231124_2531625978.jpg,11,11
4212803068_3420837978.jpg,11,11
4286968252_2120462978.jpg,11,11
515327443_3438448978.jpg,9,9
611487212_3598507978.jpg,11,11
952975869_3010623978.jpg,1,1
1106413439_4210327979.jpg,0,11
1223481026_2480709979.jpg,11,11
136876791_239944979.jpg,12,7
1436490545_474539979.jpg,9,7
1669471425_910161979.jpg,13,13
1849743034_2897038979.jpg,10,10
1856272352_2138229979.jpg,10,10
190596430_2433280979.jpg,11,2
1921021151_2895407979.jpg,10,10
2127827214_3021381979.jpg,0,0
2205749020_3425053979.jpg,6,6
234651648_2651777979.jpg,8,6
2509348603_2629293979.jpg,4,4
2543312601_3905253979.jpg,4,11
2737820244_1626510979.jpg,3,3
2840668231_922416979.jpg,10,10
2999541864_1167000979.jpg,8,8
3179062177_3867433979.jpg,0,0
3185784016_3895285979.jpg,5,6
318597087_3325849979.jpg,1,1
3794047953_941267979.jpg,9,6
3804417648_964998979.jpg,9,9
4078579650_4010581979.jpg,1,0
4104688370_2327588979.jpg,1,1
4147287727_2279947979.jpg,11,11
4151331162_1523938979.jpg,10,10
689506819_2533325979.jpg,2,4
831887475_164748979.jpg,13,13
872833027_2394460979.jpg,0,13
908745752_2051215979.jpg,9,6
112928946_2154607980.jpg,0,11
1166875525_1231044980.jpg,11,10
1171363432_1089163980.jpg,9,9
120465216_348014980.jpg,13,13
1225632353_2435640980.jpg,5,5
1306270414_2393057980.jpg,8,8
1475052829_3248731980.jpg,4,0
148725393_3086556980.jpg,8,8
1699410236_2323101980.jpg,10,10
1781657482_2485817980.jpg,13,12
1837122556_144487980.jpg,0,0
185578076_3330270980.jpg,3,11
1883899054_240244980.jpg,1,1
212410494_1808821980.jpg,11,11
2201635728_1361453980.jpg,3,3
2224363998_156657980.jpg,0,0
2272707266_1122465980.jpg,6,6
2330076907_4284581980.jpg,3,11
2372292171_3912912980.jpg,4,13
2568160440_1178017980.jpg,11,11
2575326254_2482901980.jpg,1,1
2831343397_898978980.jpg,3,0
3058597849_3604542980.jpg,2,4
419268064_658583980.jpg,5,5
468739522_2260445980.jpg,11,11
72159913_1706652980.jpg,4,2
116147183_3983899981.jpg,3,11
1345850005_2992597981.jpg,4,4
1383069455_359688981.jpg,8,8
1504312393_2237070981.jpg,12,12
1681074096_282306981.jpg,5,5
2026493241_2647852981.jpg,6,6
212505651_2168894981.jpg,0,0
2302952006_1719137981.jpg,8,11
2546191972_119210981.jpg,12,12
2555603204_1444001981.jpg,5,7
3040134063_2188849981.jpg,11,11
3149871930_2398305981.jpg,13,13
3352594922_1195231981.jpg,8,12
3900408542_1215456981.jpg,3,0
3983270072_2969529981.jpg,2,4
4046830007_3464814981.jpg,6,6
4220996295_3767811981.jpg,1,11
672534754_2631873981.jpg,7,12
709123995_1644716981.jpg,5,5
796886411_4148085981.jpg,13,13
849427515_2629389981.jpg,5,6
1077703602_3830249982.jpg,9,9
1124466076_2692430982.jpg,3,3
1397004692_4201743982.jpg,0,0
1410524010_953544982.jpg,3,11
142795431_2870714982.jpg,1,1
1464980396_4264943982.jpg,0,0
1509173169_4174985982.jpg,8,8
1656256600_3321913982.jpg,3,11
2114425532_4268967982.jpg,11,11
2336751311_1707537982.jpg,5,5
2800786849_1306364982.jpg,1,1
2931992455_174216982.jpg,10,10
2943043190_1587805982.jpg,13,13
3045197970_731846982.jpg,1,3
3234090877_1517293982.jpg,9,9
3261953206_2676459982.jpg,2,2
3275000146_1492444982.jpg,6,7
32898655_3146341982.jpg,8,8
3350037647_240999982.jpg,13,12
3531193832_3423418982.jpg,0,0
3679745468_3355668982.jpg,3,0
3787385094_2091077982.jpg,1,1
3996115494_3144163982.jpg,3,3
4231542675_2038949982.jpg,4,2
444635312_2317750982.jpg,3,11
561208797_364405982.jpg,12,11
622742960_1109070982.jpg,13,13
631466852_1601073982.jpg,9,6
863690570_1942936982.jpg,6,6
1119445654_2685554983.jpg,12,12
1187268321_314410983.jpg,8,8
1316193134_3685501983.jpg,12,11
1573009992_1866052983.jpg,11,12
1672702921_3874992983.jpg,6,8
1998897213_4268167983.jpg,1,1
2166865820_1802536983.jpg,2,2
2356502712_3900955983.jpg,8,8
2639035656_3132599983.jpg,12,12
2918986466_3014837983.jpg,13,11
3053533807_299667983.jpg,3,3
3237205031_3860370983.jpg,1,3
3259946111_4106955983.jpg,9,9
3323963201_3461103983.jpg,12,12
3500078297_2850362983.jpg,9,11
3517222697_3515885983.jpg,11,3
3903932153_4065830983.jpg,0,4
4109892793_3896470983.jpg,5,5
49308466_2561388983.jpg,3,1
644613348_2550210983.jpg,10,10
866455117_939024983.jpg,8,6
1648172857_705799984.jpg,12,12
2208246623_3565821984.jpg,5,5
2393868148_2455211984.jpg,0,0
2561657946_3843036984.jpg,3,3
2655028332_3701503984.jpg,5,5
2661995393_475486984.jpg,0,0
2912306129_468259984.jpg,0,0
3147160810_1022799984.jpg,1,1
3195599847_1615629984.jpg,7,6
3223865239_206063984.jpg,2,4
3377131702_1132517984.jpg,13,13
3472780049_330784984.jpg,5,5
4175735253_1973269984.jpg,8,10
4207916453_2613948984.jpg,12,11
478851327_2151601984.jpg,5,5
983165516_1502123984.jpg,11,12
1039921336_3878129985.jpg,4,2
1215957927_4130162985.jpg,1,1
1239324887_4071979985.jpg,4,2
1396725516_1421645985.jpg,13,13
172584660_2403463985.jpg,2,0
2420595163_1199839985.jpg,6,6
25133937_3800449985.jpg,0,11
2598362469_1765151985.jpg,8,8
2642317107_130247985.jpg,13,13
2732248308_2691674985.jpg,6,11
3067942894_3979443985.jpg,4,2
3388125866_1294756985.jpg,4,0
3545893952_3340240985.jpg,0,0
3569365725_739038985.jpg,13,13
3844707845_2772423985.jpg,3,3
3867044335_2927461985.jpg,0,13
3933098515_320323985.jpg,6,7
4076256987_4269187985.jpg,2,2
605583818_551204985.jpg,4,11
693721677_2025198985.jpg,10,10
715130625_3340595985.jpg,8,8
761103349_2459076985.jpg,3,3
841075556_1946978985.jpg,9,9
873977126_2289268985.jpg,6,6
1092931981_2897618986.jpg,0,0
1211453278_2881872986.jpg,3,1
168574417_2193262986.jpg,11,11
175181502_2006360986.jpg,0,0
1971056781_3231598986.jpg,13,13
215069542_569998986.jpg,8,8
2171661474_4097215986.jpg,1,2
2341752084_1310020986.jpg,4,0
2395016635_1550296986.jpg,10,10
2451968006_284243986.jpg,1,0
2469403693_295304986.jpg,9,9
2478988275_2563734986.jpg,13,13
2735556958_3153055986.jpg,12,12
2876121865_3645010986.jpg,5,5
302008661_3211013986.jpg,2,2
3356238681_4141712986.jpg,12,11
3371310061_2204203986.jpg,13,13
3814483479_3419265986.jpg,6,6
38413020_763422986.jpg,6,8
3992035059_4192643986.jpg,0,0
3992272015_1290441986.jpg,11,11
4195927402_2983922986.jpg,8,7
860788159_3285977986.jpg,13,0
1101420931_1312274987.jpg,8,12
1189213664_240990987.jpg,9,9
1240455840_3920183987.jpg,12,11
132321706_3854022987.jpg,10,10
1331751886_541109987.jpg,13,13
1881689394_1906341987.jpg,1,1
2244352570_1803205987.jpg,5,6
2440928241_887308987.jpg,7,6
2670668671_970746987.jpg,9,6
2846669664_4101221987.jpg,3,3
302042485_2857864987.jpg,3,3
3128132302_3402084987.jpg,13,13
3365213923_1358938987.jpg,6,6
3541388545_4117608987.jpg,8,8
3804753469_3905380987.jpg,13,13
3891030171_1671445987.jpg,9,9
3983750315_2907623987.jpg,12,12
407991735_1580555987.jpg,10,10
4156338441_211199987.jpg,13,13
4226251265_2180929987.jpg,13,13
495117098_1197454987.jpg,12,12
806245648_3461586987.jpg,10,10
1039392344_4013303988.jpg,9,9
1129092275_3573289988.jpg,11,7
1230554883_1806101988.jpg,12,12
1257806441_2046880988.jpg,12,13
129031333_904089988.jpg,9,9
1564213703_1472385988.jpg,0,0
2008125085_3435116988.jpg,13,13
2041498734_1266615988.jpg,9,9
2370506058_3539661988.jpg,11,0
2429283195_2673948988.jpg,12,12
243974597_1306833988.jpg,10,10
2523250192_90500988.jpg,5,5
2667031796_4029033988.jpg,8,8
2679638044_2300540988.jpg,13,13
2735748988_254271988.jpg,0,13
2787817750_1648152988.jpg,6,6
2995069836_957930988.jpg,3,12
3090308513_3896343988.jpg,12,13
3176052945_2335669988.jpg,5,5
3236552568_2972235988.jpg,8,12
325704454_2318056988.jpg,7,7
3269137218_1677382988.jpg,9,9
3302600770_455194988.jpg,6,6
3398838636_884269988.jpg,4,2
3768668782_784521988.jpg,5,5
3781728700_4252146988.jpg,4,2
38512592_23468988.jpg,11,2
388573519_2514818988.jpg,0,3
3966043284_3580248988.jpg,2,2
4076715364_3864624988.jpg,3,1
4236830939_4284247988.jpg,0,5
561503385_858114988.jpg,6,6
617880007_988813988.jpg,7,7
639517320_1090604988.jpg,9,9
810015280_58974988.jpg,7,7
1582079076_4206345989.jpg,6,7
2059181874_1864318989.jpg,6,6
2237844318_2469849989.jpg,1,1
251188275_3699126989.jpg,13,13
2526221284_3244225989.jpg,10,10
2777112668_3081492989.jpg,10,3
2875718999_2524236989.jpg,3,3
3445417191_2474854989.jpg,6,8
3707078867_2895681989.jpg,7,7
3710975362_202780989.jpg,9,9
3752977484_3222053989.jpg,1,9
525647065_3183242989.jpg,1,1
63117877_2459868989.jpg,8,8
643912280_4116163989.jpg,10,10
714170418_3293074989.jpg,8,8
1153365100_1576664990.jpg,6,6
1242949103_1172928990.jpg,11,11
1274830135_1542244990.jpg,6,6
1373740827_2144409990.jpg,13,13
1399141093_3748254990.jpg,6,9
1529088840_1698819990.jpg,8,0
225972506_2058009990.jpg,7,7
2385839942_714655990.jpg,6,5
2482751700_2591223990.jpg,9,9
260443768_779517990.jpg,2,0
2678902504_1076613990.jpg,4,11
2801377604_3988718990.jpg,3,3
2925442746_852773990.jpg,12,12
3118489479_251105990.jpg,3,0
3219598767_4281098990.jpg,12,3
3386691349_2339619990.jpg,8,6
3846675411_2939160990.jpg,5,5
4209949167_2677708990.jpg,11,11
485944977_3270094990.jpg,13,13
52840885_3057482990.jpg,10,10
712344289_341065990.jpg,1,11
1016678350_3677080991.jpg,9,9
126325907_4171816991.jpg,2,5
1627512008_3328132991.jpg,8,8
1645020949_2195292991.jpg,12,12
1791436457_4065501991.jpg,4,2
1989582103_2333688991.jpg,8,12
2035309350_1852340991.jpg,10,10
2078699579_1934164991.jpg,11,11
2265259114_2102286991.jpg,1,1
2372594469_3271992991.jpg,1,1
243549440_484955991.jpg,5,7
2865946925_1343398991.jpg,5,7
2879171129_2411938991.jpg,4,2
2996409507_1369874991.jpg,9,9
3003681179_2318588991.jpg,3,11
3069484455_2310757991.jpg,13,13
3257053914_316183991.jpg,13,13
3302863049_204205991.jpg,0,1
3334551753_1584643991.jpg,8,7
344547890_1962567991.jpg,9,9
3850118844_3374027991.jpg,11,11
3885828268_225742991.jpg,13,13
4078158264_2076293991.jpg,13,12
4135359097_138713991.jpg,4,2
463239949_3280677991.jpg,1,0
492546582_1579756991.jpg,12,12
636949938_3748854991.jpg,11,11
1076401949_1864556992.jpg,10,10
1105377934_3326638992.jpg,12,13
1266436939_2497783992.jpg,6,8
1386789598_1697030992.jpg,11,11
1433480854_2889422992.jpg,0,0
1453343890_1373437992.jpg,7,7
150248531_2558896992.jpg,1,11
1856623029_2724018992.jpg,9,9
2020997889_953702992.jpg,6,6
2095578563_4118611992.jpg,4,2
2131912316_3406298992.jpg,9,9
2192344101_908743992.jpg,0,5
2245656047_495441992.jpg,5,5
2498946526_1746642992.jpg,10,10
2624967049_1816637992.jpg,2,1
2912283424_623887992.jpg,1,1
3090186205_715256992.jpg,9,8
3099740453_174785992.jpg,11,11
324300841_1610530992.jpg,10,10
3296472815_3528130992.jpg,6,6
3307224484_2031538992.jpg,10,10
3366327306_3261222992.jpg,9,9
3402600384_4240933992.jpg,12,11
3429924259_73253992.jpg,6,8
3448693720_3009062992.jpg,0,0
3862237189_3315073992.jpg,0,0
3876585716_3515938992.jpg,6,6
4012691412_4185035992.jpg,0,0
4018934886_3045467992.jpg,13,13
4141643603_2404116992.jpg,3,0
4206664189_1359673992.jpg,11,11
435781756_2620648992.jpg,1,2
657971452_2004679992.jpg,6,1
742103830_3093056992.jpg,13,13
820953320_3064263992.jpg,10,10
855117763_399274992.jpg,10,10
1114516570_741289993.jpg,9,9
1230068379_497998993.jpg,8,8
1350526832_1770742993.jpg,13,11
1750619154_2461908993.jpg,11,11
1982147090_3484623993.jpg,5,7
237362189_399924993.jpg,4,4
2394629294_3053281993.jpg,11,11
2492803262_2124265993.jpg,11,11
2627854693_2601001993.jpg,13,13
2628471247_2892397993.jpg,5,5
2636654408_2760836993.jpg,5,12
2691798685_2978797993.jpg,12,11
2917207948_1826575993.jpg,1,1
3114247613_3732746993.jpg,0,2
3628584127_896286993.jpg,12,0
3860072125_17437993.jpg,1,1
3869549767_3939841993.jpg,2,4
3955770045_770187993.jpg,11,0
4054080021_1698469993.jpg,13,13
4088563954_686709993.jpg,10,10
4116774947_2415162993.jpg,9,9
4171753090_2271717993.jpg,9,9
478038494_3765954993.jpg,11,11
583035712_592472993.jpg,3,3
588434641_2288887993.jpg,10,10
782804428_515850993.jpg,6,6
1097136186_1386901994.jpg,4,11
1190315603_3093304994.jpg,1,1
1333253324_21359994.jpg,0,0
1391923923_2919127994.jpg,12,11
1414475932_3374324994.jpg,3,1
1424312212_3325475994.jpg,1,1
1426013191_2830837994.jpg,9,9
1447122607_3270936994.jpg,10,10
1505974513_2474758994.jpg,11,11
1694749131_2908317994.jpg,10,10
1737889049_3092407994.jpg,2,4
2220138519_2495838994.jpg,9,9
2230167678_1647844994.jpg,10,10
2402559475_977185994.jpg,1,12
2426543102_167039994.jpg,9,9
2432983422_1184435994.jpg,11,11
2563584736_1112638994.jpg,3,3
2581956599_371704994.jpg,13,13
2626571961_745260994.jpg,5,5
2651086546_3335779994.jpg,4,2
2667932909_3686375994.jpg,3,3
2726535919_2232737994.jpg,8,11
2760598114_2620167994.jpg,12,12
2869637078_1391152994.jpg,4,13
2906205489_4026896994.jpg,3,3
3213381995_36920994.jpg,5,7
3227055143_1674436994.jpg,4,2
3230218289_1313672994.jpg,9,2
3309665155_3993086994.jpg,5,5
3444964933_1857262994.jpg,1,1
3794390195_4260905994.jpg,8,8
446216055_1995479994.jpg,2,4
491479064_1540476994.jpg,11,11
610942146_34629994.jpg,12,11
82585810_2416025994.jpg,3,1
950052669_3468400994.jpg,10,10
1104839689_3133748995.jpg,11,12
1220782178_94581995.jpg,9,9
1229780433_3319462995.jpg,12,12
1348839860_4011900995.jpg,0,11
135913096_4179263995.jpg,12,11
1910972133_2848908995.jpg,2,0
1929250143_802434995.jpg,12,12
2153182784_3533572995.jpg,12,12
2193540817_1748880995.jpg,12,11
2203597436_2222126995.jpg,3,3
2293028121_3825025995.jpg,8,8
2715574596_3847951995.jpg,4,2
2777202693_4270008995.jpg,10,10
2783010658_1161778995.jpg,13,13
289387889_3446759995.jpg,9,9
2905174532_1215961995.jpg,5,5
297445707_2082530995.jpg,3,0
3112093379_951648995.jpg,10,10
3238735839_243502995.jpg,13,13
347937665_2911963995.jpg,2,2
3706873339_2809356995.jpg,0,0
3712000569_1564047995.jpg,11,11
3979760867_4242436995.jpg,10,10
4123403803_3975049995.jpg,5,4
4181322673_2035160995.jpg,11,11
4197480675_2170889995.jpg,12,12
48615585_730676995.jpg,12,11
601483047_1066218995.jpg,8,8
695830408_1340265995.jpg,9,9
750517033_3395851995.jpg,8,7
1394072358_2509872996.jpg,0,0
156161151_3709970996.jpg,0,11
168147707_3467721996.jpg,5,5
1722538357_1127178996.jpg,7,8
1770529096_492106996.jpg,12,0
1791795389_3006553996.jpg,2,0
1933502631_1872942996.jpg,8,7
2223353136_3468937996.jpg,11,11
2365135015_2529953996.jpg,5,5
2496007253_1469308996.jpg,6,6
2784007483_503894996.jpg,1,1
2857368604_2330622996.jpg,5,5
2893781052_3827560996.jpg,0,0
3045868635_3346373996.jpg,9,7
3120366742_2122665996.jpg,8,12
3171491174_4192898996.jpg,10,10
3293190005_1870281996.jpg,3,3
3328840714_265850996.jpg,3,3
3533167474_638899996.jpg,3,11
3549786668_2397560996.jpg,0,0
356148971_3198295996.jpg,8,6
3601921837_2888713996.jpg,0,0
36870512_4118457996.jpg,13,13
3855792408_1574679996.jpg,1,1
3991632292_3642374996.jpg,11,12
4232488170_3375815996.jpg,3,3
4261424619_2012976996.jpg,1,11
456209233_288195996.jpg,3,3
1141643087_949882997.jpg,12,11
120418649_465227997.jpg,9,9
152791713_2878651997.jpg,11,11
1741990502_2730518997.jpg,11,11
1898447306_2745892997.jpg,10,10
1919191340_1427479997.jpg,5,5
1920179896_843622997.jpg,8,8
2469680400_849363997.jpg,10,10
2541918316_4111943997.jpg,10,10
2690504948_1544256997.jpg,8,8
2841236219_3116506997.jpg,5,5
2860453721_814465997.jpg,10,10
3013902047_914228997.jpg,4,2
3239761555_4158363997.jpg,12,12
3396436618_2594186997.jpg,0,7
3659341882_3482763997.jpg,8,12
3671606837_2017406997.jpg,0,0
3762435922_2579618997.jpg,10,10
3852150789_3231788997.jpg,13,13
3930637508_3253172997.jpg,9,9
3945141058_1448486997.jpg,8,8
4250773610_198175997.jpg,1,1
4258385135_2405181997.jpg,6,7
475020534_3038139997.jpg,5,7
949745869_51349997.jpg,6,7
960262212_3441563997.jpg,10,10
1069195782_3024950998.jpg,0,0
1150920937_3437811998.jpg,11,11
1412969688_223058998.jpg,5,5
159291746_2633668998.jpg,7,1
1631595099_4003250998.jpg,0,0
1637018451_2622653998.jpg,11,6
1646117519_3193243998.jpg,4,0
1768426091_4121518998.jpg,11,11
1896902857_1588336998.jpg,13,9
2256326597_1137065998.jpg,0,0
2274745436_572155998.jpg,13,13
2391904883_4189095998.jpg,3,3
2666635337_2748700998.jpg,0,11
2876994752_894269998.jpg,7,11
2890499835_4136360998.jpg,12,11
293047229_3326212998.jpg,7,7
3148261126_3038037998.jpg,12,12
3423692983_1497207998.jpg,4,2
3469228919_1286629998.jpg,11,11
3543035142_329414998.jpg,9,9
3544749736_4250140998.jpg,1,11
3651216033_2532393998.jpg,6,6
3795273386_1091410998.jpg,10,10
3805441552_403416998.jpg,13,13
3896004152_1575802998.jpg,2,4
4231838532_3774787998.jpg,10,10
682266881_2489211998.jpg,6,7
709923152_2031668998.jpg,11,2
878764262_1980177998.jpg,3,0
94503343_2183372998.jpg,7,5
1484762252_590013999.jpg,6,6
1561961136_2931827999.jpg,13,13
1757285168_733040999.jpg,0,7
1852715300_833259999.jpg,6,6
2021834676_853854999.jpg,7,7
2398493664_1894062999.jpg,13,13
2407042617_1508624999.jpg,10,10
2509798583_1182551999.jpg,3,3
2539241821_683317999.jpg,5,5
3003047835_754268999.jpg,5,0
3317215211_799634999.jpg,1,0
3319661600_3405095999.jpg,13,12
3445214855_21193999.jpg,4,2
3520395758_372820999.jpg,1,1
3730889603_2034143999.jpg,8,6
3745814879_3961383999.jpg,8,8
3794266774_3696726999.jpg,11,0
383230444_34597999.jpg,9,7
3902256173_2066626999.jpg,13,13
4049096442_4268326999.jpg,11,11
437193589_2585650999.jpg,6,6
471878838_2340443999.jpg,12,11
483538170_3568409999.jpg,3,3
496919849_2199016999.jpg,0,0
537088071_1880772999.jpg,3,2
681976325_2217531999.jpg,12,12
717518351_1029281999.jpg,9,9
853882778_2181916999.jpg,9,9
